-- @Integrantes:   Rosales Romero Ricardo
--                 Suaréz Espinoza Mario Alberto
-- @Fecha:         05 de febrero de 2021
-- @Descripcion:   Carga inicial para tablas modulo administracion de usuarios

-- Conectando con el usuario mse_admin_users
connect mse_admin_users/mario

-- Tabla PAIS
alter table PAIS nologging;
INSERT INTO PAIS VALUES(1, 'AF', 'Afganistán');
INSERT INTO PAIS VALUES(2, 'AX', 'Islas Gland');
INSERT INTO PAIS VALUES(3, 'AL', 'Albania');
INSERT INTO PAIS VALUES(4, 'DE', 'Alemania');
INSERT INTO PAIS VALUES(5, 'AD', 'Andorra');
INSERT INTO PAIS VALUES(6, 'AO', 'Angola');
INSERT INTO PAIS VALUES(7, 'AI', 'Anguilla');
INSERT INTO PAIS VALUES(8, 'AQ', 'Antártida');
INSERT INTO PAIS VALUES(9, 'AG', 'Antigua y Barbuda');
INSERT INTO PAIS VALUES(10, 'AN', 'Antillas Holandesas');
INSERT INTO PAIS VALUES(11, 'SA', 'Arabia Saudí');
INSERT INTO PAIS VALUES(12, 'DZ', 'Argelia');
INSERT INTO PAIS VALUES(13, 'AR', 'Argentina');
INSERT INTO PAIS VALUES(14, 'AM', 'Armenia');
INSERT INTO PAIS VALUES(15, 'AW', 'Aruba');
INSERT INTO PAIS VALUES(16, 'AU', 'Australia');
INSERT INTO PAIS VALUES(17, 'AT', 'Austria');
INSERT INTO PAIS VALUES(18, 'AZ', 'Azerbaiyán');
INSERT INTO PAIS VALUES(19, 'BS', 'Bahamas');
INSERT INTO PAIS VALUES(20, 'BH', 'Bahréin');
INSERT INTO PAIS VALUES(21, 'BD', 'Bangladesh');
INSERT INTO PAIS VALUES(22, 'BB', 'Barbados');
INSERT INTO PAIS VALUES(23, 'BY', 'Bielorrusia');
INSERT INTO PAIS VALUES(24, 'BE', 'Bélgica');
INSERT INTO PAIS VALUES(25, 'BZ', 'Belice');
INSERT INTO PAIS VALUES(26, 'BJ', 'Benin');
INSERT INTO PAIS VALUES(27, 'BM', 'Bermudas');
INSERT INTO PAIS VALUES(28, 'BT', 'Bhután');
INSERT INTO PAIS VALUES(29, 'BO', 'Bolivia');
INSERT INTO PAIS VALUES(30, 'BA', 'Bosnia y Herzegovina');
INSERT INTO PAIS VALUES(31, 'BW', 'Botsuana');
INSERT INTO PAIS VALUES(32, 'BV', 'Isla Bouvet');
INSERT INTO PAIS VALUES(33, 'BR', 'Brasil');
INSERT INTO PAIS VALUES(34, 'BN', 'Brunéi');
INSERT INTO PAIS VALUES(35, 'BG', 'Bulgaria');
INSERT INTO PAIS VALUES(36, 'BF', 'Burkina Faso');
INSERT INTO PAIS VALUES(37, 'BI', 'Burundi');
INSERT INTO PAIS VALUES(38, 'CV', 'Cabo Verde');
INSERT INTO PAIS VALUES(39, 'KY', 'Islas Caimán');
INSERT INTO PAIS VALUES(40, 'KH', 'Camboya');
INSERT INTO PAIS VALUES(41, 'CM', 'Camerún');
INSERT INTO PAIS VALUES(42, 'CA', 'Canadá');
INSERT INTO PAIS VALUES(43, 'CF', 'República Centroafricana');
INSERT INTO PAIS VALUES(44, 'TD', 'Chad');
INSERT INTO PAIS VALUES(45, 'CZ', 'República Checa');
INSERT INTO PAIS VALUES(46, 'CL', 'Chile');
INSERT INTO PAIS VALUES(47, 'CN', 'China');
INSERT INTO PAIS VALUES(48, 'CY', 'Chipre');
INSERT INTO PAIS VALUES(49, 'CX', 'Isla de Navidad');
INSERT INTO PAIS VALUES(50, 'VA', 'Ciudad del Vaticano');
INSERT INTO PAIS VALUES(51, 'CC', 'Islas Cocos');
INSERT INTO PAIS VALUES(52, 'CO', 'Colombia');
INSERT INTO PAIS VALUES(53, 'KM', 'Comoras');
INSERT INTO PAIS VALUES(54, 'CD', 'República Democrática del Congo');
INSERT INTO PAIS VALUES(55, 'CG', 'Congo');
INSERT INTO PAIS VALUES(56, 'CK', 'Islas Cook');
INSERT INTO PAIS VALUES(57, 'KP', 'Corea del Norte');
INSERT INTO PAIS VALUES(58, 'KR', 'Corea del Sur');
INSERT INTO PAIS VALUES(59, 'CI', 'Costa de Marfil');
INSERT INTO PAIS VALUES(60, 'CR', 'Costa Rica');
INSERT INTO PAIS VALUES(61, 'HR', 'Croacia');
INSERT INTO PAIS VALUES(62, 'CU', 'Cuba');
INSERT INTO PAIS VALUES(63, 'DK', 'Dinamarca');
INSERT INTO PAIS VALUES(64, 'DM', 'Dominica');
INSERT INTO PAIS VALUES(65, 'DO', 'República Dominicana');
INSERT INTO PAIS VALUES(66, 'EC', 'Ecuador');
INSERT INTO PAIS VALUES(67, 'EG', 'Egipto');
INSERT INTO PAIS VALUES(68, 'SV', 'El Salvador');
INSERT INTO PAIS VALUES(69, 'AE', 'Emiratos Árabes Unidos');
INSERT INTO PAIS VALUES(70, 'ER', 'Eritrea');
INSERT INTO PAIS VALUES(71, 'SK', 'Eslovaquia');
INSERT INTO PAIS VALUES(72, 'SI', 'Eslovenia');
INSERT INTO PAIS VALUES(73, 'ES', 'España');
INSERT INTO PAIS VALUES(74, 'UM', 'Islas ultramarinas de Estados Unidos');
INSERT INTO PAIS VALUES(75, 'US', 'Estados Unidos');
INSERT INTO PAIS VALUES(76, 'EE', 'Estonia');
INSERT INTO PAIS VALUES(77, 'ET', 'Etiopía');
INSERT INTO PAIS VALUES(78, 'FO', 'Islas Feroe');
INSERT INTO PAIS VALUES(79, 'PH', 'Filipinas');
INSERT INTO PAIS VALUES(80, 'FI', 'Finlandia');
INSERT INTO PAIS VALUES(81, 'FJ', 'Fiyi');
INSERT INTO PAIS VALUES(82, 'FR', 'Francia');
INSERT INTO PAIS VALUES(83, 'GA', 'Gabón');
INSERT INTO PAIS VALUES(84, 'GM', 'Gambia');
INSERT INTO PAIS VALUES(85, 'GE', 'Georgia');
INSERT INTO PAIS VALUES(86, 'GS', 'Islas Georgias del Sur Sandwich del Sur');
INSERT INTO PAIS VALUES(87, 'GH', 'Ghana');
INSERT INTO PAIS VALUES(88, 'GI', 'Gibraltar');
INSERT INTO PAIS VALUES(89, 'GD', 'Granada');
INSERT INTO PAIS VALUES(90, 'GR', 'Grecia');
INSERT INTO PAIS VALUES(91, 'GL', 'Groenlandia');
INSERT INTO PAIS VALUES(92, 'GP', 'Guadalupe');
INSERT INTO PAIS VALUES(93, 'GU', 'Guam');
INSERT INTO PAIS VALUES(94, 'GT', 'Guatemala');
INSERT INTO PAIS VALUES(95, 'GF', 'Guayana Francesa');
INSERT INTO PAIS VALUES(96, 'GN', 'Guinea');
INSERT INTO PAIS VALUES(97, 'GQ', 'Guinea Ecuatorial');
INSERT INTO PAIS VALUES(98, 'GW', 'Guinea-Bissau');
INSERT INTO PAIS VALUES(99, 'GY', 'Guyana');
INSERT INTO PAIS VALUES(100, 'HT', 'Haití');
alter table PAIS logging;

-- Tabla BANCO
alter table BANCO nologging;
insert into BANCO (BANCO_ID, NOMBRE, CLAVE, DESCRIPCION) values (1, 'Viacom Inc.', 'VIA', 'et magnis dis parturient montes nascetur ridiculus mus vivamus vestibulum sagittis sapien cum sociis natoque penatibus et magnis dis parturient');
insert into BANCO (BANCO_ID, NOMBRE, CLAVE, DESCRIPCION) values (2, 'Black Income Investment Quality Trust', 'BAF', 'tempus semper est quam pharetra magna ac consequat metus sapien ut nunc vestibulum ante ipsum primis in');
insert into BANCO (BANCO_ID, NOMBRE, CLAVE, DESCRIPCION) values (3, 'Cintas Corporation', 'CTAS', 'sapien a libero nam dui proin leo odio porttitor id consequat in consequat ut nulla sed accumsan felis ut at');
insert into BANCO (BANCO_ID, NOMBRE, CLAVE, DESCRIPCION) values (4, 'Hallador Energy Company', 'HNRG', 'tellus in sagittis dui vel nisl duis ac nibh fusce lacus purus aliquet at feugiat non pretium quis');
insert into BANCO (BANCO_ID, NOMBRE, CLAVE, DESCRIPCION) values (5, 'Scripps Networks Interactive, Inc', 'SNI', 'mauris vulputate elementum nullam varius nulla facilisi cras non velit nec nisi vulputate nonummy');
insert into BANCO (BANCO_ID, NOMBRE, CLAVE, DESCRIPCION) values (6, 'Deutsche Bank AG', 'DXB', 'in faucibus orci luctus et ultrices posuere cubilia curae donec pharetra magna vestibulum aliquet ultrices');
insert into BANCO (BANCO_ID, NOMBRE, CLAVE, DESCRIPCION) values (7, 'Cleveland BioLabs, Inc.', 'CBLI', 'nunc viverra dapibus nulla suscipit ligula in lacus curabitur at ipsum');
insert into BANCO (BANCO_ID, NOMBRE, CLAVE, DESCRIPCION) values (8, 'The Charles Schwab Corporation', 'SCHW^C', 'nec dui luctus rutrum nulla tellus in sagittis dui vel nisl duis ac nibh fusce lacus purus aliquet at feugiat');
insert into BANCO (BANCO_ID, NOMBRE, CLAVE, DESCRIPCION) values (9, 'Whirlpool Corporation', 'WHR', 'ac nulla sed vel enim sit amet nunc viverra dapibus nulla suscipit ligula in lacus curabitur at');
insert into BANCO (BANCO_ID, NOMBRE, CLAVE, DESCRIPCION) values (10, 'Chesapeake Lodging Trust', 'CHSP^A.CL', 'sed interdum venenatis turpis enim blandit mi in porttitor pede justo eu massa donec dapibus duis at velit eu');
insert into BANCO (BANCO_ID, NOMBRE, CLAVE, DESCRIPCION) values (11, 'Urban One, Inc. ', 'UONEK', 'morbi ut odio cras mi pede malesuada in imperdiet et commodo vulputate justo in blandit ultrices enim');
insert into BANCO (BANCO_ID, NOMBRE, CLAVE, DESCRIPCION) values (12, 'Envision Healthcare Corporation', 'EVHC', 'nec condimentum neque sapien placerat ante nulla justo aliquam quis turpis eget');
insert into BANCO (BANCO_ID, NOMBRE, CLAVE, DESCRIPCION) values (13, 'Scotts Miracle-Gro Company (The)', 'SMG', 'vitae nisi nam ultrices libero non mattis pulvinar nulla pede ullamcorper augue a');
insert into BANCO (BANCO_ID, NOMBRE, CLAVE, DESCRIPCION) values (14, 'Vishay Intertechnology, Inc.', 'VSH', 'semper interdum mauris ullamcorper purus sit amet nulla quisque arcu libero rutrum ac lobortis vel dapibus at');
insert into BANCO (BANCO_ID, NOMBRE, CLAVE, DESCRIPCION) values (15, 'First Trust Dorsey Wright Focus 5 ETF', 'FV', 'turpis elementum ligula vehicula consequat morbi a ipsum integer a nibh in quis justo maecenas rhoncus aliquam lacus morbi');
alter table BANCO logging;

-- Tabla USUARIO
alter table USUARIO nologging;
insert into USUARIO (USUARIO_ID, NOMBRE, APELLIDO1, APELLIDO2, CORREO_ELECTRONICO, ESTADO, FOTO_PERFIL, RESENIA, USUARIO, CONSTRASENIA, PAIS_ID, AVAL_ID) values (1, 'Simmonds', 'Dinley', 'Moss', 'smoss0@goodreads.com', 'Asheville', null, 'sapien dignissim vestibulum vestibulum ante ipsum primis in faucibus orci luctus et ultrices posuere cubilia', 'smoss0', 'GS0vqSp0Ux', 94, null);
insert into USUARIO (USUARIO_ID, NOMBRE, APELLIDO1, APELLIDO2, CORREO_ELECTRONICO, ESTADO, FOTO_PERFIL, RESENIA, USUARIO, CONSTRASENIA, PAIS_ID, AVAL_ID) values (2, 'Jason', 'Dairton', 'Casoni', 'jcasoni1@prlog.org', 'Kadugannawa', null, 'vestibulum eget vulputate ut ultrices vel augue vestibulum ante ipsum', 'jcasoni1', 'Wu2kYjXf0', 6, null);
insert into USUARIO (USUARIO_ID, NOMBRE, APELLIDO1, APELLIDO2, CORREO_ELECTRONICO, ESTADO, FOTO_PERFIL, RESENIA, USUARIO, CONSTRASENIA, PAIS_ID, AVAL_ID) values (3, 'Tristam', 'Wardingley', 'Shapter', 'tshapter2@seesaa.net', 'Longmen', null, 'lectus vestibulum quam sapien varius ut blandit non interdum in ante vestibulum ante ipsum primis in faucibus orci luctus et', 'tshapter2', 'gUn8wCWFBZYT', 7, null);
insert into USUARIO (USUARIO_ID, NOMBRE, APELLIDO1, APELLIDO2, CORREO_ELECTRONICO, ESTADO, FOTO_PERFIL, RESENIA, USUARIO, CONSTRASENIA, PAIS_ID, AVAL_ID) values (4, 'Tamar', 'Daly', 'Britian', 'tbritian3@4shared.com', 'La Charité-sur-Loire', null, 'tempus sit amet sem fusce consequat nulla nisl nunc nisl duis bibendum felis sed interdum venenatis turpis enim blandit mi', 'tbritian3', 'bg7TCTCe', 32, null);
insert into USUARIO (USUARIO_ID, NOMBRE, APELLIDO1, APELLIDO2, CORREO_ELECTRONICO, ESTADO, FOTO_PERFIL, RESENIA, USUARIO, CONSTRASENIA, PAIS_ID, AVAL_ID) values (5, 'Josie', 'Ivanenko', 'Sjollema', 'jsjollema4@discovery.com', 'Meicheng', null, 'in ante vestibulum ante ipsum primis in faucibus orci luctus et ultrices posuere', 'jsjollema4', 'nXua4y', 95, null);
insert into USUARIO (USUARIO_ID, NOMBRE, APELLIDO1, APELLIDO2, CORREO_ELECTRONICO, ESTADO, FOTO_PERFIL, RESENIA, USUARIO, CONSTRASENIA, PAIS_ID, AVAL_ID) values (6, 'Elbertine', 'Gulberg', 'Golbourn', 'egolbourn5@de.vu', 'Taber', null, 'at nulla suspendisse potenti cras in purus eu magna vulputate luctus cum sociis natoque penatibus et magnis dis parturient', 'egolbourn5', 'QCa3km8c', 62, null);
insert into USUARIO (USUARIO_ID, NOMBRE, APELLIDO1, APELLIDO2, CORREO_ELECTRONICO, ESTADO, FOTO_PERFIL, RESENIA, USUARIO, CONSTRASENIA, PAIS_ID, AVAL_ID) values (7, 'Shaughn', 'Roskelly', 'Ebourne', 'sebourne6@drupal.org', 'Tangchijie', null, 'at velit vivamus vel nulla eget eros elementum pellentesque quisque porta', 'sebourne6', 'Ku5ckZ2q', 50, null);
insert into USUARIO (USUARIO_ID, NOMBRE, APELLIDO1, APELLIDO2, CORREO_ELECTRONICO, ESTADO, FOTO_PERFIL, RESENIA, USUARIO, CONSTRASENIA, PAIS_ID, AVAL_ID) values (8, 'Douglas', 'Kinson', 'Pearton', 'dpearton7@jigsy.com', 'Chornobay', null, 'ut mauris eget massa tempor convallis nulla neque libero convallis eget eleifend luctus ultricies eu nibh quisque id justo', 'dpearton7', '67i3SqEUdgWA', 64, null);
insert into USUARIO (USUARIO_ID, NOMBRE, APELLIDO1, APELLIDO2, CORREO_ELECTRONICO, ESTADO, FOTO_PERFIL, RESENIA, USUARIO, CONSTRASENIA, PAIS_ID, AVAL_ID) values (9, 'Bernie', 'Franzke', 'Daoust', 'bdaoust8@vistaprint.com', 'Jiwei', null, 'mattis odio donec vitae nisi nam ultrices libero non mattis pulvinar nulla pede ullamcorper augue a suscipit nulla elit ac', 'bdaoust8', 'BvtMZg7X', 43, null);
insert into USUARIO (USUARIO_ID, NOMBRE, APELLIDO1, APELLIDO2, CORREO_ELECTRONICO, ESTADO, FOTO_PERFIL, RESENIA, USUARIO, CONSTRASENIA, PAIS_ID, AVAL_ID) values (10, 'Tonia', 'Kingdon', 'Venditto', 'tvenditto9@tuttocitta.it', 'Paris 19', null, 'vel est donec odio justo sollicitudin ut suscipit a feugiat et eros vestibulum', 'tvenditto9', 'a3ymsTdVj', 6, null);
insert into USUARIO (USUARIO_ID, NOMBRE, APELLIDO1, APELLIDO2, CORREO_ELECTRONICO, ESTADO, FOTO_PERFIL, RESENIA, USUARIO, CONSTRASENIA, PAIS_ID, AVAL_ID) values (11, 'Teirtza', 'McCready', 'Del Castello', 'tdelcastelloa@51.la', 'Lakeland', null, 'sit amet nunc viverra dapibus nulla suscipit ligula in lacus curabitur at ipsum ac tellus semper interdum mauris', 'tdelcastelloa', 'I1D1QuwD', 22, null);
insert into USUARIO (USUARIO_ID, NOMBRE, APELLIDO1, APELLIDO2, CORREO_ELECTRONICO, ESTADO, FOTO_PERFIL, RESENIA, USUARIO, CONSTRASENIA, PAIS_ID, AVAL_ID) values (12, 'Nicole', 'Garrettson', 'Kingerby', 'nkingerbyb@google.ca', 'Kökar', null, 'pellentesque volutpat dui maecenas tristique est et tempus semper est quam pharetra', 'nkingerbyb', 'r2i5ce7Nwe', 49, null);
insert into USUARIO (USUARIO_ID, NOMBRE, APELLIDO1, APELLIDO2, CORREO_ELECTRONICO, ESTADO, FOTO_PERFIL, RESENIA, USUARIO, CONSTRASENIA, PAIS_ID, AVAL_ID) values (13, 'Dominica', 'Unthank', 'Upham', 'duphamc@miibeian.gov.cn', 'Verkhniy Baskunchak', null, 'nullam molestie nibh in lectus pellentesque at nulla suspendisse potenti', 'duphamc', 'I6cl622wxo', 4, null);
insert into USUARIO (USUARIO_ID, NOMBRE, APELLIDO1, APELLIDO2, CORREO_ELECTRONICO, ESTADO, FOTO_PERFIL, RESENIA, USUARIO, CONSTRASENIA, PAIS_ID, AVAL_ID) values (14, 'Ernie', 'Cockings', 'Berrisford', 'eberrisfordd@scientificamerican.com', 'Maloma', null, 'odio in hac habitasse platea dictumst maecenas ut massa quis augue luctus tincidunt nulla mollis molestie lorem quisque ut erat', 'eberrisfordd', 'QWyIK2bs8B4', 46, null);
insert into USUARIO (USUARIO_ID, NOMBRE, APELLIDO1, APELLIDO2, CORREO_ELECTRONICO, ESTADO, FOTO_PERFIL, RESENIA, USUARIO, CONSTRASENIA, PAIS_ID, AVAL_ID) values (15, 'Lara', 'Klasing', 'Ramsbotham', 'lramsbothame@networksolutions.com', 'Jiuxian', null, 'aliquam lacus morbi quis tortor id nulla ultrices aliquet maecenas leo odio condimentum id luctus nec molestie sed justo pellentesque', 'lramsbothame', 'y0sXqcfsDF', 70, null);
insert into USUARIO (USUARIO_ID, NOMBRE, APELLIDO1, APELLIDO2, CORREO_ELECTRONICO, ESTADO, FOTO_PERFIL, RESENIA, USUARIO, CONSTRASENIA, PAIS_ID, AVAL_ID) values (16, 'Huntley', 'Peckett', 'Gilvear', 'hgilvearf@samsung.com', 'Jaciara', null, 'est et tempus semper est quam pharetra magna ac consequat metus sapien ut nunc vestibulum ante ipsum primis in', 'hgilvearf', 'rhkX6Cp8RP', 32, null);
insert into USUARIO (USUARIO_ID, NOMBRE, APELLIDO1, APELLIDO2, CORREO_ELECTRONICO, ESTADO, FOTO_PERFIL, RESENIA, USUARIO, CONSTRASENIA, PAIS_ID, AVAL_ID) values (17, 'Ermentrude', 'McPhillips', 'Bedward', 'ebedwardg@booking.com', 'Ivry-sur-Seine', null, 'id nulla ultrices aliquet maecenas leo odio condimentum id luctus nec molestie sed justo pellentesque viverra pede', 'ebedwardg', 'ZoMSPfRivo', 31, null);
insert into USUARIO (USUARIO_ID, NOMBRE, APELLIDO1, APELLIDO2, CORREO_ELECTRONICO, ESTADO, FOTO_PERFIL, RESENIA, USUARIO, CONSTRASENIA, PAIS_ID, AVAL_ID) values (18, 'Margareta', 'Dunridge', 'Mongin', 'mmonginh@baidu.com', 'Bizana', null, 'vel augue vestibulum rutrum rutrum neque aenean auctor gravida sem praesent', 'mmonginh', '618xGoNd5y', 73, null);
insert into USUARIO (USUARIO_ID, NOMBRE, APELLIDO1, APELLIDO2, CORREO_ELECTRONICO, ESTADO, FOTO_PERFIL, RESENIA, USUARIO, CONSTRASENIA, PAIS_ID, AVAL_ID) values (19, 'Lenee', 'Mattiuzzi', 'Cotilard', 'lcotilardi@cyberchimps.com', 'Pniv', null, 'vulputate luctus cum sociis natoque penatibus et magnis dis parturient montes nascetur', 'lcotilardi', 'kiqmf9', 64, null);
insert into USUARIO (USUARIO_ID, NOMBRE, APELLIDO1, APELLIDO2, CORREO_ELECTRONICO, ESTADO, FOTO_PERFIL, RESENIA, USUARIO, CONSTRASENIA, PAIS_ID, AVAL_ID) values (20, 'Violet', 'Niess', 'Piet', 'vpietj@cyberchimps.com', 'São Mateus', null, 'vivamus vestibulum sagittis sapien cum sociis natoque penatibus et magnis dis parturient montes', 'vpietj', 'bhqVtRQde', 50, null);
insert into USUARIO (USUARIO_ID, NOMBRE, APELLIDO1, APELLIDO2, CORREO_ELECTRONICO, ESTADO, FOTO_PERFIL, RESENIA, USUARIO, CONSTRASENIA, PAIS_ID, AVAL_ID) values (21, 'Valentia', 'Forman', 'Tottle', 'vtottlek@apple.com', 'Sanfins', null, 'cubilia curae donec pharetra magna vestibulum aliquet ultrices erat tortor sollicitudin mi sit amet lobortis', 'vtottlek', 'tcv7DlyhJBLI', 68, null);
insert into USUARIO (USUARIO_ID, NOMBRE, APELLIDO1, APELLIDO2, CORREO_ELECTRONICO, ESTADO, FOTO_PERFIL, RESENIA, USUARIO, CONSTRASENIA, PAIS_ID, AVAL_ID) values (22, 'Chelsie', 'Waterland', 'Bruce', 'cbrucel@dagondesign.com', 'Mełgiew', null, 'felis eu sapien cursus vestibulum proin eu mi nulla ac enim in tempor turpis nec euismod scelerisque quam turpis adipiscing', 'cbrucel', 'oyb1wdw2iDug', 30, null);
insert into USUARIO (USUARIO_ID, NOMBRE, APELLIDO1, APELLIDO2, CORREO_ELECTRONICO, ESTADO, FOTO_PERFIL, RESENIA, USUARIO, CONSTRASENIA, PAIS_ID, AVAL_ID) values (23, 'Trudie', 'Keford', 'Cordelle', 'tcordellem@usatoday.com', 'Bełsznica', null, 'sem mauris laoreet ut rhoncus aliquet pulvinar sed nisl nunc rhoncus dui vel sem sed sagittis', 'tcordellem', 'tnHFCUd1g', 93, null);
insert into USUARIO (USUARIO_ID, NOMBRE, APELLIDO1, APELLIDO2, CORREO_ELECTRONICO, ESTADO, FOTO_PERFIL, RESENIA, USUARIO, CONSTRASENIA, PAIS_ID, AVAL_ID) values (24, 'Cloe', 'Bater', 'Schubart', 'cschubartn@cisco.com', 'Virolahti', null, 'tincidunt eu felis fusce posuere felis sed lacus morbi sem', 'cschubartn', 'K3gJ9IFbh14a', 46, null);
insert into USUARIO (USUARIO_ID, NOMBRE, APELLIDO1, APELLIDO2, CORREO_ELECTRONICO, ESTADO, FOTO_PERFIL, RESENIA, USUARIO, CONSTRASENIA, PAIS_ID, AVAL_ID) values (25, 'Charmine', 'Gorelli', 'Harwell', 'charwello@yolasite.com', 'Hamar', null, 'faucibus orci luctus et ultrices posuere cubilia curae mauris viverra diam vitae quam suspendisse potenti', 'charwello', 'dDefEuX', 43, null);
insert into USUARIO (USUARIO_ID, NOMBRE, APELLIDO1, APELLIDO2, CORREO_ELECTRONICO, ESTADO, FOTO_PERFIL, RESENIA, USUARIO, CONSTRASENIA, PAIS_ID, AVAL_ID) values (26, 'Elfie', 'Coard', 'Creswell', 'ecreswellp@stumbleupon.com', 'Kaduheuleut', null, 'cubilia curae donec pharetra magna vestibulum aliquet ultrices erat tortor sollicitudin mi sit amet lobortis sapien sapien non', 'ecreswellp', '86BSIFsYNW', 85, null);
insert into USUARIO (USUARIO_ID, NOMBRE, APELLIDO1, APELLIDO2, CORREO_ELECTRONICO, ESTADO, FOTO_PERFIL, RESENIA, USUARIO, CONSTRASENIA, PAIS_ID, AVAL_ID) values (27, 'Alys', 'Larcher', 'Cains', 'acainsq@technorati.com', 'Huohua', null, 'sit amet cursus id turpis integer aliquet massa id lobortis convallis tortor', 'acainsq', 'HIQsnBQ3JA', 9, null);
insert into USUARIO (USUARIO_ID, NOMBRE, APELLIDO1, APELLIDO2, CORREO_ELECTRONICO, ESTADO, FOTO_PERFIL, RESENIA, USUARIO, CONSTRASENIA, PAIS_ID, AVAL_ID) values (28, 'Krystal', 'Bellamy', 'Wison', 'kwisonr@rediff.com', 'Oliveira de Frades', null, 'pede ullamcorper augue a suscipit nulla elit ac nulla sed vel enim sit amet', 'kwisonr', '0bYJ0D', 84, null);
insert into USUARIO (USUARIO_ID, NOMBRE, APELLIDO1, APELLIDO2, CORREO_ELECTRONICO, ESTADO, FOTO_PERFIL, RESENIA, USUARIO, CONSTRASENIA, PAIS_ID, AVAL_ID) values (29, 'Fee', 'Marrill', 'Kunkler', 'fkunklers@economist.com', 'Valdivia', null, 'lacinia aenean sit amet justo morbi ut odio cras mi pede malesuada in imperdiet et commodo vulputate justo in blandit', 'fkunklers', 'jDs3N641e', 19, null);
insert into USUARIO (USUARIO_ID, NOMBRE, APELLIDO1, APELLIDO2, CORREO_ELECTRONICO, ESTADO, FOTO_PERFIL, RESENIA, USUARIO, CONSTRASENIA, PAIS_ID, AVAL_ID) values (30, 'Domeniga', 'Hartlebury', 'Kubach', 'dkubacht@marriott.com', 'Mwembe', null, 'lobortis ligula sit amet eleifend pede libero quis orci nullam molestie nibh', 'dkubacht', 'H9poef1', 55, null);
insert into USUARIO (USUARIO_ID, NOMBRE, APELLIDO1, APELLIDO2, CORREO_ELECTRONICO, ESTADO, FOTO_PERFIL, RESENIA, USUARIO, CONSTRASENIA, PAIS_ID, AVAL_ID) values (31, 'Khalil', 'Siemens', 'Hollyar', 'khollyaru@amazonaws.com', 'Rudolfov', null, 'nulla mollis molestie lorem quisque ut erat curabitur gravida nisi at nibh in hac habitasse platea', 'khollyaru', 'KPl65o', 56, null);
insert into USUARIO (USUARIO_ID, NOMBRE, APELLIDO1, APELLIDO2, CORREO_ELECTRONICO, ESTADO, FOTO_PERFIL, RESENIA, USUARIO, CONSTRASENIA, PAIS_ID, AVAL_ID) values (32, 'Harmonie', 'Eede', 'Queyos', 'hqueyosv@hostgator.com', 'Guchang', null, 'fusce lacus purus aliquet at feugiat non pretium quis lectus', 'hqueyosv', 'fPfnYOBThxwu', 89, null);
insert into USUARIO (USUARIO_ID, NOMBRE, APELLIDO1, APELLIDO2, CORREO_ELECTRONICO, ESTADO, FOTO_PERFIL, RESENIA, USUARIO, CONSTRASENIA, PAIS_ID, AVAL_ID) values (33, 'Elly', 'Pachta', 'Werndley', 'ewerndleyw@ifeng.com', 'Mbandjok', null, 'condimentum curabitur in libero ut massa volutpat convallis morbi odio odio elementum eu interdum eu tincidunt in leo', 'ewerndleyw', 'nbwrnqHjyHT', 81, null);
insert into USUARIO (USUARIO_ID, NOMBRE, APELLIDO1, APELLIDO2, CORREO_ELECTRONICO, ESTADO, FOTO_PERFIL, RESENIA, USUARIO, CONSTRASENIA, PAIS_ID, AVAL_ID) values (34, 'Carleton', 'Waye', 'Dightham', 'cdighthamx@so-net.ne.jp', 'El Porvenir', null, 'amet turpis elementum ligula vehicula consequat morbi a ipsum integer a nibh', 'cdighthamx', '095l8KSaj', 26, null);
insert into USUARIO (USUARIO_ID, NOMBRE, APELLIDO1, APELLIDO2, CORREO_ELECTRONICO, ESTADO, FOTO_PERFIL, RESENIA, USUARIO, CONSTRASENIA, PAIS_ID, AVAL_ID) values (35, 'Astrid', 'Sterricker', 'Laugharne', 'alaugharney@hc360.com', 'Seattle', null, 'lectus in est risus auctor sed tristique in tempus sit amet sem fusce', 'alaugharney', 'gByYdjovJJ', 88, null);
insert into USUARIO (USUARIO_ID, NOMBRE, APELLIDO1, APELLIDO2, CORREO_ELECTRONICO, ESTADO, FOTO_PERFIL, RESENIA, USUARIO, CONSTRASENIA, PAIS_ID, AVAL_ID) values (36, 'Gayelord', 'Trask', 'Briffett', 'gbriffettz@cmu.edu', 'Buganda', null, 'morbi non quam nec dui luctus rutrum nulla tellus in sagittis dui vel nisl duis ac nibh', 'gbriffettz', 'jRKy5ian', 57, null);
insert into USUARIO (USUARIO_ID, NOMBRE, APELLIDO1, APELLIDO2, CORREO_ELECTRONICO, ESTADO, FOTO_PERFIL, RESENIA, USUARIO, CONSTRASENIA, PAIS_ID, AVAL_ID) values (37, 'Temple', 'Sames', 'Quenell', 'tquenell10@g.co', 'Kanada', null, 'libero nullam sit amet turpis elementum ligula vehicula consequat morbi a', 'tquenell10', 'aXHi9e5', 43, null);
insert into USUARIO (USUARIO_ID, NOMBRE, APELLIDO1, APELLIDO2, CORREO_ELECTRONICO, ESTADO, FOTO_PERFIL, RESENIA, USUARIO, CONSTRASENIA, PAIS_ID, AVAL_ID) values (38, 'Cyrus', 'Ligertwood', 'Wix', 'cwix11@vimeo.com', 'Lypova Dolyna', null, 'in faucibus orci luctus et ultrices posuere cubilia curae mauris viverra diam vitae quam suspendisse potenti nullam porttitor lacus at', 'cwix11', 't9H9dadl', 37, null);
insert into USUARIO (USUARIO_ID, NOMBRE, APELLIDO1, APELLIDO2, CORREO_ELECTRONICO, ESTADO, FOTO_PERFIL, RESENIA, USUARIO, CONSTRASENIA, PAIS_ID, AVAL_ID) values (39, 'Adeline', 'Gosford', 'Bellelli', 'abellelli12@yahoo.co.jp', 'Călăraşi', null, 'duis ac nibh fusce lacus purus aliquet at feugiat non pretium quis lectus suspendisse potenti in eleifend quam a odio', 'abellelli12', 'EvE6xJIky3Cl', 73, null);
insert into USUARIO (USUARIO_ID, NOMBRE, APELLIDO1, APELLIDO2, CORREO_ELECTRONICO, ESTADO, FOTO_PERFIL, RESENIA, USUARIO, CONSTRASENIA, PAIS_ID, AVAL_ID) values (40, 'Hobey', 'Durning', 'Reskelly', 'hreskelly13@answers.com', 'Kalidawir', null, 'nisi at nibh in hac habitasse platea dictumst aliquam augue', 'hreskelly13', 'hP6XqwcX', 38, null);
insert into USUARIO (USUARIO_ID, NOMBRE, APELLIDO1, APELLIDO2, CORREO_ELECTRONICO, ESTADO, FOTO_PERFIL, RESENIA, USUARIO, CONSTRASENIA, PAIS_ID, AVAL_ID) values (41, 'Franny', 'Simpkins', 'Boig', 'fboig14@fc2.com', 'Tanqiao', null, 'amet erat nulla tempus vivamus in felis eu sapien cursus vestibulum proin eu', 'fboig14', 'ZXLUgZ2N2Q', 20, null);
insert into USUARIO (USUARIO_ID, NOMBRE, APELLIDO1, APELLIDO2, CORREO_ELECTRONICO, ESTADO, FOTO_PERFIL, RESENIA, USUARIO, CONSTRASENIA, PAIS_ID, AVAL_ID) values (42, 'Teddie', 'Cabrer', 'Dourin', 'tdourin15@jiathis.com', 'Tumbi', null, 'suscipit a feugiat et eros vestibulum ac est lacinia nisi venenatis tristique fusce congue diam id ornare imperdiet sapien urna', 'tdourin15', 'KWpM2240', 89, null);
insert into USUARIO (USUARIO_ID, NOMBRE, APELLIDO1, APELLIDO2, CORREO_ELECTRONICO, ESTADO, FOTO_PERFIL, RESENIA, USUARIO, CONSTRASENIA, PAIS_ID, AVAL_ID) values (43, 'Clarice', 'Malham', 'Fairest', 'cfairest16@nhs.uk', 'Sandwīp', null, 'id ligula suspendisse ornare consequat lectus in est risus auctor sed', 'cfairest16', 'TtWa2P', 69, null);
insert into USUARIO (USUARIO_ID, NOMBRE, APELLIDO1, APELLIDO2, CORREO_ELECTRONICO, ESTADO, FOTO_PERFIL, RESENIA, USUARIO, CONSTRASENIA, PAIS_ID, AVAL_ID) values (44, 'Emilee', 'D''Orsay', 'Byas', 'ebyas17@google.de', 'Waigete', null, 'vehicula condimentum curabitur in libero ut massa volutpat convallis morbi odio', 'ebyas17', 'nWIRW58q3cD', 21, null);
insert into USUARIO (USUARIO_ID, NOMBRE, APELLIDO1, APELLIDO2, CORREO_ELECTRONICO, ESTADO, FOTO_PERFIL, RESENIA, USUARIO, CONSTRASENIA, PAIS_ID, AVAL_ID) values (45, 'Randi', 'Cod', 'Filipic', 'rfilipic18@columbia.edu', 'Paris 15', null, 'felis eu sapien cursus vestibulum proin eu mi nulla ac enim in tempor turpis', 'rfilipic18', 'Aija59sQgYwC', 1, null);
insert into USUARIO (USUARIO_ID, NOMBRE, APELLIDO1, APELLIDO2, CORREO_ELECTRONICO, ESTADO, FOTO_PERFIL, RESENIA, USUARIO, CONSTRASENIA, PAIS_ID, AVAL_ID) values (46, 'Linn', 'Dawe', 'Poyzer', 'lpoyzer19@dot.gov', 'Kampala', null, 'elementum nullam varius nulla facilisi cras non velit nec nisi', 'lpoyzer19', 'tbr9TBT', 54, null);
insert into USUARIO (USUARIO_ID, NOMBRE, APELLIDO1, APELLIDO2, CORREO_ELECTRONICO, ESTADO, FOTO_PERFIL, RESENIA, USUARIO, CONSTRASENIA, PAIS_ID, AVAL_ID) values (47, 'Estelle', 'Springford', 'Mattheissen', 'emattheissen1a@clickbank.net', 'Feondari', null, 'tincidunt nulla mollis molestie lorem quisque ut erat curabitur gravida nisi at nibh in hac habitasse platea dictumst', 'emattheissen1a', 'yUtuko5', 27, null);
insert into USUARIO (USUARIO_ID, NOMBRE, APELLIDO1, APELLIDO2, CORREO_ELECTRONICO, ESTADO, FOTO_PERFIL, RESENIA, USUARIO, CONSTRASENIA, PAIS_ID, AVAL_ID) values (48, 'Kristoffer', 'Poston', 'Jessope', 'kjessope1b@blogs.com', 'Đắk Mil', null, 'sit amet lobortis sapien sapien non mi integer ac neque duis bibendum morbi non quam', 'kjessope1b', 'Le8WobI', 75, null);
insert into USUARIO (USUARIO_ID, NOMBRE, APELLIDO1, APELLIDO2, CORREO_ELECTRONICO, ESTADO, FOTO_PERFIL, RESENIA, USUARIO, CONSTRASENIA, PAIS_ID, AVAL_ID) values (49, 'Viva', 'Reeks', 'Duinbleton', 'vduinbleton1c@google.com.hk', 'Azul', null, 'nulla eget eros elementum pellentesque quisque porta volutpat erat quisque', 'vduinbleton1c', 'Ak2VnB8', 5, null);
insert into USUARIO (USUARIO_ID, NOMBRE, APELLIDO1, APELLIDO2, CORREO_ELECTRONICO, ESTADO, FOTO_PERFIL, RESENIA, USUARIO, CONSTRASENIA, PAIS_ID, AVAL_ID) values (50, 'Lianna', 'Brighouse', 'Tubbs', 'ltubbs1d@odnoklassniki.ru', 'Natal', null, 'ut rhoncus aliquet pulvinar sed nisl nunc rhoncus dui vel sem sed sagittis nam congue risus semper porta volutpat quam', 'ltubbs1d', 'ydDGAz2kdno', 48, null);
insert into USUARIO (USUARIO_ID, NOMBRE, APELLIDO1, APELLIDO2, CORREO_ELECTRONICO, ESTADO, FOTO_PERFIL, RESENIA, USUARIO, CONSTRASENIA, PAIS_ID, AVAL_ID) values (51, 'Carlos', 'Sultana', 'Dunthorne', 'cdunthorne1e@joomla.org', 'Yuci', null, 'morbi non lectus aliquam sit amet diam in magna bibendum imperdiet nullam orci pede venenatis non sodales sed tincidunt', 'cdunthorne1e', 'pt4iHqBW73K', 86, null);
insert into USUARIO (USUARIO_ID, NOMBRE, APELLIDO1, APELLIDO2, CORREO_ELECTRONICO, ESTADO, FOTO_PERFIL, RESENIA, USUARIO, CONSTRASENIA, PAIS_ID, AVAL_ID) values (52, 'Vivi', 'Adamec', 'Guyonnet', 'vguyonnet1f@free.fr', 'Kladanj', null, 'ut massa quis augue luctus tincidunt nulla mollis molestie lorem quisque', 'vguyonnet1f', '3C0KSqVK', 6, null);
insert into USUARIO (USUARIO_ID, NOMBRE, APELLIDO1, APELLIDO2, CORREO_ELECTRONICO, ESTADO, FOTO_PERFIL, RESENIA, USUARIO, CONSTRASENIA, PAIS_ID, AVAL_ID) values (53, 'Avictor', 'Wattinham', 'MacChaell', 'amacchaell1g@answers.com', 'Nowe', null, 'phasellus sit amet erat nulla tempus vivamus in felis eu sapien cursus vestibulum proin eu mi', 'amacchaell1g', 'TzV5Sw', 82, null);
insert into USUARIO (USUARIO_ID, NOMBRE, APELLIDO1, APELLIDO2, CORREO_ELECTRONICO, ESTADO, FOTO_PERFIL, RESENIA, USUARIO, CONSTRASENIA, PAIS_ID, AVAL_ID) values (54, 'Barb', 'Emma', 'Emmer', 'bemmer1h@zimbio.com', 'Cueto', null, 'sit amet turpis elementum ligula vehicula consequat morbi a ipsum integer a nibh in', 'bemmer1h', 'c0e7O3QQj', 95, null);
insert into USUARIO (USUARIO_ID, NOMBRE, APELLIDO1, APELLIDO2, CORREO_ELECTRONICO, ESTADO, FOTO_PERFIL, RESENIA, USUARIO, CONSTRASENIA, PAIS_ID, AVAL_ID) values (55, 'Ernaline', 'Aleksandrev', 'Gillibrand', 'egillibrand1i@microsoft.com', 'Kadubamban', null, 'nisi vulputate nonummy maecenas tincidunt lacus at velit vivamus vel nulla eget eros elementum', 'egillibrand1i', 'zql0RH173Jv', 2, null);
insert into USUARIO (USUARIO_ID, NOMBRE, APELLIDO1, APELLIDO2, CORREO_ELECTRONICO, ESTADO, FOTO_PERFIL, RESENIA, USUARIO, CONSTRASENIA, PAIS_ID, AVAL_ID) values (56, 'Happy', 'Fricker', 'Scotland', 'hscotland1j@ask.com', 'Zaoxi', null, 'consequat dui nec nisi volutpat eleifend donec ut dolor morbi vel lectus in', 'hscotland1j', 'a0wlbK5eVLt', 99, null);
insert into USUARIO (USUARIO_ID, NOMBRE, APELLIDO1, APELLIDO2, CORREO_ELECTRONICO, ESTADO, FOTO_PERFIL, RESENIA, USUARIO, CONSTRASENIA, PAIS_ID, AVAL_ID) values (57, 'Ricky', 'Dodge', 'Harbottle', 'rharbottle1k@google.nl', 'Bum Bum', null, 'consequat morbi a ipsum integer a nibh in quis justo maecenas rhoncus aliquam lacus morbi quis tortor id', 'rharbottle1k', 'ZQ0lrIQpDM', 18, null);
insert into USUARIO (USUARIO_ID, NOMBRE, APELLIDO1, APELLIDO2, CORREO_ELECTRONICO, ESTADO, FOTO_PERFIL, RESENIA, USUARIO, CONSTRASENIA, PAIS_ID, AVAL_ID) values (58, 'Mylo', 'Furman', 'Iannuzzelli', 'miannuzzelli1l@cmu.edu', 'Zuhu', null, 'sapien urna pretium nisl ut volutpat sapien arcu sed augue aliquam erat volutpat in congue etiam justo', 'miannuzzelli1l', 'QF5Fn1oPzIL', 39, null);
insert into USUARIO (USUARIO_ID, NOMBRE, APELLIDO1, APELLIDO2, CORREO_ELECTRONICO, ESTADO, FOTO_PERFIL, RESENIA, USUARIO, CONSTRASENIA, PAIS_ID, AVAL_ID) values (59, 'Emory', 'Dog', 'Tussaine', 'etussaine1m@adobe.com', 'Abaca', null, 'sit amet turpis elementum ligula vehicula consequat morbi a ipsum integer a nibh in quis justo maecenas rhoncus', 'etussaine1m', 'ZVa4S1HDZlfy', 99, null);
insert into USUARIO (USUARIO_ID, NOMBRE, APELLIDO1, APELLIDO2, CORREO_ELECTRONICO, ESTADO, FOTO_PERFIL, RESENIA, USUARIO, CONSTRASENIA, PAIS_ID, AVAL_ID) values (60, 'Hilario', 'Machin', 'Eckery', 'heckery1n@mapy.cz', 'Qal‘ah-ye Kūf', null, 'at velit eu est congue elementum in hac habitasse platea dictumst morbi vestibulum velit id', 'heckery1n', 'YCig1ZpLR3', 46, null);
insert into USUARIO (USUARIO_ID, NOMBRE, APELLIDO1, APELLIDO2, CORREO_ELECTRONICO, ESTADO, FOTO_PERFIL, RESENIA, USUARIO, CONSTRASENIA, PAIS_ID, AVAL_ID) values (61, 'Perri', 'Decreuze', 'Andrivot', 'pandrivot1o@psu.edu', 'Thị Trấn Mường Khến', null, 'dui luctus rutrum nulla tellus in sagittis dui vel nisl duis ac nibh fusce lacus purus aliquet', 'pandrivot1o', 'C1FYJcneB', 67, null);
insert into USUARIO (USUARIO_ID, NOMBRE, APELLIDO1, APELLIDO2, CORREO_ELECTRONICO, ESTADO, FOTO_PERFIL, RESENIA, USUARIO, CONSTRASENIA, PAIS_ID, AVAL_ID) values (62, 'Tremayne', 'Thomsen', 'Roumier', 'troumier1p@nydailynews.com', 'Tshaneni', null, 'lorem id ligula suspendisse ornare consequat lectus in est risus auctor sed tristique in tempus sit amet', 'troumier1p', 'FjUlBeH3gp', 46, null);
insert into USUARIO (USUARIO_ID, NOMBRE, APELLIDO1, APELLIDO2, CORREO_ELECTRONICO, ESTADO, FOTO_PERFIL, RESENIA, USUARIO, CONSTRASENIA, PAIS_ID, AVAL_ID) values (63, 'Bryn', 'Abbay', 'Francke', 'bfrancke1q@vkontakte.ru', 'Itagüí', null, 'ut erat curabitur gravida nisi at nibh in hac habitasse platea dictumst', 'bfrancke1q', 'rg3iRh', 2, null);
insert into USUARIO (USUARIO_ID, NOMBRE, APELLIDO1, APELLIDO2, CORREO_ELECTRONICO, ESTADO, FOTO_PERFIL, RESENIA, USUARIO, CONSTRASENIA, PAIS_ID, AVAL_ID) values (64, 'Derek', 'Kale', 'De Carteret', 'ddecarteret1r@pagesperso-orange.fr', 'Chroustovice', null, 'posuere cubilia curae donec pharetra magna vestibulum aliquet ultrices erat tortor sollicitudin mi sit amet', 'ddecarteret1r', 'Nc13y0A34ZF', 76, null);
insert into USUARIO (USUARIO_ID, NOMBRE, APELLIDO1, APELLIDO2, CORREO_ELECTRONICO, ESTADO, FOTO_PERFIL, RESENIA, USUARIO, CONSTRASENIA, PAIS_ID, AVAL_ID) values (65, 'Lisha', 'Purshouse', 'O''Driscole', 'lodriscole1s@discovery.com', 'Temirtau', null, 'magna bibendum imperdiet nullam orci pede venenatis non sodales sed tincidunt eu felis fusce posuere felis sed lacus', 'lodriscole1s', '0pEjmK', 57, null);
insert into USUARIO (USUARIO_ID, NOMBRE, APELLIDO1, APELLIDO2, CORREO_ELECTRONICO, ESTADO, FOTO_PERFIL, RESENIA, USUARIO, CONSTRASENIA, PAIS_ID, AVAL_ID) values (66, 'Heddie', 'Dummett', 'Butchard', 'hbutchard1t@photobucket.com', 'Tukuyu', null, 'vestibulum proin eu mi nulla ac enim in tempor turpis nec euismod scelerisque quam turpis adipiscing', 'hbutchard1t', 'PrbsNc', 61, null);
insert into USUARIO (USUARIO_ID, NOMBRE, APELLIDO1, APELLIDO2, CORREO_ELECTRONICO, ESTADO, FOTO_PERFIL, RESENIA, USUARIO, CONSTRASENIA, PAIS_ID, AVAL_ID) values (67, 'Chantalle', 'Demer', 'Fegan', 'cfegan1u@over-blog.com', 'Gävle', null, 'pharetra magna ac consequat metus sapien ut nunc vestibulum ante ipsum primis in faucibus orci luctus et ultrices', 'cfegan1u', 'MsrcXvKd', 97, null);
insert into USUARIO (USUARIO_ID, NOMBRE, APELLIDO1, APELLIDO2, CORREO_ELECTRONICO, ESTADO, FOTO_PERFIL, RESENIA, USUARIO, CONSTRASENIA, PAIS_ID, AVAL_ID) values (68, 'Bobbe', 'Hildrew', 'Duffitt', 'bduffitt1v@simplemachines.org', 'Ḩadīdah', null, 'ac nibh fusce lacus purus aliquet at feugiat non pretium quis lectus suspendisse potenti in', 'bduffitt1v', 'MCyzfsVv', 96, null);
insert into USUARIO (USUARIO_ID, NOMBRE, APELLIDO1, APELLIDO2, CORREO_ELECTRONICO, ESTADO, FOTO_PERFIL, RESENIA, USUARIO, CONSTRASENIA, PAIS_ID, AVAL_ID) values (69, 'Amie', 'Inwood', 'Woodlands', 'awoodlands1w@plala.or.jp', 'Karagay', null, 'in libero ut massa volutpat convallis morbi odio odio elementum eu interdum eu', 'awoodlands1w', 'WmC4UzVJEr', 54, null);
insert into USUARIO (USUARIO_ID, NOMBRE, APELLIDO1, APELLIDO2, CORREO_ELECTRONICO, ESTADO, FOTO_PERFIL, RESENIA, USUARIO, CONSTRASENIA, PAIS_ID, AVAL_ID) values (70, 'Anneliese', 'Narramore', 'Coldham', 'acoldham1x@ehow.com', 'Saint-Louis', null, 'quisque ut erat curabitur gravida nisi at nibh in hac habitasse platea dictumst', 'acoldham1x', 'R7kSpW3Q7', 25, null);
insert into USUARIO (USUARIO_ID, NOMBRE, APELLIDO1, APELLIDO2, CORREO_ELECTRONICO, ESTADO, FOTO_PERFIL, RESENIA, USUARIO, CONSTRASENIA, PAIS_ID, AVAL_ID) values (71, 'Bordie', 'Moreside', 'Degenhardt', 'bdegenhardt1y@upenn.edu', 'Sulūk', null, 'fringilla rhoncus mauris enim leo rhoncus sed vestibulum sit amet cursus id turpis integer aliquet massa id lobortis', 'bdegenhardt1y', 'otrDED35N0E', 42, null);
insert into USUARIO (USUARIO_ID, NOMBRE, APELLIDO1, APELLIDO2, CORREO_ELECTRONICO, ESTADO, FOTO_PERFIL, RESENIA, USUARIO, CONSTRASENIA, PAIS_ID, AVAL_ID) values (72, 'Neill', 'Oriel', 'Ornelas', 'nornelas1z@theatlantic.com', 'Santuario', null, 'duis consequat dui nec nisi volutpat eleifend donec ut dolor morbi vel lectus in quam fringilla rhoncus mauris enim leo', 'nornelas1z', 'tHXrvM8', 35, null);
insert into USUARIO (USUARIO_ID, NOMBRE, APELLIDO1, APELLIDO2, CORREO_ELECTRONICO, ESTADO, FOTO_PERFIL, RESENIA, USUARIO, CONSTRASENIA, PAIS_ID, AVAL_ID) values (73, 'Helyn', 'Grealey', 'Ivanchov', 'hivanchov20@google.nl', 'Abovyan', null, 'aliquam quis turpis eget elit sodales scelerisque mauris sit amet eros suspendisse accumsan', 'hivanchov20', 'gdey0kJh6oHA', 99, null);
insert into USUARIO (USUARIO_ID, NOMBRE, APELLIDO1, APELLIDO2, CORREO_ELECTRONICO, ESTADO, FOTO_PERFIL, RESENIA, USUARIO, CONSTRASENIA, PAIS_ID, AVAL_ID) values (74, 'Cordelie', 'Edmeades', 'Redihalgh', 'credihalgh21@soup.io', 'Shantoudian', null, 'eget elit sodales scelerisque mauris sit amet eros suspendisse accumsan tortor quis turpis sed ante vivamus tortor duis mattis egestas', 'credihalgh21', 'chCGJSDnqR', 30, null);
insert into USUARIO (USUARIO_ID, NOMBRE, APELLIDO1, APELLIDO2, CORREO_ELECTRONICO, ESTADO, FOTO_PERFIL, RESENIA, USUARIO, CONSTRASENIA, PAIS_ID, AVAL_ID) values (75, 'Rand', 'Gipp', 'Drew-Clifton', 'rdrewclifton22@blinklist.com', 'Mengdadazhuang', null, 'vestibulum ante ipsum primis in faucibus orci luctus et ultrices posuere cubilia curae donec pharetra magna vestibulum aliquet ultrices erat', 'rdrewclifton22', 'wqqJZlMD4Ia', 3, null);
insert into USUARIO (USUARIO_ID, NOMBRE, APELLIDO1, APELLIDO2, CORREO_ELECTRONICO, ESTADO, FOTO_PERFIL, RESENIA, USUARIO, CONSTRASENIA, PAIS_ID, AVAL_ID) values (76, 'Abdul', 'Strettle', 'Ledner', 'aledner23@dot.gov', 'Quaraí', null, 'congue elementum in hac habitasse platea dictumst morbi vestibulum velit id pretium', 'aledner23', '7kVK27T', 66, null);
insert into USUARIO (USUARIO_ID, NOMBRE, APELLIDO1, APELLIDO2, CORREO_ELECTRONICO, ESTADO, FOTO_PERFIL, RESENIA, USUARIO, CONSTRASENIA, PAIS_ID, AVAL_ID) values (77, 'Bonny', 'Ginner', 'Shuker', 'bshuker24@europa.eu', 'Beaumont', null, 'adipiscing elit proin risus praesent lectus vestibulum quam sapien varius ut', 'bshuker24', 'EgmOCJn', 2, null);
insert into USUARIO (USUARIO_ID, NOMBRE, APELLIDO1, APELLIDO2, CORREO_ELECTRONICO, ESTADO, FOTO_PERFIL, RESENIA, USUARIO, CONSTRASENIA, PAIS_ID, AVAL_ID) values (78, 'Jamill', 'Pods', 'Iveans', 'jiveans25@google.cn', 'Cikaras', null, 'nullam porttitor lacus at turpis donec posuere metus vitae ipsum aliquam non mauris morbi non lectus aliquam', 'jiveans25', 'RSDvoHOkuVQ', 25, null);
insert into USUARIO (USUARIO_ID, NOMBRE, APELLIDO1, APELLIDO2, CORREO_ELECTRONICO, ESTADO, FOTO_PERFIL, RESENIA, USUARIO, CONSTRASENIA, PAIS_ID, AVAL_ID) values (79, 'Frederick', 'Phateplace', 'Mum', 'fmum26@i2i.jp', 'São Francisco do Conde', null, 'tortor risus dapibus augue vel accumsan tellus nisi eu orci mauris lacinia sapien quis libero nullam sit amet', 'fmum26', '9ituAjsY', 39, null);
insert into USUARIO (USUARIO_ID, NOMBRE, APELLIDO1, APELLIDO2, CORREO_ELECTRONICO, ESTADO, FOTO_PERFIL, RESENIA, USUARIO, CONSTRASENIA, PAIS_ID, AVAL_ID) values (80, 'Fionna', 'Loudwell', 'Joseph', 'fjoseph27@senate.gov', 'Tambong', null, 'risus dapibus augue vel accumsan tellus nisi eu orci mauris', 'fjoseph27', 'gHX27rW', 48, null);
insert into USUARIO (USUARIO_ID, NOMBRE, APELLIDO1, APELLIDO2, CORREO_ELECTRONICO, ESTADO, FOTO_PERFIL, RESENIA, USUARIO, CONSTRASENIA, PAIS_ID, AVAL_ID) values (81, 'Roshelle', 'Aleksankin', 'Clegg', 'rclegg28@youku.com', 'Calabaca', null, 'mi integer ac neque duis bibendum morbi non quam nec', 'rclegg28', 'mJqzdN9GVL', 55, null);
insert into USUARIO (USUARIO_ID, NOMBRE, APELLIDO1, APELLIDO2, CORREO_ELECTRONICO, ESTADO, FOTO_PERFIL, RESENIA, USUARIO, CONSTRASENIA, PAIS_ID, AVAL_ID) values (82, 'Dylan', 'Bonevant', 'Tuke', 'dtuke29@facebook.com', 'Grand Rapids', null, 'natoque penatibus et magnis dis parturient montes nascetur ridiculus mus etiam vel augue vestibulum rutrum rutrum neque', 'dtuke29', '7CojaZ4', 19, null);
insert into USUARIO (USUARIO_ID, NOMBRE, APELLIDO1, APELLIDO2, CORREO_ELECTRONICO, ESTADO, FOTO_PERFIL, RESENIA, USUARIO, CONSTRASENIA, PAIS_ID, AVAL_ID) values (83, 'Dawn', 'McCloughlin', 'Zoane', 'dzoane2a@qq.com', 'Hadakewa', null, 'pellentesque eget nunc donec quis orci eget orci vehicula condimentum', 'dzoane2a', '9KpjOZuu', 15, null);
insert into USUARIO (USUARIO_ID, NOMBRE, APELLIDO1, APELLIDO2, CORREO_ELECTRONICO, ESTADO, FOTO_PERFIL, RESENIA, USUARIO, CONSTRASENIA, PAIS_ID, AVAL_ID) values (84, 'Mohammed', 'MacInerney', 'Cory', 'mcory2b@wufoo.com', 'Baraguá', null, 'maecenas rhoncus aliquam lacus morbi quis tortor id nulla ultrices aliquet maecenas leo odio condimentum id luctus', 'mcory2b', 'A2QzJk', 36, null);
insert into USUARIO (USUARIO_ID, NOMBRE, APELLIDO1, APELLIDO2, CORREO_ELECTRONICO, ESTADO, FOTO_PERFIL, RESENIA, USUARIO, CONSTRASENIA, PAIS_ID, AVAL_ID) values (85, 'Gertrude', 'Johanning', 'Hayer', 'ghayer2c@purevolume.com', 'Kandava', null, 'in porttitor pede justo eu massa donec dapibus duis at velit eu est congue elementum', 'ghayer2c', 'wJLeZTe', 93, null);
insert into USUARIO (USUARIO_ID, NOMBRE, APELLIDO1, APELLIDO2, CORREO_ELECTRONICO, ESTADO, FOTO_PERFIL, RESENIA, USUARIO, CONSTRASENIA, PAIS_ID, AVAL_ID) values (86, 'Sammy', 'Keble', 'Riggs', 'sriggs2d@paginegialle.it', 'Guaitarilla', null, 'eu massa donec dapibus duis at velit eu est congue elementum in', 'sriggs2d', 'uDCT8Mmq', 60, null);
insert into USUARIO (USUARIO_ID, NOMBRE, APELLIDO1, APELLIDO2, CORREO_ELECTRONICO, ESTADO, FOTO_PERFIL, RESENIA, USUARIO, CONSTRASENIA, PAIS_ID, AVAL_ID) values (87, 'Vern', 'Bramstom', 'Stockney', 'vstockney2e@slashdot.org', 'Ermelo', null, 'sit amet diam in magna bibendum imperdiet nullam orci pede venenatis non sodales sed tincidunt eu felis fusce posuere', 'vstockney2e', 'kpNXlMB2', 30, null);
insert into USUARIO (USUARIO_ID, NOMBRE, APELLIDO1, APELLIDO2, CORREO_ELECTRONICO, ESTADO, FOTO_PERFIL, RESENIA, USUARIO, CONSTRASENIA, PAIS_ID, AVAL_ID) values (88, 'Lorant', 'Everest', 'Jimmes', 'ljimmes2f@soundcloud.com', 'Tijão', null, 'porttitor id consequat in consequat ut nulla sed accumsan felis ut at dolor', 'ljimmes2f', 'KY2e6C8n2', 14, null);
insert into USUARIO (USUARIO_ID, NOMBRE, APELLIDO1, APELLIDO2, CORREO_ELECTRONICO, ESTADO, FOTO_PERFIL, RESENIA, USUARIO, CONSTRASENIA, PAIS_ID, AVAL_ID) values (89, 'Allyn', 'Trawin', 'Decourcy', 'adecourcy2g@gravatar.com', 'Sanqishi', null, 'et tempus semper est quam pharetra magna ac consequat metus sapien ut nunc vestibulum ante', 'adecourcy2g', 'gG5CcQtQs0', 70, null);
insert into USUARIO (USUARIO_ID, NOMBRE, APELLIDO1, APELLIDO2, CORREO_ELECTRONICO, ESTADO, FOTO_PERFIL, RESENIA, USUARIO, CONSTRASENIA, PAIS_ID, AVAL_ID) values (90, 'Vincents', 'Warbys', 'Tonry', 'vtonry2h@lycos.com', 'Dahu', null, 'id turpis integer aliquet massa id lobortis convallis tortor risus dapibus', 'vtonry2h', 'uFdakeShCEGw', 86, null);
insert into USUARIO (USUARIO_ID, NOMBRE, APELLIDO1, APELLIDO2, CORREO_ELECTRONICO, ESTADO, FOTO_PERFIL, RESENIA, USUARIO, CONSTRASENIA, PAIS_ID, AVAL_ID) values (91, 'Kellsie', 'Savidge', 'Gouley', 'kgouley2i@cbsnews.com', 'Linhó', null, 'at velit eu est congue elementum in hac habitasse platea', 'kgouley2i', 's5YlUu9', 84, null);
insert into USUARIO (USUARIO_ID, NOMBRE, APELLIDO1, APELLIDO2, CORREO_ELECTRONICO, ESTADO, FOTO_PERFIL, RESENIA, USUARIO, CONSTRASENIA, PAIS_ID, AVAL_ID) values (92, 'Rona', 'Marchant', 'Molesworth', 'rmolesworth2j@kickstarter.com', 'Pacobamba', null, 'quis orci nullam molestie nibh in lectus pellentesque at nulla suspendisse potenti cras in purus eu magna vulputate', 'rmolesworth2j', 'I88vOHDIff', 69, null);
insert into USUARIO (USUARIO_ID, NOMBRE, APELLIDO1, APELLIDO2, CORREO_ELECTRONICO, ESTADO, FOTO_PERFIL, RESENIA, USUARIO, CONSTRASENIA, PAIS_ID, AVAL_ID) values (93, 'Jody', 'Smeall', 'Dalla', 'jdalla2k@mediafire.com', 'Delgermörön', null, 'ut at dolor quis odio consequat varius integer ac leo pellentesque ultrices mattis odio donec vitae', 'jdalla2k', 'KGhnjb', 14, null);
insert into USUARIO (USUARIO_ID, NOMBRE, APELLIDO1, APELLIDO2, CORREO_ELECTRONICO, ESTADO, FOTO_PERFIL, RESENIA, USUARIO, CONSTRASENIA, PAIS_ID, AVAL_ID) values (94, 'Malcolm', 'Sanches', 'Figge', 'mfigge2l@squarespace.com', 'Stepanivka', null, 'erat tortor sollicitudin mi sit amet lobortis sapien sapien non mi integer ac neque duis bibendum morbi non quam', 'mfigge2l', 'b1tiwwakb', 79, null);
insert into USUARIO (USUARIO_ID, NOMBRE, APELLIDO1, APELLIDO2, CORREO_ELECTRONICO, ESTADO, FOTO_PERFIL, RESENIA, USUARIO, CONSTRASENIA, PAIS_ID, AVAL_ID) values (95, 'Lorry', 'Friskey', 'Burman', 'lburman2m@gov.uk', 'Des Moines', null, 'luctus et ultrices posuere cubilia curae duis faucibus accumsan odio curabitur convallis', 'lburman2m', 'RJiXdG6d', 82, null);
insert into USUARIO (USUARIO_ID, NOMBRE, APELLIDO1, APELLIDO2, CORREO_ELECTRONICO, ESTADO, FOTO_PERFIL, RESENIA, USUARIO, CONSTRASENIA, PAIS_ID, AVAL_ID) values (96, 'Hurlee', 'Boyland', 'Ashall', 'hashall2n@mtv.com', 'Zuoxi', null, 'accumsan odio curabitur convallis duis consequat dui nec nisi volutpat eleifend donec ut dolor morbi vel lectus in quam fringilla', 'hashall2n', 'vCMtwNVj7', 1, null);
insert into USUARIO (USUARIO_ID, NOMBRE, APELLIDO1, APELLIDO2, CORREO_ELECTRONICO, ESTADO, FOTO_PERFIL, RESENIA, USUARIO, CONSTRASENIA, PAIS_ID, AVAL_ID) values (97, 'Charo', 'Deare', 'Lathee', 'clathee2o@sina.com.cn', 'Hannover', null, 'ac nulla sed vel enim sit amet nunc viverra dapibus nulla suscipit ligula in lacus', 'clathee2o', 'OeZ6AmLmgW', 99, null);
insert into USUARIO (USUARIO_ID, NOMBRE, APELLIDO1, APELLIDO2, CORREO_ELECTRONICO, ESTADO, FOTO_PERFIL, RESENIA, USUARIO, CONSTRASENIA, PAIS_ID, AVAL_ID) values (98, 'Bobinette', 'Boast', 'Sporrij', 'bsporrij2p@twitter.com', 'Bauta', null, 'vitae nisl aenean lectus pellentesque eget nunc donec quis orci eget orci vehicula condimentum curabitur in libero ut massa volutpat', 'bsporrij2p', 'u7EA1hSWlk8', 59, null);
insert into USUARIO (USUARIO_ID, NOMBRE, APELLIDO1, APELLIDO2, CORREO_ELECTRONICO, ESTADO, FOTO_PERFIL, RESENIA, USUARIO, CONSTRASENIA, PAIS_ID, AVAL_ID) values (99, 'Welsh', 'Ellens', 'Le Merchant', 'wlemerchant2q@hugedomains.com', 'Ranot', null, 'luctus nec molestie sed justo pellentesque viverra pede ac diam cras pellentesque volutpat dui maecenas tristique est et tempus', 'wlemerchant2q', '4LpVT8dF9fv', 39, null);
insert into USUARIO (USUARIO_ID, NOMBRE, APELLIDO1, APELLIDO2, CORREO_ELECTRONICO, ESTADO, FOTO_PERFIL, RESENIA, USUARIO, CONSTRASENIA, PAIS_ID, AVAL_ID) values (100, 'Gilda', 'Passby', 'Harfleet', 'gharfleet2r@facebook.com', 'Guadalupe', null, 'duis ac nibh fusce lacus purus aliquet at feugiat non pretium quis lectus suspendisse potenti in eleifend quam a odio', 'gharfleet2r', 'RSHYDsPF9z1h', 48, null);
alter table PAIS logging;

-- Tabla CUENTA_BANCARIA
alter table CUENTA_BANCARIA nologging;
insert into CUENTA_BANCARIA (CUENTA_BANCARIA_ID, RFC, CLABE, USUARIO_ID, BANCO_ID) values (1, '630-69-1888', '669399451234327263', 80, 6);
insert into CUENTA_BANCARIA (CUENTA_BANCARIA_ID, RFC, CLABE, USUARIO_ID, BANCO_ID) values (2, '801-59-0653', '863704863643352476', 25, 8);
insert into CUENTA_BANCARIA (CUENTA_BANCARIA_ID, RFC, CLABE, USUARIO_ID, BANCO_ID) values (3, '368-09-4019', '217294019242727669', 79, 3);
insert into CUENTA_BANCARIA (CUENTA_BANCARIA_ID, RFC, CLABE, USUARIO_ID, BANCO_ID) values (4, '698-10-6293', '424333347271950456', 40, 13);
insert into CUENTA_BANCARIA (CUENTA_BANCARIA_ID, RFC, CLABE, USUARIO_ID, BANCO_ID) values (5, '266-31-0450', '330985966133180516', 88, 15);
insert into CUENTA_BANCARIA (CUENTA_BANCARIA_ID, RFC, CLABE, USUARIO_ID, BANCO_ID) values (6, '475-59-6623', '109981040659085848', 14, 7);
insert into CUENTA_BANCARIA (CUENTA_BANCARIA_ID, RFC, CLABE, USUARIO_ID, BANCO_ID) values (7, '743-51-0444', '757624828008337465', 87, 5);
insert into CUENTA_BANCARIA (CUENTA_BANCARIA_ID, RFC, CLABE, USUARIO_ID, BANCO_ID) values (8, '674-98-0696', '303998846079499995', 50, 4);
insert into CUENTA_BANCARIA (CUENTA_BANCARIA_ID, RFC, CLABE, USUARIO_ID, BANCO_ID) values (9, '690-51-9772', '443868012916027542', 62, 11);
insert into CUENTA_BANCARIA (CUENTA_BANCARIA_ID, RFC, CLABE, USUARIO_ID, BANCO_ID) values (10, '212-61-1857', '555606485221814868', 39, 4);
insert into CUENTA_BANCARIA (CUENTA_BANCARIA_ID, RFC, CLABE, USUARIO_ID, BANCO_ID) values (11, '564-03-8841', '414309954542215008', 93, 12);
insert into CUENTA_BANCARIA (CUENTA_BANCARIA_ID, RFC, CLABE, USUARIO_ID, BANCO_ID) values (12, '739-11-8985', '824815112519581181', 97, 7);
insert into CUENTA_BANCARIA (CUENTA_BANCARIA_ID, RFC, CLABE, USUARIO_ID, BANCO_ID) values (13, '315-50-3129', '986375016030251691', 79, 4);
insert into CUENTA_BANCARIA (CUENTA_BANCARIA_ID, RFC, CLABE, USUARIO_ID, BANCO_ID) values (14, '504-30-5875', '585576007832766255', 91, 3);
insert into CUENTA_BANCARIA (CUENTA_BANCARIA_ID, RFC, CLABE, USUARIO_ID, BANCO_ID) values (15, '323-88-9397', '968806522125964377', 11, 13);
insert into CUENTA_BANCARIA (CUENTA_BANCARIA_ID, RFC, CLABE, USUARIO_ID, BANCO_ID) values (16, '496-79-2196', '120029875297343011', 56, 11);
insert into CUENTA_BANCARIA (CUENTA_BANCARIA_ID, RFC, CLABE, USUARIO_ID, BANCO_ID) values (17, '269-21-7624', '968457047881536175', 56, 13);
insert into CUENTA_BANCARIA (CUENTA_BANCARIA_ID, RFC, CLABE, USUARIO_ID, BANCO_ID) values (18, '689-11-1763', '512907892900842308', 22, 1);
insert into CUENTA_BANCARIA (CUENTA_BANCARIA_ID, RFC, CLABE, USUARIO_ID, BANCO_ID) values (19, '287-69-1532', '019103881877253223', 35, 6);
insert into CUENTA_BANCARIA (CUENTA_BANCARIA_ID, RFC, CLABE, USUARIO_ID, BANCO_ID) values (20, '214-98-5619', '613289005258108297', 35, 8);
insert into CUENTA_BANCARIA (CUENTA_BANCARIA_ID, RFC, CLABE, USUARIO_ID, BANCO_ID) values (21, '327-31-6672', '483010340142406913', 21, 1);
insert into CUENTA_BANCARIA (CUENTA_BANCARIA_ID, RFC, CLABE, USUARIO_ID, BANCO_ID) values (22, '269-10-4938', '167364889163844040', 75, 4);
insert into CUENTA_BANCARIA (CUENTA_BANCARIA_ID, RFC, CLABE, USUARIO_ID, BANCO_ID) values (23, '869-25-9771', '308411353476992100', 88, 13);
insert into CUENTA_BANCARIA (CUENTA_BANCARIA_ID, RFC, CLABE, USUARIO_ID, BANCO_ID) values (24, '583-03-6977', '947261443403656389', 35, 15);
insert into CUENTA_BANCARIA (CUENTA_BANCARIA_ID, RFC, CLABE, USUARIO_ID, BANCO_ID) values (25, '341-43-3082', '700385415535229128', 16, 5);
insert into CUENTA_BANCARIA (CUENTA_BANCARIA_ID, RFC, CLABE, USUARIO_ID, BANCO_ID) values (26, '155-53-7953', '083219351176940972', 77, 12);
insert into CUENTA_BANCARIA (CUENTA_BANCARIA_ID, RFC, CLABE, USUARIO_ID, BANCO_ID) values (27, '634-17-6037', '225792900015833088', 96, 6);
insert into CUENTA_BANCARIA (CUENTA_BANCARIA_ID, RFC, CLABE, USUARIO_ID, BANCO_ID) values (28, '603-14-7862', '327817219967168161', 16, 5);
insert into CUENTA_BANCARIA (CUENTA_BANCARIA_ID, RFC, CLABE, USUARIO_ID, BANCO_ID) values (29, '273-34-8823', '123696771595465456', 78, 14);
insert into CUENTA_BANCARIA (CUENTA_BANCARIA_ID, RFC, CLABE, USUARIO_ID, BANCO_ID) values (30, '517-71-5510', '512486571108838436', 56, 11);
insert into CUENTA_BANCARIA (CUENTA_BANCARIA_ID, RFC, CLABE, USUARIO_ID, BANCO_ID) values (31, '230-35-2577', '211191795797321807', 88, 15);
insert into CUENTA_BANCARIA (CUENTA_BANCARIA_ID, RFC, CLABE, USUARIO_ID, BANCO_ID) values (32, '613-04-9746', '072031114126319156', 80, 11);
insert into CUENTA_BANCARIA (CUENTA_BANCARIA_ID, RFC, CLABE, USUARIO_ID, BANCO_ID) values (33, '181-35-4913', '868199313003481978', 72, 2);
insert into CUENTA_BANCARIA (CUENTA_BANCARIA_ID, RFC, CLABE, USUARIO_ID, BANCO_ID) values (34, '170-67-2302', '263687950589934656', 70, 13);
insert into CUENTA_BANCARIA (CUENTA_BANCARIA_ID, RFC, CLABE, USUARIO_ID, BANCO_ID) values (35, '357-87-1201', '418463503496714479', 80, 7);
insert into CUENTA_BANCARIA (CUENTA_BANCARIA_ID, RFC, CLABE, USUARIO_ID, BANCO_ID) values (36, '852-77-3166', '750667170680997351', 23, 10);
insert into CUENTA_BANCARIA (CUENTA_BANCARIA_ID, RFC, CLABE, USUARIO_ID, BANCO_ID) values (37, '529-26-5334', '633067342557220117', 32, 14);
insert into CUENTA_BANCARIA (CUENTA_BANCARIA_ID, RFC, CLABE, USUARIO_ID, BANCO_ID) values (38, '259-99-7316', '829048082317555783', 85, 4);
insert into CUENTA_BANCARIA (CUENTA_BANCARIA_ID, RFC, CLABE, USUARIO_ID, BANCO_ID) values (39, '116-45-4013', '857591377774164594', 89, 2);
insert into CUENTA_BANCARIA (CUENTA_BANCARIA_ID, RFC, CLABE, USUARIO_ID, BANCO_ID) values (40, '256-31-4008', '341771005306780030', 52, 12);
insert into CUENTA_BANCARIA (CUENTA_BANCARIA_ID, RFC, CLABE, USUARIO_ID, BANCO_ID) values (41, '849-20-1776', '697763300637579705', 93, 11);
insert into CUENTA_BANCARIA (CUENTA_BANCARIA_ID, RFC, CLABE, USUARIO_ID, BANCO_ID) values (42, '356-21-3120', '137549614784379602', 58, 9);
insert into CUENTA_BANCARIA (CUENTA_BANCARIA_ID, RFC, CLABE, USUARIO_ID, BANCO_ID) values (43, '287-39-9199', '160721655451846869', 61, 9);
insert into CUENTA_BANCARIA (CUENTA_BANCARIA_ID, RFC, CLABE, USUARIO_ID, BANCO_ID) values (44, '839-85-9903', '259851699657147581', 29, 8);
insert into CUENTA_BANCARIA (CUENTA_BANCARIA_ID, RFC, CLABE, USUARIO_ID, BANCO_ID) values (45, '237-98-2895', '038251709369085619', 91, 2);
insert into CUENTA_BANCARIA (CUENTA_BANCARIA_ID, RFC, CLABE, USUARIO_ID, BANCO_ID) values (46, '141-16-5107', '034094001351309194', 1, 8);
insert into CUENTA_BANCARIA (CUENTA_BANCARIA_ID, RFC, CLABE, USUARIO_ID, BANCO_ID) values (47, '755-95-3570', '028038697895011793', 51, 1);
insert into CUENTA_BANCARIA (CUENTA_BANCARIA_ID, RFC, CLABE, USUARIO_ID, BANCO_ID) values (48, '800-43-3629', '485900771307928226', 16, 11);
insert into CUENTA_BANCARIA (CUENTA_BANCARIA_ID, RFC, CLABE, USUARIO_ID, BANCO_ID) values (49, '195-99-0903', '943559800491079005', 5, 13);
insert into CUENTA_BANCARIA (CUENTA_BANCARIA_ID, RFC, CLABE, USUARIO_ID, BANCO_ID) values (50, '348-90-9636', '269535007991099890', 16, 7);
insert into CUENTA_BANCARIA (CUENTA_BANCARIA_ID, RFC, CLABE, USUARIO_ID, BANCO_ID) values (51, '251-95-4309', '047781509344597450', 88, 7);
insert into CUENTA_BANCARIA (CUENTA_BANCARIA_ID, RFC, CLABE, USUARIO_ID, BANCO_ID) values (52, '884-69-1664', '109640337235744780', 37, 10);
insert into CUENTA_BANCARIA (CUENTA_BANCARIA_ID, RFC, CLABE, USUARIO_ID, BANCO_ID) values (53, '756-72-3923', '949337373761436645', 51, 6);
insert into CUENTA_BANCARIA (CUENTA_BANCARIA_ID, RFC, CLABE, USUARIO_ID, BANCO_ID) values (54, '590-69-0798', '978865635474426130', 88, 12);
insert into CUENTA_BANCARIA (CUENTA_BANCARIA_ID, RFC, CLABE, USUARIO_ID, BANCO_ID) values (55, '800-07-1951', '781691788770770433', 70, 2);
insert into CUENTA_BANCARIA (CUENTA_BANCARIA_ID, RFC, CLABE, USUARIO_ID, BANCO_ID) values (56, '526-76-6896', '163132856776519429', 15, 3);
insert into CUENTA_BANCARIA (CUENTA_BANCARIA_ID, RFC, CLABE, USUARIO_ID, BANCO_ID) values (57, '209-34-3979', '554371616909440309', 39, 15);
insert into CUENTA_BANCARIA (CUENTA_BANCARIA_ID, RFC, CLABE, USUARIO_ID, BANCO_ID) values (58, '401-86-1586', '402437766014825275', 100, 1);
insert into CUENTA_BANCARIA (CUENTA_BANCARIA_ID, RFC, CLABE, USUARIO_ID, BANCO_ID) values (59, '151-92-8244', '534635725847808820', 100, 15);
insert into CUENTA_BANCARIA (CUENTA_BANCARIA_ID, RFC, CLABE, USUARIO_ID, BANCO_ID) values (60, '622-86-9239', '480168000615293569', 32, 4);
insert into CUENTA_BANCARIA (CUENTA_BANCARIA_ID, RFC, CLABE, USUARIO_ID, BANCO_ID) values (61, '846-51-8164', '538562497730763362', 22, 8);
insert into CUENTA_BANCARIA (CUENTA_BANCARIA_ID, RFC, CLABE, USUARIO_ID, BANCO_ID) values (62, '875-40-2239', '275169410564853873', 6, 2);
insert into CUENTA_BANCARIA (CUENTA_BANCARIA_ID, RFC, CLABE, USUARIO_ID, BANCO_ID) values (63, '877-83-2809', '531737925643626576', 75, 8);
insert into CUENTA_BANCARIA (CUENTA_BANCARIA_ID, RFC, CLABE, USUARIO_ID, BANCO_ID) values (64, '389-28-9096', '388561531552392013', 81, 9);
insert into CUENTA_BANCARIA (CUENTA_BANCARIA_ID, RFC, CLABE, USUARIO_ID, BANCO_ID) values (65, '518-50-7546', '729984987772889362', 62, 10);
insert into CUENTA_BANCARIA (CUENTA_BANCARIA_ID, RFC, CLABE, USUARIO_ID, BANCO_ID) values (66, '526-78-0859', '558921928698479123', 21, 6);
insert into CUENTA_BANCARIA (CUENTA_BANCARIA_ID, RFC, CLABE, USUARIO_ID, BANCO_ID) values (67, '509-30-9223', '191013422947716689', 9, 8);
insert into CUENTA_BANCARIA (CUENTA_BANCARIA_ID, RFC, CLABE, USUARIO_ID, BANCO_ID) values (68, '597-10-5785', '689424684543844508', 47, 8);
insert into CUENTA_BANCARIA (CUENTA_BANCARIA_ID, RFC, CLABE, USUARIO_ID, BANCO_ID) values (69, '716-37-8523', '581449027311916561', 12, 11);
insert into CUENTA_BANCARIA (CUENTA_BANCARIA_ID, RFC, CLABE, USUARIO_ID, BANCO_ID) values (70, '572-55-1404', '919402770648513191', 22, 15);
insert into CUENTA_BANCARIA (CUENTA_BANCARIA_ID, RFC, CLABE, USUARIO_ID, BANCO_ID) values (71, '215-28-9598', '743191484911683245', 82, 7);
insert into CUENTA_BANCARIA (CUENTA_BANCARIA_ID, RFC, CLABE, USUARIO_ID, BANCO_ID) values (72, '830-69-4615', '749942272458216310', 79, 5);
insert into CUENTA_BANCARIA (CUENTA_BANCARIA_ID, RFC, CLABE, USUARIO_ID, BANCO_ID) values (73, '772-24-9784', '496692544572901805', 91, 8);
insert into CUENTA_BANCARIA (CUENTA_BANCARIA_ID, RFC, CLABE, USUARIO_ID, BANCO_ID) values (74, '280-56-9544', '736846736133666937', 10, 13);
insert into CUENTA_BANCARIA (CUENTA_BANCARIA_ID, RFC, CLABE, USUARIO_ID, BANCO_ID) values (75, '842-22-9891', '338048724039224191', 95, 11);
insert into CUENTA_BANCARIA (CUENTA_BANCARIA_ID, RFC, CLABE, USUARIO_ID, BANCO_ID) values (76, '681-84-8739', '542642544005247709', 87, 8);
insert into CUENTA_BANCARIA (CUENTA_BANCARIA_ID, RFC, CLABE, USUARIO_ID, BANCO_ID) values (77, '464-02-3321', '559028927326217873', 89, 13);
insert into CUENTA_BANCARIA (CUENTA_BANCARIA_ID, RFC, CLABE, USUARIO_ID, BANCO_ID) values (78, '615-57-1966', '070629766063743605', 17, 13);
insert into CUENTA_BANCARIA (CUENTA_BANCARIA_ID, RFC, CLABE, USUARIO_ID, BANCO_ID) values (79, '488-46-3872', '513178849371883283', 31, 13);
insert into CUENTA_BANCARIA (CUENTA_BANCARIA_ID, RFC, CLABE, USUARIO_ID, BANCO_ID) values (80, '858-88-6419', '861582734648019034', 76, 11);
insert into CUENTA_BANCARIA (CUENTA_BANCARIA_ID, RFC, CLABE, USUARIO_ID, BANCO_ID) values (81, '423-35-8913', '655902620252482368', 6, 13);
insert into CUENTA_BANCARIA (CUENTA_BANCARIA_ID, RFC, CLABE, USUARIO_ID, BANCO_ID) values (82, '600-85-9405', '196283327221227310', 24, 15);
insert into CUENTA_BANCARIA (CUENTA_BANCARIA_ID, RFC, CLABE, USUARIO_ID, BANCO_ID) values (83, '294-60-7430', '507586216059468823', 76, 11);
insert into CUENTA_BANCARIA (CUENTA_BANCARIA_ID, RFC, CLABE, USUARIO_ID, BANCO_ID) values (84, '564-50-2980', '284951871403372703', 99, 8);
insert into CUENTA_BANCARIA (CUENTA_BANCARIA_ID, RFC, CLABE, USUARIO_ID, BANCO_ID) values (85, '353-91-9178', '374244206896673561', 91, 15);
insert into CUENTA_BANCARIA (CUENTA_BANCARIA_ID, RFC, CLABE, USUARIO_ID, BANCO_ID) values (86, '646-98-7287', '683467090648578510', 72, 5);
insert into CUENTA_BANCARIA (CUENTA_BANCARIA_ID, RFC, CLABE, USUARIO_ID, BANCO_ID) values (87, '545-74-4241', '164162767352924246', 63, 1);
insert into CUENTA_BANCARIA (CUENTA_BANCARIA_ID, RFC, CLABE, USUARIO_ID, BANCO_ID) values (88, '182-80-0746', '295341435551121312', 80, 9);
insert into CUENTA_BANCARIA (CUENTA_BANCARIA_ID, RFC, CLABE, USUARIO_ID, BANCO_ID) values (89, '816-68-9273', '640333771920196261', 7, 9);
insert into CUENTA_BANCARIA (CUENTA_BANCARIA_ID, RFC, CLABE, USUARIO_ID, BANCO_ID) values (90, '687-13-9473', '028219776148673751', 43, 1);
insert into CUENTA_BANCARIA (CUENTA_BANCARIA_ID, RFC, CLABE, USUARIO_ID, BANCO_ID) values (91, '626-16-5732', '651129318102274132', 35, 3);
insert into CUENTA_BANCARIA (CUENTA_BANCARIA_ID, RFC, CLABE, USUARIO_ID, BANCO_ID) values (92, '808-63-8831', '433745309795588782', 44, 13);
insert into CUENTA_BANCARIA (CUENTA_BANCARIA_ID, RFC, CLABE, USUARIO_ID, BANCO_ID) values (93, '204-04-9692', '339961242471271253', 89, 11);
insert into CUENTA_BANCARIA (CUENTA_BANCARIA_ID, RFC, CLABE, USUARIO_ID, BANCO_ID) values (94, '100-19-9654', '306995635688508098', 82, 9);
insert into CUENTA_BANCARIA (CUENTA_BANCARIA_ID, RFC, CLABE, USUARIO_ID, BANCO_ID) values (95, '250-14-6025', '661365242603286690', 49, 11);
insert into CUENTA_BANCARIA (CUENTA_BANCARIA_ID, RFC, CLABE, USUARIO_ID, BANCO_ID) values (96, '424-01-6845', '958332963409259669', 71, 4);
insert into CUENTA_BANCARIA (CUENTA_BANCARIA_ID, RFC, CLABE, USUARIO_ID, BANCO_ID) values (97, '529-53-1817', '390134146778392546', 55, 1);
insert into CUENTA_BANCARIA (CUENTA_BANCARIA_ID, RFC, CLABE, USUARIO_ID, BANCO_ID) values (98, '321-38-1842', '224542452828387327', 67, 7);
insert into CUENTA_BANCARIA (CUENTA_BANCARIA_ID, RFC, CLABE, USUARIO_ID, BANCO_ID) values (99, '199-22-2773', '727565912135700167', 29, 2);
insert into CUENTA_BANCARIA (CUENTA_BANCARIA_ID, RFC, CLABE, USUARIO_ID, BANCO_ID) values (100, '256-90-7568', '330046404141267211', 25, 15);
alter table CUENTA_BANCARIA logging;

-- Tabla TARJETA_BANCARIA
alter table TARJETA_BANCARIA nologging;
insert into TARJETA_BANCARIA (TARJETA_BANCARIA_ID, NUMERO, TIPO, MES_EXPIRACION, ANIO_EXPIRACION, USUARIO_ID, BANCO_ID) values (1, '8671534837391738', 'jcb', '11', '26', 20, 10);
insert into TARJETA_BANCARIA (TARJETA_BANCARIA_ID, NUMERO, TIPO, MES_EXPIRACION, ANIO_EXPIRACION, USUARIO_ID, BANCO_ID) values (2, '2103614725752710', 'jcb', '12', '29', 77, 7);
insert into TARJETA_BANCARIA (TARJETA_BANCARIA_ID, NUMERO, TIPO, MES_EXPIRACION, ANIO_EXPIRACION, USUARIO_ID, BANCO_ID) values (3, '2056747123713881', 'mastercard', '12', '28', 9, 8);
insert into TARJETA_BANCARIA (TARJETA_BANCARIA_ID, NUMERO, TIPO, MES_EXPIRACION, ANIO_EXPIRACION, USUARIO_ID, BANCO_ID) values (4, '4293678735421149', 'jcb', '07', '27', 25, 13);
insert into TARJETA_BANCARIA (TARJETA_BANCARIA_ID, NUMERO, TIPO, MES_EXPIRACION, ANIO_EXPIRACION, USUARIO_ID, BANCO_ID) values (5, '5892887915854079', 'instapayment', '11', '21', 45, 10);
insert into TARJETA_BANCARIA (TARJETA_BANCARIA_ID, NUMERO, TIPO, MES_EXPIRACION, ANIO_EXPIRACION, USUARIO_ID, BANCO_ID) values (6, '9912192807048392', 'jcb', '12', '22', 93, 14);
insert into TARJETA_BANCARIA (TARJETA_BANCARIA_ID, NUMERO, TIPO, MES_EXPIRACION, ANIO_EXPIRACION, USUARIO_ID, BANCO_ID) values (7, '7851301015593943', 'jcb', '11', '25', 18, 1);
insert into TARJETA_BANCARIA (TARJETA_BANCARIA_ID, NUMERO, TIPO, MES_EXPIRACION, ANIO_EXPIRACION, USUARIO_ID, BANCO_ID) values (8, '6094079056070836', 'visa-electron', '11', '02', 30, 3);
insert into TARJETA_BANCARIA (TARJETA_BANCARIA_ID, NUMERO, TIPO, MES_EXPIRACION, ANIO_EXPIRACION, USUARIO_ID, BANCO_ID) values (9, '4423904381878571', 'jcb', '12', '22', 46, 5);
insert into TARJETA_BANCARIA (TARJETA_BANCARIA_ID, NUMERO, TIPO, MES_EXPIRACION, ANIO_EXPIRACION, USUARIO_ID, BANCO_ID) values (10, '1372025668051101', 'americanexpress', '12', '22', 30, 9);
insert into TARJETA_BANCARIA (TARJETA_BANCARIA_ID, NUMERO, TIPO, MES_EXPIRACION, ANIO_EXPIRACION, USUARIO_ID, BANCO_ID) values (11, '3188947736259726', 'laser', '12', '26', 79, 4);
insert into TARJETA_BANCARIA (TARJETA_BANCARIA_ID, NUMERO, TIPO, MES_EXPIRACION, ANIO_EXPIRACION, USUARIO_ID, BANCO_ID) values (12, '7520713730384983', 'diners-club-carte-blanche', '12', '23', 77, 4);
insert into TARJETA_BANCARIA (TARJETA_BANCARIA_ID, NUMERO, TIPO, MES_EXPIRACION, ANIO_EXPIRACION, USUARIO_ID, BANCO_ID) values (13, '6294117708058119', 'diners-club-enroute', '11', '24', 27, 5);
insert into TARJETA_BANCARIA (TARJETA_BANCARIA_ID, NUMERO, TIPO, MES_EXPIRACION, ANIO_EXPIRACION, USUARIO_ID, BANCO_ID) values (14, '7942978221389799', 'laser', '01', '02', 40, 8);
insert into TARJETA_BANCARIA (TARJETA_BANCARIA_ID, NUMERO, TIPO, MES_EXPIRACION, ANIO_EXPIRACION, USUARIO_ID, BANCO_ID) values (15, '2923725646204691', 'mastercard', '11', '13', 61, 3);
insert into TARJETA_BANCARIA (TARJETA_BANCARIA_ID, NUMERO, TIPO, MES_EXPIRACION, ANIO_EXPIRACION, USUARIO_ID, BANCO_ID) values (16, '1169763351682686', 'jcb', '11', '21', 26, 15);
insert into TARJETA_BANCARIA (TARJETA_BANCARIA_ID, NUMERO, TIPO, MES_EXPIRACION, ANIO_EXPIRACION, USUARIO_ID, BANCO_ID) values (17, '9467536892036830', 'jcb', '12', '18', 10, 8);
insert into TARJETA_BANCARIA (TARJETA_BANCARIA_ID, NUMERO, TIPO, MES_EXPIRACION, ANIO_EXPIRACION, USUARIO_ID, BANCO_ID) values (18, '2819861369743801', 'jcb', '07', '10', 20, 13);
insert into TARJETA_BANCARIA (TARJETA_BANCARIA_ID, NUMERO, TIPO, MES_EXPIRACION, ANIO_EXPIRACION, USUARIO_ID, BANCO_ID) values (19, '3762158451287378', 'china-unionpay', '11', '15', 85, 5);
insert into TARJETA_BANCARIA (TARJETA_BANCARIA_ID, NUMERO, TIPO, MES_EXPIRACION, ANIO_EXPIRACION, USUARIO_ID, BANCO_ID) values (20, '1515502431626600', 'jcb', '12', '23', 21, 7);
insert into TARJETA_BANCARIA (TARJETA_BANCARIA_ID, NUMERO, TIPO, MES_EXPIRACION, ANIO_EXPIRACION, USUARIO_ID, BANCO_ID) values (21, '8331878481950246', 'diners-club-enroute', '05', '21', 68, 5);
insert into TARJETA_BANCARIA (TARJETA_BANCARIA_ID, NUMERO, TIPO, MES_EXPIRACION, ANIO_EXPIRACION, USUARIO_ID, BANCO_ID) values (22, '6996652906367168', 'jcb', '02', '23', 100, 11);
insert into TARJETA_BANCARIA (TARJETA_BANCARIA_ID, NUMERO, TIPO, MES_EXPIRACION, ANIO_EXPIRACION, USUARIO_ID, BANCO_ID) values (23, '3090208769742467', 'jcb', '12', '16', 55, 14);
insert into TARJETA_BANCARIA (TARJETA_BANCARIA_ID, NUMERO, TIPO, MES_EXPIRACION, ANIO_EXPIRACION, USUARIO_ID, BANCO_ID) values (24, '2805919759975653', 'jcb', '11', '22', 93, 4);
insert into TARJETA_BANCARIA (TARJETA_BANCARIA_ID, NUMERO, TIPO, MES_EXPIRACION, ANIO_EXPIRACION, USUARIO_ID, BANCO_ID) values (25, '8833039844956331', 'jcb', '12', '00', 35, 12);
insert into TARJETA_BANCARIA (TARJETA_BANCARIA_ID, NUMERO, TIPO, MES_EXPIRACION, ANIO_EXPIRACION, USUARIO_ID, BANCO_ID) values (26, '7201244212014883', 'jcb', '11', '00', 3, 7);
insert into TARJETA_BANCARIA (TARJETA_BANCARIA_ID, NUMERO, TIPO, MES_EXPIRACION, ANIO_EXPIRACION, USUARIO_ID, BANCO_ID) values (27, '6793845480921817', 'americanexpress', '12', '17', 15, 6);
insert into TARJETA_BANCARIA (TARJETA_BANCARIA_ID, NUMERO, TIPO, MES_EXPIRACION, ANIO_EXPIRACION, USUARIO_ID, BANCO_ID) values (28, '7936194973920496', 'mastercard', '12', '05', 55, 12);
insert into TARJETA_BANCARIA (TARJETA_BANCARIA_ID, NUMERO, TIPO, MES_EXPIRACION, ANIO_EXPIRACION, USUARIO_ID, BANCO_ID) values (29, '9833757534285319', 'jcb', '12', '29', 75, 11);
insert into TARJETA_BANCARIA (TARJETA_BANCARIA_ID, NUMERO, TIPO, MES_EXPIRACION, ANIO_EXPIRACION, USUARIO_ID, BANCO_ID) values (30, '1077978098517311', 'solo', '12', '17', 44, 12);
insert into TARJETA_BANCARIA (TARJETA_BANCARIA_ID, NUMERO, TIPO, MES_EXPIRACION, ANIO_EXPIRACION, USUARIO_ID, BANCO_ID) values (31, '1397334291975409', 'visa', '12', '20', 82, 7);
insert into TARJETA_BANCARIA (TARJETA_BANCARIA_ID, NUMERO, TIPO, MES_EXPIRACION, ANIO_EXPIRACION, USUARIO_ID, BANCO_ID) values (32, '6487841529167733', 'switch', '12', '28', 15, 4);
insert into TARJETA_BANCARIA (TARJETA_BANCARIA_ID, NUMERO, TIPO, MES_EXPIRACION, ANIO_EXPIRACION, USUARIO_ID, BANCO_ID) values (33, '7962886137843854', 'mastercard', '04', '15', 43, 13);
insert into TARJETA_BANCARIA (TARJETA_BANCARIA_ID, NUMERO, TIPO, MES_EXPIRACION, ANIO_EXPIRACION, USUARIO_ID, BANCO_ID) values (34, '2472048627187992', 'switch', '12', '16', 39, 3);
insert into TARJETA_BANCARIA (TARJETA_BANCARIA_ID, NUMERO, TIPO, MES_EXPIRACION, ANIO_EXPIRACION, USUARIO_ID, BANCO_ID) values (35, '3942807950816112', 'americanexpress', '12', '22', 64, 12);
insert into TARJETA_BANCARIA (TARJETA_BANCARIA_ID, NUMERO, TIPO, MES_EXPIRACION, ANIO_EXPIRACION, USUARIO_ID, BANCO_ID) values (36, '2837377402656537', 'jcb', '11', '29', 7, 2);
insert into TARJETA_BANCARIA (TARJETA_BANCARIA_ID, NUMERO, TIPO, MES_EXPIRACION, ANIO_EXPIRACION, USUARIO_ID, BANCO_ID) values (37, '1787729472699876', 'jcb', '08', '29', 28, 1);
insert into TARJETA_BANCARIA (TARJETA_BANCARIA_ID, NUMERO, TIPO, MES_EXPIRACION, ANIO_EXPIRACION, USUARIO_ID, BANCO_ID) values (38, '1099377999127043', 'jcb', '05', '23', 5, 15);
insert into TARJETA_BANCARIA (TARJETA_BANCARIA_ID, NUMERO, TIPO, MES_EXPIRACION, ANIO_EXPIRACION, USUARIO_ID, BANCO_ID) values (39, '0008133246984813', 'jcb', '12', '23', 36, 10);
insert into TARJETA_BANCARIA (TARJETA_BANCARIA_ID, NUMERO, TIPO, MES_EXPIRACION, ANIO_EXPIRACION, USUARIO_ID, BANCO_ID) values (40, '6595011223062997', 'jcb', '11', '26', 61, 10);
insert into TARJETA_BANCARIA (TARJETA_BANCARIA_ID, NUMERO, TIPO, MES_EXPIRACION, ANIO_EXPIRACION, USUARIO_ID, BANCO_ID) values (41, '4427936576167418', 'diners-club-enroute', '09', '06', 63, 3);
insert into TARJETA_BANCARIA (TARJETA_BANCARIA_ID, NUMERO, TIPO, MES_EXPIRACION, ANIO_EXPIRACION, USUARIO_ID, BANCO_ID) values (42, '3746607285155280', 'diners-club-us-ca', '00', '05', 95, 10);
insert into TARJETA_BANCARIA (TARJETA_BANCARIA_ID, NUMERO, TIPO, MES_EXPIRACION, ANIO_EXPIRACION, USUARIO_ID, BANCO_ID) values (43, '4878601217546532', 'switch', '08', '02', 5, 11);
insert into TARJETA_BANCARIA (TARJETA_BANCARIA_ID, NUMERO, TIPO, MES_EXPIRACION, ANIO_EXPIRACION, USUARIO_ID, BANCO_ID) values (44, '1131876065792435', 'jcb', '12', '19', 48, 5);
insert into TARJETA_BANCARIA (TARJETA_BANCARIA_ID, NUMERO, TIPO, MES_EXPIRACION, ANIO_EXPIRACION, USUARIO_ID, BANCO_ID) values (45, '4512902847234607', 'jcb', '02', '06', 67, 14);
insert into TARJETA_BANCARIA (TARJETA_BANCARIA_ID, NUMERO, TIPO, MES_EXPIRACION, ANIO_EXPIRACION, USUARIO_ID, BANCO_ID) values (46, '5931317729605030', 'americanexpress', '12', '10', 21, 10);
insert into TARJETA_BANCARIA (TARJETA_BANCARIA_ID, NUMERO, TIPO, MES_EXPIRACION, ANIO_EXPIRACION, USUARIO_ID, BANCO_ID) values (47, '9963691564331077', 'jcb', '02', '09', 94, 12);
insert into TARJETA_BANCARIA (TARJETA_BANCARIA_ID, NUMERO, TIPO, MES_EXPIRACION, ANIO_EXPIRACION, USUARIO_ID, BANCO_ID) values (48, '5117288343443489', 'jcb', '12', '29', 16, 9);
insert into TARJETA_BANCARIA (TARJETA_BANCARIA_ID, NUMERO, TIPO, MES_EXPIRACION, ANIO_EXPIRACION, USUARIO_ID, BANCO_ID) values (49, '6426233952796364', 'bankcard', '12', '11', 64, 6);
insert into TARJETA_BANCARIA (TARJETA_BANCARIA_ID, NUMERO, TIPO, MES_EXPIRACION, ANIO_EXPIRACION, USUARIO_ID, BANCO_ID) values (50, '8014798346861704', 'bankcard', '09', '28', 2, 10);
insert into TARJETA_BANCARIA (TARJETA_BANCARIA_ID, NUMERO, TIPO, MES_EXPIRACION, ANIO_EXPIRACION, USUARIO_ID, BANCO_ID) values (51, '4834200332702855', 'switch', '11', '10', 7, 9);
insert into TARJETA_BANCARIA (TARJETA_BANCARIA_ID, NUMERO, TIPO, MES_EXPIRACION, ANIO_EXPIRACION, USUARIO_ID, BANCO_ID) values (52, '7985380584768229', 'switch', '12', '21', 85, 14);
insert into TARJETA_BANCARIA (TARJETA_BANCARIA_ID, NUMERO, TIPO, MES_EXPIRACION, ANIO_EXPIRACION, USUARIO_ID, BANCO_ID) values (53, '3911477169031737', 'switch', '12', '18', 90, 9);
insert into TARJETA_BANCARIA (TARJETA_BANCARIA_ID, NUMERO, TIPO, MES_EXPIRACION, ANIO_EXPIRACION, USUARIO_ID, BANCO_ID) values (54, '8252911905543311', 'jcb', '08', '22', 96, 10);
insert into TARJETA_BANCARIA (TARJETA_BANCARIA_ID, NUMERO, TIPO, MES_EXPIRACION, ANIO_EXPIRACION, USUARIO_ID, BANCO_ID) values (55, '7803381847209563', 'mastercard', '07', '25', 47, 13);
insert into TARJETA_BANCARIA (TARJETA_BANCARIA_ID, NUMERO, TIPO, MES_EXPIRACION, ANIO_EXPIRACION, USUARIO_ID, BANCO_ID) values (56, '2842756926262242', 'diners-club-carte-blanche', '01', '06', 33, 1);
insert into TARJETA_BANCARIA (TARJETA_BANCARIA_ID, NUMERO, TIPO, MES_EXPIRACION, ANIO_EXPIRACION, USUARIO_ID, BANCO_ID) values (57, '3228695617123919', 'diners-club-carte-blanche', '05', '13', 61, 5);
insert into TARJETA_BANCARIA (TARJETA_BANCARIA_ID, NUMERO, TIPO, MES_EXPIRACION, ANIO_EXPIRACION, USUARIO_ID, BANCO_ID) values (58, '4025512968953722', 'jcb', '12', '06', 88, 10);
insert into TARJETA_BANCARIA (TARJETA_BANCARIA_ID, NUMERO, TIPO, MES_EXPIRACION, ANIO_EXPIRACION, USUARIO_ID, BANCO_ID) values (59, '1334359839886148', 'mastercard', '03', '24', 94, 8);
insert into TARJETA_BANCARIA (TARJETA_BANCARIA_ID, NUMERO, TIPO, MES_EXPIRACION, ANIO_EXPIRACION, USUARIO_ID, BANCO_ID) values (60, '8530905573243436', 'mastercard', '12', '18', 60, 14);
insert into TARJETA_BANCARIA (TARJETA_BANCARIA_ID, NUMERO, TIPO, MES_EXPIRACION, ANIO_EXPIRACION, USUARIO_ID, BANCO_ID) values (61, '0275303493802915', 'bankcard', '11', '21', 62, 13);
insert into TARJETA_BANCARIA (TARJETA_BANCARIA_ID, NUMERO, TIPO, MES_EXPIRACION, ANIO_EXPIRACION, USUARIO_ID, BANCO_ID) values (62, '1946673428203350', 'maestro', '12', '25', 82, 2);
insert into TARJETA_BANCARIA (TARJETA_BANCARIA_ID, NUMERO, TIPO, MES_EXPIRACION, ANIO_EXPIRACION, USUARIO_ID, BANCO_ID) values (63, '6142550278766936', 'visa-electron', '11', '03', 76, 10);
insert into TARJETA_BANCARIA (TARJETA_BANCARIA_ID, NUMERO, TIPO, MES_EXPIRACION, ANIO_EXPIRACION, USUARIO_ID, BANCO_ID) values (64, '2070296247896126', 'maestro', '12', '02', 47, 6);
insert into TARJETA_BANCARIA (TARJETA_BANCARIA_ID, NUMERO, TIPO, MES_EXPIRACION, ANIO_EXPIRACION, USUARIO_ID, BANCO_ID) values (65, '7787165488134599', 'americanexpress', '02', '06', 80, 10);
insert into TARJETA_BANCARIA (TARJETA_BANCARIA_ID, NUMERO, TIPO, MES_EXPIRACION, ANIO_EXPIRACION, USUARIO_ID, BANCO_ID) values (66, '7089927771783735', 'jcb', '00', '29', 85, 7);
insert into TARJETA_BANCARIA (TARJETA_BANCARIA_ID, NUMERO, TIPO, MES_EXPIRACION, ANIO_EXPIRACION, USUARIO_ID, BANCO_ID) values (67, '6587722606104260', 'diners-club-carte-blanche', '11', '26', 2, 14);
insert into TARJETA_BANCARIA (TARJETA_BANCARIA_ID, NUMERO, TIPO, MES_EXPIRACION, ANIO_EXPIRACION, USUARIO_ID, BANCO_ID) values (68, '6758440358402867', 'switch', '11', '16', 53, 1);
insert into TARJETA_BANCARIA (TARJETA_BANCARIA_ID, NUMERO, TIPO, MES_EXPIRACION, ANIO_EXPIRACION, USUARIO_ID, BANCO_ID) values (69, '4565275367672599', 'americanexpress', '12', '01', 60, 3);
insert into TARJETA_BANCARIA (TARJETA_BANCARIA_ID, NUMERO, TIPO, MES_EXPIRACION, ANIO_EXPIRACION, USUARIO_ID, BANCO_ID) values (70, '5958592780586789', 'china-unionpay', '00', '00', 11, 11);
insert into TARJETA_BANCARIA (TARJETA_BANCARIA_ID, NUMERO, TIPO, MES_EXPIRACION, ANIO_EXPIRACION, USUARIO_ID, BANCO_ID) values (71, '7834774523579552', 'jcb', '03', '23', 6, 12);
insert into TARJETA_BANCARIA (TARJETA_BANCARIA_ID, NUMERO, TIPO, MES_EXPIRACION, ANIO_EXPIRACION, USUARIO_ID, BANCO_ID) values (72, '9845725997917345', 'maestro', '11', '27', 41, 6);
insert into TARJETA_BANCARIA (TARJETA_BANCARIA_ID, NUMERO, TIPO, MES_EXPIRACION, ANIO_EXPIRACION, USUARIO_ID, BANCO_ID) values (73, '0659666715846822', 'diners-club-enroute', '12', '26', 74, 10);
insert into TARJETA_BANCARIA (TARJETA_BANCARIA_ID, NUMERO, TIPO, MES_EXPIRACION, ANIO_EXPIRACION, USUARIO_ID, BANCO_ID) values (74, '8946568142418481', 'jcb', '11', '26', 37, 9);
insert into TARJETA_BANCARIA (TARJETA_BANCARIA_ID, NUMERO, TIPO, MES_EXPIRACION, ANIO_EXPIRACION, USUARIO_ID, BANCO_ID) values (75, '3168427152496941', 'jcb', '03', '00', 49, 7);
insert into TARJETA_BANCARIA (TARJETA_BANCARIA_ID, NUMERO, TIPO, MES_EXPIRACION, ANIO_EXPIRACION, USUARIO_ID, BANCO_ID) values (76, '6717200501802179', 'visa', '11', '22', 44, 15);
insert into TARJETA_BANCARIA (TARJETA_BANCARIA_ID, NUMERO, TIPO, MES_EXPIRACION, ANIO_EXPIRACION, USUARIO_ID, BANCO_ID) values (77, '1931859599688685', 'china-unionpay', '12', '26', 21, 10);
insert into TARJETA_BANCARIA (TARJETA_BANCARIA_ID, NUMERO, TIPO, MES_EXPIRACION, ANIO_EXPIRACION, USUARIO_ID, BANCO_ID) values (78, '2340542109873565', 'instapayment', '12', '24', 96, 1);
insert into TARJETA_BANCARIA (TARJETA_BANCARIA_ID, NUMERO, TIPO, MES_EXPIRACION, ANIO_EXPIRACION, USUARIO_ID, BANCO_ID) values (79, '2765162784187572', 'jcb', '11', '21', 27, 11);
insert into TARJETA_BANCARIA (TARJETA_BANCARIA_ID, NUMERO, TIPO, MES_EXPIRACION, ANIO_EXPIRACION, USUARIO_ID, BANCO_ID) values (80, '1009152488130941', 'jcb', '11', '08', 98, 4);
insert into TARJETA_BANCARIA (TARJETA_BANCARIA_ID, NUMERO, TIPO, MES_EXPIRACION, ANIO_EXPIRACION, USUARIO_ID, BANCO_ID) values (81, '4454969010413304', 'jcb', '11', '23', 33, 6);
insert into TARJETA_BANCARIA (TARJETA_BANCARIA_ID, NUMERO, TIPO, MES_EXPIRACION, ANIO_EXPIRACION, USUARIO_ID, BANCO_ID) values (82, '7092348207142487', 'jcb', '12', '07', 82, 9);
insert into TARJETA_BANCARIA (TARJETA_BANCARIA_ID, NUMERO, TIPO, MES_EXPIRACION, ANIO_EXPIRACION, USUARIO_ID, BANCO_ID) values (83, '9931602663969328', 'bankcard', '00', '23', 23, 14);
insert into TARJETA_BANCARIA (TARJETA_BANCARIA_ID, NUMERO, TIPO, MES_EXPIRACION, ANIO_EXPIRACION, USUARIO_ID, BANCO_ID) values (84, '5958228133314368', 'jcb', '12', '26', 14, 3);
insert into TARJETA_BANCARIA (TARJETA_BANCARIA_ID, NUMERO, TIPO, MES_EXPIRACION, ANIO_EXPIRACION, USUARIO_ID, BANCO_ID) values (85, '5602664015582182', 'jcb', '03', '13', 59, 13);
insert into TARJETA_BANCARIA (TARJETA_BANCARIA_ID, NUMERO, TIPO, MES_EXPIRACION, ANIO_EXPIRACION, USUARIO_ID, BANCO_ID) values (86, '1676457500408887', 'diners-club-enroute', '12', '20', 90, 8);
insert into TARJETA_BANCARIA (TARJETA_BANCARIA_ID, NUMERO, TIPO, MES_EXPIRACION, ANIO_EXPIRACION, USUARIO_ID, BANCO_ID) values (87, '0280468277611012', 'jcb', '05', '18', 87, 6);
insert into TARJETA_BANCARIA (TARJETA_BANCARIA_ID, NUMERO, TIPO, MES_EXPIRACION, ANIO_EXPIRACION, USUARIO_ID, BANCO_ID) values (88, '7661928886305277', 'diners-club-us-ca', '12', '28', 83, 10);
insert into TARJETA_BANCARIA (TARJETA_BANCARIA_ID, NUMERO, TIPO, MES_EXPIRACION, ANIO_EXPIRACION, USUARIO_ID, BANCO_ID) values (89, '3625166537121413', 'instapayment', '11', '17', 35, 13);
insert into TARJETA_BANCARIA (TARJETA_BANCARIA_ID, NUMERO, TIPO, MES_EXPIRACION, ANIO_EXPIRACION, USUARIO_ID, BANCO_ID) values (90, '0276484849884189', 'jcb', '11', '23', 14, 10);
insert into TARJETA_BANCARIA (TARJETA_BANCARIA_ID, NUMERO, TIPO, MES_EXPIRACION, ANIO_EXPIRACION, USUARIO_ID, BANCO_ID) values (91, '0761835632882589', 'laser', '03', '26', 59, 1);
insert into TARJETA_BANCARIA (TARJETA_BANCARIA_ID, NUMERO, TIPO, MES_EXPIRACION, ANIO_EXPIRACION, USUARIO_ID, BANCO_ID) values (92, '4621745657569851', 'visa', '11', '07', 21, 1);
insert into TARJETA_BANCARIA (TARJETA_BANCARIA_ID, NUMERO, TIPO, MES_EXPIRACION, ANIO_EXPIRACION, USUARIO_ID, BANCO_ID) values (93, '7171252392049646', 'americanexpress', '11', '08', 87, 6);
insert into TARJETA_BANCARIA (TARJETA_BANCARIA_ID, NUMERO, TIPO, MES_EXPIRACION, ANIO_EXPIRACION, USUARIO_ID, BANCO_ID) values (94, '4764639372966582', 'jcb', '01', '26', 65, 15);
insert into TARJETA_BANCARIA (TARJETA_BANCARIA_ID, NUMERO, TIPO, MES_EXPIRACION, ANIO_EXPIRACION, USUARIO_ID, BANCO_ID) values (95, '2545434384862342', 'maestro', '05', '23', 66, 3);
insert into TARJETA_BANCARIA (TARJETA_BANCARIA_ID, NUMERO, TIPO, MES_EXPIRACION, ANIO_EXPIRACION, USUARIO_ID, BANCO_ID) values (96, '1151790803402820', 'solo', '11', '03', 96, 12);
insert into TARJETA_BANCARIA (TARJETA_BANCARIA_ID, NUMERO, TIPO, MES_EXPIRACION, ANIO_EXPIRACION, USUARIO_ID, BANCO_ID) values (97, '2393120088073359', 'instapayment', '07', '19', 47, 12);
insert into TARJETA_BANCARIA (TARJETA_BANCARIA_ID, NUMERO, TIPO, MES_EXPIRACION, ANIO_EXPIRACION, USUARIO_ID, BANCO_ID) values (98, '1186002357902479', 'china-unionpay', '12', '16', 42, 6);
insert into TARJETA_BANCARIA (TARJETA_BANCARIA_ID, NUMERO, TIPO, MES_EXPIRACION, ANIO_EXPIRACION, USUARIO_ID, BANCO_ID) values (99, '1906891731754165', 'jcb', '12', '13', 6, 15);
insert into TARJETA_BANCARIA (TARJETA_BANCARIA_ID, NUMERO, TIPO, MES_EXPIRACION, ANIO_EXPIRACION, USUARIO_ID, BANCO_ID) values (100, '1157163952588050', 'jcb', '11', '27', 79, 3);
alter table TARJETA_BANCARIA logging;

-- Tabla FACTURA
alter table FACTURA nologging;
insert into FACTURA (FACTURA_ID, FOLIO, FECHA_GENERACION, MONTO_TOTAL_COMPRAS, IVA, USUARIO_ID, CUENTA_BANCARIA_ID, TARJETA_BANCARIA_ID) values ( 1, '349-17-1250', to_date('12/12/2020','mm/dd/yyyy'), 342259259.98, 349873.68, 100, 91, 28);
insert into FACTURA (FACTURA_ID, FOLIO, FECHA_GENERACION, MONTO_TOTAL_COMPRAS, IVA, USUARIO_ID, CUENTA_BANCARIA_ID, TARJETA_BANCARIA_ID) values ( 2, '866-57-6313', to_date('10/23/2020','mm/dd/yyyy'), 399218724.5, 506144.63, 50, 37, 94);
insert into FACTURA (FACTURA_ID, FOLIO, FECHA_GENERACION, MONTO_TOTAL_COMPRAS, IVA, USUARIO_ID, CUENTA_BANCARIA_ID, TARJETA_BANCARIA_ID) values ( 3, '485-45-8103', to_date('10/31/2020','mm/dd/yyyy'), 119597274.82, 261167.75, 55, 43, 22);
insert into FACTURA (FACTURA_ID, FOLIO, FECHA_GENERACION, MONTO_TOTAL_COMPRAS, IVA, USUARIO_ID, CUENTA_BANCARIA_ID, TARJETA_BANCARIA_ID) values ( 4, '888-64-1589', to_date('03/17/2020','mm/dd/yyyy'), 106030967.16, 492777.3, 36, 79, 98);
insert into FACTURA (FACTURA_ID, FOLIO, FECHA_GENERACION, MONTO_TOTAL_COMPRAS, IVA, USUARIO_ID, CUENTA_BANCARIA_ID, TARJETA_BANCARIA_ID) values ( 5, '159-88-8904', to_date('03/20/2020','mm/dd/yyyy'), 399878873.43, 159178.64, 84, 29, 80);
insert into FACTURA (FACTURA_ID, FOLIO, FECHA_GENERACION, MONTO_TOTAL_COMPRAS, IVA, USUARIO_ID, CUENTA_BANCARIA_ID, TARJETA_BANCARIA_ID) values ( 6, '809-19-5647', to_date('02/05/2020','mm/dd/yyyy'), 704563616.32, 79288.84, 50, 67, 93);
insert into FACTURA (FACTURA_ID, FOLIO, FECHA_GENERACION, MONTO_TOTAL_COMPRAS, IVA, USUARIO_ID, CUENTA_BANCARIA_ID, TARJETA_BANCARIA_ID) values ( 7, '750-72-4601', to_date('11/05/2020','mm/dd/yyyy'), 139768262.83, 989130.09, 53, 10, 57);
insert into FACTURA (FACTURA_ID, FOLIO, FECHA_GENERACION, MONTO_TOTAL_COMPRAS, IVA, USUARIO_ID, CUENTA_BANCARIA_ID, TARJETA_BANCARIA_ID) values ( 8, '705-87-4905', to_date('11/24/2020','mm/dd/yyyy'), 542647671.59, 988140.98, 57, 90, 48);
insert into FACTURA (FACTURA_ID, FOLIO, FECHA_GENERACION, MONTO_TOTAL_COMPRAS, IVA, USUARIO_ID, CUENTA_BANCARIA_ID, TARJETA_BANCARIA_ID) values ( 9, '646-60-4400', to_date('05/31/2020','mm/dd/yyyy'), 999807369.2, 198204.37, 96, 98, 40);
insert into FACTURA (FACTURA_ID, FOLIO, FECHA_GENERACION, MONTO_TOTAL_COMPRAS, IVA, USUARIO_ID, CUENTA_BANCARIA_ID, TARJETA_BANCARIA_ID) values (10, '890-49-8700', to_date('12/08/2020','mm/dd/yyyy'), 448895151.13, 563634.4, 26, 98, 53);
insert into FACTURA (FACTURA_ID, FOLIO, FECHA_GENERACION, MONTO_TOTAL_COMPRAS, IVA, USUARIO_ID, CUENTA_BANCARIA_ID, TARJETA_BANCARIA_ID) values (11, '432-98-1774', to_date('02/25/2020','mm/dd/yyyy'), 671245989.84, 835555.09, 92, 63, 81);
insert into FACTURA (FACTURA_ID, FOLIO, FECHA_GENERACION, MONTO_TOTAL_COMPRAS, IVA, USUARIO_ID, CUENTA_BANCARIA_ID, TARJETA_BANCARIA_ID) values (12, '674-85-7267', to_date('02/18/2020','mm/dd/yyyy'), 147109611.17, 920193.55, 11, 29, 78);
insert into FACTURA (FACTURA_ID, FOLIO, FECHA_GENERACION, MONTO_TOTAL_COMPRAS, IVA, USUARIO_ID, CUENTA_BANCARIA_ID, TARJETA_BANCARIA_ID) values (13, '192-39-0624', to_date('01/09/2021','mm/dd/yyyy'), 601318656.73, 251159.42, 35, 44, 94);
insert into FACTURA (FACTURA_ID, FOLIO, FECHA_GENERACION, MONTO_TOTAL_COMPRAS, IVA, USUARIO_ID, CUENTA_BANCARIA_ID, TARJETA_BANCARIA_ID) values (14, '279-59-1213', to_date('10/23/2020','mm/dd/yyyy'), 609816690.38, 537418.22, 45, 44, 11);
insert into FACTURA (FACTURA_ID, FOLIO, FECHA_GENERACION, MONTO_TOTAL_COMPRAS, IVA, USUARIO_ID, CUENTA_BANCARIA_ID, TARJETA_BANCARIA_ID) values (15, '703-13-4087', to_date('07/25/2020','mm/dd/yyyy'), 658387884.63, 707374.94, 82, 12, 98);
insert into FACTURA (FACTURA_ID, FOLIO, FECHA_GENERACION, MONTO_TOTAL_COMPRAS, IVA, USUARIO_ID, CUENTA_BANCARIA_ID, TARJETA_BANCARIA_ID) values (16, '711-02-3660', to_date('05/09/2020','mm/dd/yyyy'), 628982929.81, 764184.99, 96, 2, 93);
insert into FACTURA (FACTURA_ID, FOLIO, FECHA_GENERACION, MONTO_TOTAL_COMPRAS, IVA, USUARIO_ID, CUENTA_BANCARIA_ID, TARJETA_BANCARIA_ID) values (17, '675-67-2517', to_date('12/28/2020','mm/dd/yyyy'), 411465619.65, 218582.79, 80, 20, 57);
insert into FACTURA (FACTURA_ID, FOLIO, FECHA_GENERACION, MONTO_TOTAL_COMPRAS, IVA, USUARIO_ID, CUENTA_BANCARIA_ID, TARJETA_BANCARIA_ID) values (18, '450-42-2365', to_date('04/12/2020','mm/dd/yyyy'), 397863755.37, 251642.16, 33, 28, 40);
insert into FACTURA (FACTURA_ID, FOLIO, FECHA_GENERACION, MONTO_TOTAL_COMPRAS, IVA, USUARIO_ID, CUENTA_BANCARIA_ID, TARJETA_BANCARIA_ID) values (19, '836-47-9153', to_date('08/02/2020','mm/dd/yyyy'), 844654760.09, 40490.93, 19, 39, 15);
insert into FACTURA (FACTURA_ID, FOLIO, FECHA_GENERACION, MONTO_TOTAL_COMPRAS, IVA, USUARIO_ID, CUENTA_BANCARIA_ID, TARJETA_BANCARIA_ID) values (20, '469-92-6343', to_date('02/21/2020','mm/dd/yyyy'), 746643565.23, 630051.97, 54, 94, 80);
insert into FACTURA (FACTURA_ID, FOLIO, FECHA_GENERACION, MONTO_TOTAL_COMPRAS, IVA, USUARIO_ID, CUENTA_BANCARIA_ID, TARJETA_BANCARIA_ID) values (21, '192-18-2512', to_date('09/22/2020','mm/dd/yyyy'), 804106131.89, 774403.03, 38, 67, 26);
insert into FACTURA (FACTURA_ID, FOLIO, FECHA_GENERACION, MONTO_TOTAL_COMPRAS, IVA, USUARIO_ID, CUENTA_BANCARIA_ID, TARJETA_BANCARIA_ID) values (22, '221-92-1433', to_date('12/24/2020','mm/dd/yyyy'), 103775517.01, 99097.66, 24, 57, 81);
insert into FACTURA (FACTURA_ID, FOLIO, FECHA_GENERACION, MONTO_TOTAL_COMPRAS, IVA, USUARIO_ID, CUENTA_BANCARIA_ID, TARJETA_BANCARIA_ID) values (23, '365-71-2380', to_date('11/14/2020','mm/dd/yyyy'), 6942010.81, 776471.88, 92, 80, 20);
insert into FACTURA (FACTURA_ID, FOLIO, FECHA_GENERACION, MONTO_TOTAL_COMPRAS, IVA, USUARIO_ID, CUENTA_BANCARIA_ID, TARJETA_BANCARIA_ID) values (24, '895-29-6564', to_date('06/17/2020','mm/dd/yyyy'), 721004208.87, 664639.2, 52, 99, 33);
insert into FACTURA (FACTURA_ID, FOLIO, FECHA_GENERACION, MONTO_TOTAL_COMPRAS, IVA, USUARIO_ID, CUENTA_BANCARIA_ID, TARJETA_BANCARIA_ID) values (25, '178-15-6128', to_date('02/09/2020','mm/dd/yyyy'), 988155917.67, 534649.34, 50, 78, 1);
insert into FACTURA (FACTURA_ID, FOLIO, FECHA_GENERACION, MONTO_TOTAL_COMPRAS, IVA, USUARIO_ID, CUENTA_BANCARIA_ID, TARJETA_BANCARIA_ID) values (26, '450-11-6959', to_date('06/05/2020','mm/dd/yyyy'), 797884537.99, 505261.17, 81, 67, 30);
insert into FACTURA (FACTURA_ID, FOLIO, FECHA_GENERACION, MONTO_TOTAL_COMPRAS, IVA, USUARIO_ID, CUENTA_BANCARIA_ID, TARJETA_BANCARIA_ID) values (27, '174-84-6912', to_date('11/19/2020','mm/dd/yyyy'), 69508758.04, 503858.55, 84, 33, 53);
insert into FACTURA (FACTURA_ID, FOLIO, FECHA_GENERACION, MONTO_TOTAL_COMPRAS, IVA, USUARIO_ID, CUENTA_BANCARIA_ID, TARJETA_BANCARIA_ID) values (28, '771-20-0930', to_date('03/18/2020','mm/dd/yyyy'), 530558803.62, 788054.45, 27, 47, 27);
insert into FACTURA (FACTURA_ID, FOLIO, FECHA_GENERACION, MONTO_TOTAL_COMPRAS, IVA, USUARIO_ID, CUENTA_BANCARIA_ID, TARJETA_BANCARIA_ID) values (29, '701-36-4403', to_date('10/08/2020','mm/dd/yyyy'), 669000161.54, 242921.2, 9, 66, 37);
insert into FACTURA (FACTURA_ID, FOLIO, FECHA_GENERACION, MONTO_TOTAL_COMPRAS, IVA, USUARIO_ID, CUENTA_BANCARIA_ID, TARJETA_BANCARIA_ID) values (30, '584-65-5392', to_date('02/03/2021','mm/dd/yyyy'), 750559353.31, 832601.06, 73, 88, 78);
insert into FACTURA (FACTURA_ID, FOLIO, FECHA_GENERACION, MONTO_TOTAL_COMPRAS, IVA, USUARIO_ID, CUENTA_BANCARIA_ID, TARJETA_BANCARIA_ID) values (31, '127-20-4376', to_date('10/05/2020','mm/dd/yyyy'), 182289574.7, 899733.05, 5, 77, 75);
insert into FACTURA (FACTURA_ID, FOLIO, FECHA_GENERACION, MONTO_TOTAL_COMPRAS, IVA, USUARIO_ID, CUENTA_BANCARIA_ID, TARJETA_BANCARIA_ID) values (32, '307-95-4462', to_date('05/08/2020','mm/dd/yyyy'), 195583893.91, 965437.75, 41, 79, 48);
insert into FACTURA (FACTURA_ID, FOLIO, FECHA_GENERACION, MONTO_TOTAL_COMPRAS, IVA, USUARIO_ID, CUENTA_BANCARIA_ID, TARJETA_BANCARIA_ID) values (33, '296-61-2820', to_date('04/02/2020','mm/dd/yyyy'), 614410593.2, 571187.04, 63, 8, 52);
insert into FACTURA (FACTURA_ID, FOLIO, FECHA_GENERACION, MONTO_TOTAL_COMPRAS, IVA, USUARIO_ID, CUENTA_BANCARIA_ID, TARJETA_BANCARIA_ID) values (34, '242-47-4884', to_date('10/26/2020','mm/dd/yyyy'), 402064060.12, 683104.78, 55, 15, 54);
insert into FACTURA (FACTURA_ID, FOLIO, FECHA_GENERACION, MONTO_TOTAL_COMPRAS, IVA, USUARIO_ID, CUENTA_BANCARIA_ID, TARJETA_BANCARIA_ID) values (35, '113-78-0633', to_date('02/19/2020','mm/dd/yyyy'), 598970540.25, 59230.11, 1, 7, 55);
insert into FACTURA (FACTURA_ID, FOLIO, FECHA_GENERACION, MONTO_TOTAL_COMPRAS, IVA, USUARIO_ID, CUENTA_BANCARIA_ID, TARJETA_BANCARIA_ID) values (36, '260-32-7463', to_date('07/21/2020','mm/dd/yyyy'), 44020020.18, 65788.12, 61, 49, 75);
insert into FACTURA (FACTURA_ID, FOLIO, FECHA_GENERACION, MONTO_TOTAL_COMPRAS, IVA, USUARIO_ID, CUENTA_BANCARIA_ID, TARJETA_BANCARIA_ID) values (37, '502-13-1927', to_date('07/09/2020','mm/dd/yyyy'), 641994010.79, 575278.41, 25, 40, 47);
insert into FACTURA (FACTURA_ID, FOLIO, FECHA_GENERACION, MONTO_TOTAL_COMPRAS, IVA, USUARIO_ID, CUENTA_BANCARIA_ID, TARJETA_BANCARIA_ID) values (38, '523-22-0960', to_date('07/03/2020','mm/dd/yyyy'), 345861013.51, 423031.76, 6, 48, 49);
insert into FACTURA (FACTURA_ID, FOLIO, FECHA_GENERACION, MONTO_TOTAL_COMPRAS, IVA, USUARIO_ID, CUENTA_BANCARIA_ID, TARJETA_BANCARIA_ID) values (39, '611-95-3543', to_date('07/13/2020','mm/dd/yyyy'), 476031112.51, 619981.67, 26, 65, 20);
insert into FACTURA (FACTURA_ID, FOLIO, FECHA_GENERACION, MONTO_TOTAL_COMPRAS, IVA, USUARIO_ID, CUENTA_BANCARIA_ID, TARJETA_BANCARIA_ID) values (40, '857-83-4802', to_date('01/14/2021','mm/dd/yyyy'), 758615199.18, 461072.11, 77, 37, 71);
insert into FACTURA (FACTURA_ID, FOLIO, FECHA_GENERACION, MONTO_TOTAL_COMPRAS, IVA, USUARIO_ID, CUENTA_BANCARIA_ID, TARJETA_BANCARIA_ID) values (41, '876-39-4638', to_date('08/24/2020','mm/dd/yyyy'), 138238733.59, 596525.42, 64, 69, 23);
insert into FACTURA (FACTURA_ID, FOLIO, FECHA_GENERACION, MONTO_TOTAL_COMPRAS, IVA, USUARIO_ID, CUENTA_BANCARIA_ID, TARJETA_BANCARIA_ID) values (42, '861-55-4044', to_date('01/10/2021','mm/dd/yyyy'), 22840085.87, 304102.0, 37, 52, 35);
insert into FACTURA (FACTURA_ID, FOLIO, FECHA_GENERACION, MONTO_TOTAL_COMPRAS, IVA, USUARIO_ID, CUENTA_BANCARIA_ID, TARJETA_BANCARIA_ID) values (43, '691-26-3410', to_date('11/27/2020','mm/dd/yyyy'), 637816084.25, 890444.59, 77, 14, 92);
insert into FACTURA (FACTURA_ID, FOLIO, FECHA_GENERACION, MONTO_TOTAL_COMPRAS, IVA, USUARIO_ID, CUENTA_BANCARIA_ID, TARJETA_BANCARIA_ID) values (44, '634-35-1974', to_date('03/11/2020','mm/dd/yyyy'), 272351266.29, 842182.77, 19, 81, 37);
insert into FACTURA (FACTURA_ID, FOLIO, FECHA_GENERACION, MONTO_TOTAL_COMPRAS, IVA, USUARIO_ID, CUENTA_BANCARIA_ID, TARJETA_BANCARIA_ID) values (45, '333-05-6259', to_date('12/10/2020','mm/dd/yyyy'), 179963169.37, 409577.17, 72, 31, 26);
insert into FACTURA (FACTURA_ID, FOLIO, FECHA_GENERACION, MONTO_TOTAL_COMPRAS, IVA, USUARIO_ID, CUENTA_BANCARIA_ID, TARJETA_BANCARIA_ID) values (46, '898-48-0530', to_date('02/01/2021','mm/dd/yyyy'), 459718030.59, 743624.26, 76, 92, 68);
insert into FACTURA (FACTURA_ID, FOLIO, FECHA_GENERACION, MONTO_TOTAL_COMPRAS, IVA, USUARIO_ID, CUENTA_BANCARIA_ID, TARJETA_BANCARIA_ID) values (47, '306-59-5871', to_date('10/16/2020','mm/dd/yyyy'), 859189209.75, 269972.28, 98, 66, 84);
insert into FACTURA (FACTURA_ID, FOLIO, FECHA_GENERACION, MONTO_TOTAL_COMPRAS, IVA, USUARIO_ID, CUENTA_BANCARIA_ID, TARJETA_BANCARIA_ID) values (48, '669-38-3386', to_date('05/10/2020','mm/dd/yyyy'), 27265364.82, 52060.96, 90, 92, 1);
insert into FACTURA (FACTURA_ID, FOLIO, FECHA_GENERACION, MONTO_TOTAL_COMPRAS, IVA, USUARIO_ID, CUENTA_BANCARIA_ID, TARJETA_BANCARIA_ID) values (49, '851-86-5291', to_date('10/22/2020','mm/dd/yyyy'), 737477301.21, 164815.73, 4, 53, 16);
insert into FACTURA (FACTURA_ID, FOLIO, FECHA_GENERACION, MONTO_TOTAL_COMPRAS, IVA, USUARIO_ID, CUENTA_BANCARIA_ID, TARJETA_BANCARIA_ID) values (50, '649-13-4433', to_date('06/18/2020','mm/dd/yyyy'), 824508322.61, 272036.24, 1, 1, 91);
insert into FACTURA (FACTURA_ID, FOLIO, FECHA_GENERACION, MONTO_TOTAL_COMPRAS, IVA, USUARIO_ID, CUENTA_BANCARIA_ID, TARJETA_BANCARIA_ID) values (51, '220-72-0080', to_date('07/17/2020','mm/dd/yyyy'), 251853663.16, 820259.4, 58, 57, 17);
insert into FACTURA (FACTURA_ID, FOLIO, FECHA_GENERACION, MONTO_TOTAL_COMPRAS, IVA, USUARIO_ID, CUENTA_BANCARIA_ID, TARJETA_BANCARIA_ID) values (52, '313-15-4187', to_date('01/18/2021','mm/dd/yyyy'), 702773563.32, 56769.5, 51, 56, 44);
insert into FACTURA (FACTURA_ID, FOLIO, FECHA_GENERACION, MONTO_TOTAL_COMPRAS, IVA, USUARIO_ID, CUENTA_BANCARIA_ID, TARJETA_BANCARIA_ID) values (53, '309-13-2556', to_date('02/06/2020','mm/dd/yyyy'), 946944775.39, 118536.18, 93, 35, 80);
insert into FACTURA (FACTURA_ID, FOLIO, FECHA_GENERACION, MONTO_TOTAL_COMPRAS, IVA, USUARIO_ID, CUENTA_BANCARIA_ID, TARJETA_BANCARIA_ID) values (54, '329-25-1818', to_date('04/26/2020','mm/dd/yyyy'), 838679568.27, 797521.81, 7, 85, 69);
insert into FACTURA (FACTURA_ID, FOLIO, FECHA_GENERACION, MONTO_TOTAL_COMPRAS, IVA, USUARIO_ID, CUENTA_BANCARIA_ID, TARJETA_BANCARIA_ID) values (55, '750-21-7319', to_date('04/02/2020','mm/dd/yyyy'), 421177620.97, 236356.92, 1, 60, 39);
insert into FACTURA (FACTURA_ID, FOLIO, FECHA_GENERACION, MONTO_TOTAL_COMPRAS, IVA, USUARIO_ID, CUENTA_BANCARIA_ID, TARJETA_BANCARIA_ID) values (56, '317-99-2033', to_date('07/29/2020','mm/dd/yyyy'), 528978219.09, 1793.02, 60, 55, 98);
insert into FACTURA (FACTURA_ID, FOLIO, FECHA_GENERACION, MONTO_TOTAL_COMPRAS, IVA, USUARIO_ID, CUENTA_BANCARIA_ID, TARJETA_BANCARIA_ID) values (57, '421-06-1957', to_date('05/02/2020','mm/dd/yyyy'), 879189417.66, 46000.52, 9, 10, 9);
insert into FACTURA (FACTURA_ID, FOLIO, FECHA_GENERACION, MONTO_TOTAL_COMPRAS, IVA, USUARIO_ID, CUENTA_BANCARIA_ID, TARJETA_BANCARIA_ID) values (58, '479-36-7132', to_date('09/21/2020','mm/dd/yyyy'), 535160303.53, 267601.33, 23, 43, 69);
insert into FACTURA (FACTURA_ID, FOLIO, FECHA_GENERACION, MONTO_TOTAL_COMPRAS, IVA, USUARIO_ID, CUENTA_BANCARIA_ID, TARJETA_BANCARIA_ID) values (59, '338-31-4924', to_date('09/30/2020','mm/dd/yyyy'), 469934935.1, 241919.32, 24, 2, 64);
insert into FACTURA (FACTURA_ID, FOLIO, FECHA_GENERACION, MONTO_TOTAL_COMPRAS, IVA, USUARIO_ID, CUENTA_BANCARIA_ID, TARJETA_BANCARIA_ID) values (60, '816-32-2936', to_date('12/19/2020','mm/dd/yyyy'), 208888529.27, 799520.05, 88, 46, 30);
insert into FACTURA (FACTURA_ID, FOLIO, FECHA_GENERACION, MONTO_TOTAL_COMPRAS, IVA, USUARIO_ID, CUENTA_BANCARIA_ID, TARJETA_BANCARIA_ID) values (61, '654-29-0570', to_date('02/28/2020','mm/dd/yyyy'), 97769329.11, 156582.84, 23, 80, 79);
insert into FACTURA (FACTURA_ID, FOLIO, FECHA_GENERACION, MONTO_TOTAL_COMPRAS, IVA, USUARIO_ID, CUENTA_BANCARIA_ID, TARJETA_BANCARIA_ID) values (62, '543-45-9522', to_date('09/07/2020','mm/dd/yyyy'), 875328567.13, 252980.92, 6, 47, 49);
insert into FACTURA (FACTURA_ID, FOLIO, FECHA_GENERACION, MONTO_TOTAL_COMPRAS, IVA, USUARIO_ID, CUENTA_BANCARIA_ID, TARJETA_BANCARIA_ID) values (63, '454-89-4365', to_date('09/17/2020','mm/dd/yyyy'), 90059619.16, 178283.1, 89, 49, 85);
insert into FACTURA (FACTURA_ID, FOLIO, FECHA_GENERACION, MONTO_TOTAL_COMPRAS, IVA, USUARIO_ID, CUENTA_BANCARIA_ID, TARJETA_BANCARIA_ID) values (64, '367-99-2234', to_date('02/23/2020','mm/dd/yyyy'), 813652010.75, 756033.87, 50, 48, 94);
insert into FACTURA (FACTURA_ID, FOLIO, FECHA_GENERACION, MONTO_TOTAL_COMPRAS, IVA, USUARIO_ID, CUENTA_BANCARIA_ID, TARJETA_BANCARIA_ID) values (65, '647-16-6184', to_date('12/31/2020','mm/dd/yyyy'), 492420374.38, 643164.32, 27, 7, 19);
insert into FACTURA (FACTURA_ID, FOLIO, FECHA_GENERACION, MONTO_TOTAL_COMPRAS, IVA, USUARIO_ID, CUENTA_BANCARIA_ID, TARJETA_BANCARIA_ID) values (66, '131-57-8398', to_date('10/27/2020','mm/dd/yyyy'), 152752892.87, 79108.92, 4, 29, 57);
insert into FACTURA (FACTURA_ID, FOLIO, FECHA_GENERACION, MONTO_TOTAL_COMPRAS, IVA, USUARIO_ID, CUENTA_BANCARIA_ID, TARJETA_BANCARIA_ID) values (67, '698-07-6838', to_date('11/11/2020','mm/dd/yyyy'), 249414753.69, 8962.59, 67, 40, 23);
insert into FACTURA (FACTURA_ID, FOLIO, FECHA_GENERACION, MONTO_TOTAL_COMPRAS, IVA, USUARIO_ID, CUENTA_BANCARIA_ID, TARJETA_BANCARIA_ID) values (68, '369-46-1430', to_date('06/23/2020','mm/dd/yyyy'), 631694347.48, 110749.34, 11, 8, 68);
insert into FACTURA (FACTURA_ID, FOLIO, FECHA_GENERACION, MONTO_TOTAL_COMPRAS, IVA, USUARIO_ID, CUENTA_BANCARIA_ID, TARJETA_BANCARIA_ID) values (69, '357-84-2503', to_date('05/07/2020','mm/dd/yyyy'), 341993657.14, 595450.25, 22, 12, 51);
insert into FACTURA (FACTURA_ID, FOLIO, FECHA_GENERACION, MONTO_TOTAL_COMPRAS, IVA, USUARIO_ID, CUENTA_BANCARIA_ID, TARJETA_BANCARIA_ID) values (70, '260-81-8648', to_date('08/23/2020','mm/dd/yyyy'), 756113916.24, 757552.02, 7, 71, 85);
insert into FACTURA (FACTURA_ID, FOLIO, FECHA_GENERACION, MONTO_TOTAL_COMPRAS, IVA, USUARIO_ID, CUENTA_BANCARIA_ID, TARJETA_BANCARIA_ID) values (71, '222-56-1615', to_date('05/10/2020','mm/dd/yyyy'), 430557981.23, 389853.14, 7, 46, 7);
insert into FACTURA (FACTURA_ID, FOLIO, FECHA_GENERACION, MONTO_TOTAL_COMPRAS, IVA, USUARIO_ID, CUENTA_BANCARIA_ID, TARJETA_BANCARIA_ID) values (72, '794-13-6813', to_date('05/18/2020','mm/dd/yyyy'), 236291721.38, 357636.07, 61, 49, 4);
insert into FACTURA (FACTURA_ID, FOLIO, FECHA_GENERACION, MONTO_TOTAL_COMPRAS, IVA, USUARIO_ID, CUENTA_BANCARIA_ID, TARJETA_BANCARIA_ID) values (73, '518-53-2267', to_date('05/22/2020','mm/dd/yyyy'), 764795386.69, 53163.81, 74, 62, 26);
insert into FACTURA (FACTURA_ID, FOLIO, FECHA_GENERACION, MONTO_TOTAL_COMPRAS, IVA, USUARIO_ID, CUENTA_BANCARIA_ID, TARJETA_BANCARIA_ID) values (74, '122-62-4551', to_date('09/08/2020','mm/dd/yyyy'), 669104910.61, 890579.19, 88, 8, 6);
insert into FACTURA (FACTURA_ID, FOLIO, FECHA_GENERACION, MONTO_TOTAL_COMPRAS, IVA, USUARIO_ID, CUENTA_BANCARIA_ID, TARJETA_BANCARIA_ID) values (75, '679-95-7934', to_date('02/19/2020','mm/dd/yyyy'), 836986332.43, 162067.06, 73, 64, 37);
insert into FACTURA (FACTURA_ID, FOLIO, FECHA_GENERACION, MONTO_TOTAL_COMPRAS, IVA, USUARIO_ID, CUENTA_BANCARIA_ID, TARJETA_BANCARIA_ID) values (76, '897-83-4395', to_date('02/23/2020','mm/dd/yyyy'), 518721281.9, 394238.94, 41, 43, 58);
insert into FACTURA (FACTURA_ID, FOLIO, FECHA_GENERACION, MONTO_TOTAL_COMPRAS, IVA, USUARIO_ID, CUENTA_BANCARIA_ID, TARJETA_BANCARIA_ID) values (77, '112-66-4869', to_date('05/23/2020','mm/dd/yyyy'), 224168833.66, 147341.04, 8, 50, 14);
insert into FACTURA (FACTURA_ID, FOLIO, FECHA_GENERACION, MONTO_TOTAL_COMPRAS, IVA, USUARIO_ID, CUENTA_BANCARIA_ID, TARJETA_BANCARIA_ID) values (78, '739-10-0761', to_date('07/26/2020','mm/dd/yyyy'), 752271602.07, 339994.65, 54, 77, 30);
insert into FACTURA (FACTURA_ID, FOLIO, FECHA_GENERACION, MONTO_TOTAL_COMPRAS, IVA, USUARIO_ID, CUENTA_BANCARIA_ID, TARJETA_BANCARIA_ID) values (79, '632-73-8358', to_date('10/20/2020','mm/dd/yyyy'), 337980029.63, 945597.0, 91, 50, 4);
insert into FACTURA (FACTURA_ID, FOLIO, FECHA_GENERACION, MONTO_TOTAL_COMPRAS, IVA, USUARIO_ID, CUENTA_BANCARIA_ID, TARJETA_BANCARIA_ID) values (80, '115-26-4446', to_date('03/25/2020','mm/dd/yyyy'), 547249864.81, 213410.98, 20, 94, 61);
insert into FACTURA (FACTURA_ID, FOLIO, FECHA_GENERACION, MONTO_TOTAL_COMPRAS, IVA, USUARIO_ID, CUENTA_BANCARIA_ID, TARJETA_BANCARIA_ID) values (81, '865-79-2697', to_date('11/02/2020','mm/dd/yyyy'), 146350032.97, 800114.13, 82, 14, 13);
insert into FACTURA (FACTURA_ID, FOLIO, FECHA_GENERACION, MONTO_TOTAL_COMPRAS, IVA, USUARIO_ID, CUENTA_BANCARIA_ID, TARJETA_BANCARIA_ID) values (82, '137-67-1442', to_date('07/12/2020','mm/dd/yyyy'), 601678302.68, 134363.99, 27, 68, 40);
insert into FACTURA (FACTURA_ID, FOLIO, FECHA_GENERACION, MONTO_TOTAL_COMPRAS, IVA, USUARIO_ID, CUENTA_BANCARIA_ID, TARJETA_BANCARIA_ID) values (83, '512-02-2306', to_date('06/17/2020','mm/dd/yyyy'), 318612084.36, 277204.86, 18, 7, 48);
insert into FACTURA (FACTURA_ID, FOLIO, FECHA_GENERACION, MONTO_TOTAL_COMPRAS, IVA, USUARIO_ID, CUENTA_BANCARIA_ID, TARJETA_BANCARIA_ID) values (84, '611-63-5831', to_date('01/02/2021','mm/dd/yyyy'), 691978223.72, 738613.88, 4, 59, 8);
insert into FACTURA (FACTURA_ID, FOLIO, FECHA_GENERACION, MONTO_TOTAL_COMPRAS, IVA, USUARIO_ID, CUENTA_BANCARIA_ID, TARJETA_BANCARIA_ID) values (85, '536-17-9524', to_date('04/21/2020','mm/dd/yyyy'), 863775372.52, 256615.54, 71, 32, 31);
insert into FACTURA (FACTURA_ID, FOLIO, FECHA_GENERACION, MONTO_TOTAL_COMPRAS, IVA, USUARIO_ID, CUENTA_BANCARIA_ID, TARJETA_BANCARIA_ID) values (86, '327-47-2390', to_date('11/01/2020','mm/dd/yyyy'), 819677071.75, 570148.0, 40, 77, 9);
insert into FACTURA (FACTURA_ID, FOLIO, FECHA_GENERACION, MONTO_TOTAL_COMPRAS, IVA, USUARIO_ID, CUENTA_BANCARIA_ID, TARJETA_BANCARIA_ID) values (87, '680-71-0987', to_date('09/08/2020','mm/dd/yyyy'), 969688669.71, 73017.82, 93, 62, 82);
insert into FACTURA (FACTURA_ID, FOLIO, FECHA_GENERACION, MONTO_TOTAL_COMPRAS, IVA, USUARIO_ID, CUENTA_BANCARIA_ID, TARJETA_BANCARIA_ID) values (88, '445-53-4542', to_date('09/18/2020','mm/dd/yyyy'), 15529924.8, 906770.0, 49, 62, 59);
insert into FACTURA (FACTURA_ID, FOLIO, FECHA_GENERACION, MONTO_TOTAL_COMPRAS, IVA, USUARIO_ID, CUENTA_BANCARIA_ID, TARJETA_BANCARIA_ID) values (89, '705-58-9066', to_date('04/02/2020','mm/dd/yyyy'), 496896300.31, 725260.0, 50, 34, 98);
insert into FACTURA (FACTURA_ID, FOLIO, FECHA_GENERACION, MONTO_TOTAL_COMPRAS, IVA, USUARIO_ID, CUENTA_BANCARIA_ID, TARJETA_BANCARIA_ID) values (90, '442-36-1289', to_date('12/21/2020','mm/dd/yyyy'), 463864333.97, 572107.54, 72, 18, 19);
insert into FACTURA (FACTURA_ID, FOLIO, FECHA_GENERACION, MONTO_TOTAL_COMPRAS, IVA, USUARIO_ID, CUENTA_BANCARIA_ID, TARJETA_BANCARIA_ID) values (91, '884-33-0639', to_date('06/19/2020','mm/dd/yyyy'), 496350652.75, 750817.83, 78, 75, 62);
insert into FACTURA (FACTURA_ID, FOLIO, FECHA_GENERACION, MONTO_TOTAL_COMPRAS, IVA, USUARIO_ID, CUENTA_BANCARIA_ID, TARJETA_BANCARIA_ID) values (92, '341-61-8309', to_date('09/12/2020','mm/dd/yyyy'), 6355621.87, 520348.6, 63, 46, 18);
insert into FACTURA (FACTURA_ID, FOLIO, FECHA_GENERACION, MONTO_TOTAL_COMPRAS, IVA, USUARIO_ID, CUENTA_BANCARIA_ID, TARJETA_BANCARIA_ID) values (93, '381-71-5948', to_date('07/01/2020','mm/dd/yyyy'), 963024931.09, 831007.29, 85, 71, 97);
insert into FACTURA (FACTURA_ID, FOLIO, FECHA_GENERACION, MONTO_TOTAL_COMPRAS, IVA, USUARIO_ID, CUENTA_BANCARIA_ID, TARJETA_BANCARIA_ID) values (94, '376-06-8029', to_date('04/23/2020','mm/dd/yyyy'), 614165434.89, 241440.65, 5, 36, 37);
insert into FACTURA (FACTURA_ID, FOLIO, FECHA_GENERACION, MONTO_TOTAL_COMPRAS, IVA, USUARIO_ID, CUENTA_BANCARIA_ID, TARJETA_BANCARIA_ID) values (95, '127-22-4547', to_date('09/19/2020','mm/dd/yyyy'), 123107987.01, 989180.34, 4, 13, 93);
insert into FACTURA (FACTURA_ID, FOLIO, FECHA_GENERACION, MONTO_TOTAL_COMPRAS, IVA, USUARIO_ID, CUENTA_BANCARIA_ID, TARJETA_BANCARIA_ID) values (96, '218-48-9845', to_date('10/20/2020','mm/dd/yyyy'), 48982552.11, 851539.62, 99, 30, 31);
insert into FACTURA (FACTURA_ID, FOLIO, FECHA_GENERACION, MONTO_TOTAL_COMPRAS, IVA, USUARIO_ID, CUENTA_BANCARIA_ID, TARJETA_BANCARIA_ID) values (97, '120-93-9695', to_date('12/16/2020','mm/dd/yyyy'), 144540360.88, 416713.0, 25, 12, 35);
insert into FACTURA (FACTURA_ID, FOLIO, FECHA_GENERACION, MONTO_TOTAL_COMPRAS, IVA, USUARIO_ID, CUENTA_BANCARIA_ID, TARJETA_BANCARIA_ID) values (98, '475-04-6116', to_date('10/21/2020','mm/dd/yyyy'), 235095186.79, 500723.9, 45, 68, 27);
insert into FACTURA (FACTURA_ID, FOLIO, FECHA_GENERACION, MONTO_TOTAL_COMPRAS, IVA, USUARIO_ID, CUENTA_BANCARIA_ID, TARJETA_BANCARIA_ID) values (99, '246-02-2968', to_date('07/04/2020','mm/dd/yyyy'), 516390737.56, 786686.98, 46, 38, 6);
insert into FACTURA (FACTURA_ID, FOLIO, FECHA_GENERACION, MONTO_TOTAL_COMPRAS, IVA, USUARIO_ID, CUENTA_BANCARIA_ID, TARJETA_BANCARIA_ID) values (100, '590-97-7688', to_date('09/08/2020','mm/dd/yyyy'), 239776845.41, 490899.89, 50, 58, 45);
alter table FACTURA logging;

commit;
