-- @Integrantes:   Rosales Romero Ricardo
--                 Suaréz Espinoza Mario Alberto
-- @Fecha:         04 de febrero de 2021
-- @Descripcion:   Carga inicial para tablas modulo administracion de objetos

--
--- STATUS OBJETO
--

INSERT INTO STATUS_OBJETO( STATUS_OBJETO_ID,  NOMBRE_STATUS,DESCRIPCION ) VALUES (1, 'DISO', 'OBJETO DISPO');
INSERT INTO STATUS_OBJETO( STATUS_OBJETO_ID,  NOMBRE_STATUS,DESCRIPCION ) VALUES (2, 'COMP', 'OBJETO COMP');
INSERT INTO STATUS_OBJETO( STATUS_OBJETO_ID,  NOMBRE_STATUS,DESCRIPCION ) VALUES (3, 'ENTRE', 'OBJETO ENTR');
INSERT INTO STATUS_OBJETO( STATUS_OBJETO_ID,  NOMBRE_STATUS,DESCRIPCION ) VALUES (4, 'DESC', 'OBJETO NO DI');

--
-- SUBASTA 
-- 

ALTER session set NLS_DATE_FORMAT='DD/MM/YYYY';
alter table subasta nologging;
insert into SUBASTA (SUBASTA_ID, FECHA_INICIO , URL , INGRESO_ESPERADO, TOTAL_RECAUDADO ) values (1, '20/11/2020', 'http://cafepress.com', 26841.98, 82821.52);
insert into SUBASTA (SUBASTA_ID, FECHA_INICIO , URL , INGRESO_ESPERADO, TOTAL_RECAUDADO ) values (2, '24/07/2020', 'http://linkedin.com', 66611.84, 74721.01);
insert into SUBASTA (SUBASTA_ID, FECHA_INICIO , URL , INGRESO_ESPERADO, TOTAL_RECAUDADO ) values (3, '05/11/2020', 'https://wix.com', 68867.34, 83758.58);
insert into SUBASTA (SUBASTA_ID, FECHA_INICIO , URL , INGRESO_ESPERADO, TOTAL_RECAUDADO ) values (4, '02/11/2020', 'http://wikimedia.org', 42225.3, 38635.94);
insert into SUBASTA (SUBASTA_ID, FECHA_INICIO , URL , INGRESO_ESPERADO, TOTAL_RECAUDADO ) values (5, '06/05/2020', 'https://engadget.com', 87883.79, 54116.02);
insert into SUBASTA (SUBASTA_ID, FECHA_INICIO , URL , INGRESO_ESPERADO, TOTAL_RECAUDADO ) values (6, '18/10/2020', 'https://gizmodo.com', 45887.52, 24944.21);
insert into SUBASTA (SUBASTA_ID, FECHA_INICIO , URL , INGRESO_ESPERADO, TOTAL_RECAUDADO ) values (7, '26/04/2020', 'http://pinterest.com', 97442.28, 74523.49);
insert into SUBASTA (SUBASTA_ID, FECHA_INICIO , URL , INGRESO_ESPERADO, TOTAL_RECAUDADO ) values (8, '01/07/2020', 'https://paginegialle.it', 37748.92, 61814.79);
insert into SUBASTA (SUBASTA_ID, FECHA_INICIO , URL , INGRESO_ESPERADO, TOTAL_RECAUDADO ) values (9, '08/02/2020', 'http://ustream.tv', 98626.0, 89768.64);
insert into SUBASTA (SUBASTA_ID, FECHA_INICIO , URL , INGRESO_ESPERADO, TOTAL_RECAUDADO ) values (10, '22/10/2020', 'https://jimdo.com', 76495.36, 33816.79);
insert into SUBASTA (SUBASTA_ID, FECHA_INICIO , URL , INGRESO_ESPERADO, TOTAL_RECAUDADO ) values (11, '06/08/2020', 'http://dedecms.com', 16177.38, 52841.72);
insert into SUBASTA (SUBASTA_ID, FECHA_INICIO , URL , INGRESO_ESPERADO, TOTAL_RECAUDADO ) values (12, '23/08/2020', 'http://webeden.co.uk', 99691.31, 98193.27);
insert into SUBASTA (SUBASTA_ID, FECHA_INICIO , URL , INGRESO_ESPERADO, TOTAL_RECAUDADO ) values (13, '27/12/2020', 'https://scientificamerican.com', 92429.3, 20356.36);
insert into SUBASTA (SUBASTA_ID, FECHA_INICIO , URL , INGRESO_ESPERADO, TOTAL_RECAUDADO ) values (14, '16/12/2020', 'https://zimbio.com', 50029.38, 72582.43);
insert into SUBASTA (SUBASTA_ID, FECHA_INICIO , URL , INGRESO_ESPERADO, TOTAL_RECAUDADO ) values (15, '14/11/2020', 'http://adobe.com', 67905.63, 47293.3);
insert into SUBASTA (SUBASTA_ID, FECHA_INICIO , URL , INGRESO_ESPERADO, TOTAL_RECAUDADO ) values (16, '25/09/2020', 'http://yellowpages.com', 76112.69, 86408.94);
insert into SUBASTA (SUBASTA_ID, FECHA_INICIO , URL , INGRESO_ESPERADO, TOTAL_RECAUDADO ) values (17, '22/04/2020', 'http://springer.com', 74951.63, 87923.89);
insert into SUBASTA (SUBASTA_ID, FECHA_INICIO , URL , INGRESO_ESPERADO, TOTAL_RECAUDADO ) values (18, '27/08/2020', 'https://redcross.org', 81448.38, 63538.45);
insert into SUBASTA (SUBASTA_ID, FECHA_INICIO , URL , INGRESO_ESPERADO, TOTAL_RECAUDADO ) values (19, '08/10/2020', 'http://dagondesign.com', 89595.2, 81021.11);
insert into SUBASTA (SUBASTA_ID, FECHA_INICIO , URL , INGRESO_ESPERADO, TOTAL_RECAUDADO ) values (20, '03/12/2020', 'http://census.gov', 16161.76, 51658.63);
insert into SUBASTA (SUBASTA_ID, FECHA_INICIO , URL , INGRESO_ESPERADO, TOTAL_RECAUDADO ) values (21, '08/06/2020', 'https://washington.edu', 42548.42, 16242.89);
insert into SUBASTA (SUBASTA_ID, FECHA_INICIO , URL , INGRESO_ESPERADO, TOTAL_RECAUDADO ) values (22, '04/12/2020', 'https://google.co.jp', 78638.87, 97988.61);
insert into SUBASTA (SUBASTA_ID, FECHA_INICIO , URL , INGRESO_ESPERADO, TOTAL_RECAUDADO ) values (23, '07/09/2020', 'https://omniture.com', 99620.07, 73319.23);
insert into SUBASTA (SUBASTA_ID, FECHA_INICIO , URL , INGRESO_ESPERADO, TOTAL_RECAUDADO ) values (24, '10/10/2020', 'https://issuu.com', 61883.27, 41421.29);
insert into SUBASTA (SUBASTA_ID, FECHA_INICIO , URL , INGRESO_ESPERADO, TOTAL_RECAUDADO ) values (25, '25/03/2020', 'http://adobe.com', 52224.74, 36497.24);
insert into SUBASTA (SUBASTA_ID, FECHA_INICIO , URL , INGRESO_ESPERADO, TOTAL_RECAUDADO ) values (26, '26/12/2020', 'https://joomla.org', 43433.65, 71062.85);
insert into SUBASTA (SUBASTA_ID, FECHA_INICIO , URL , INGRESO_ESPERADO, TOTAL_RECAUDADO ) values (27, '11/11/2020', 'http://mayoclinic.com', 22031.91, 80562.67);
insert into SUBASTA (SUBASTA_ID, FECHA_INICIO , URL , INGRESO_ESPERADO, TOTAL_RECAUDADO ) values (28, '06/03/2020', 'http://salon.com', 73072.14, 72867.3);
insert into SUBASTA (SUBASTA_ID, FECHA_INICIO , URL , INGRESO_ESPERADO, TOTAL_RECAUDADO ) values (29, '28/06/2020', 'http://miitbeian.gov.cn', 49366.14, 81656.25);
insert into SUBASTA (SUBASTA_ID, FECHA_INICIO , URL , INGRESO_ESPERADO, TOTAL_RECAUDADO ) values (30, '21/10/2020', 'https://ibm.com', 62388.05, 11552.89);
insert into SUBASTA (SUBASTA_ID, FECHA_INICIO , URL , INGRESO_ESPERADO, TOTAL_RECAUDADO ) values (31, '01/12/2020', 'https://wired.com', 50322.49, 55660.17);
insert into SUBASTA (SUBASTA_ID, FECHA_INICIO , URL , INGRESO_ESPERADO, TOTAL_RECAUDADO ) values (32, '21/09/2020', 'http://usgs.gov', 29481.84, 47735.96);
insert into SUBASTA (SUBASTA_ID, FECHA_INICIO , URL , INGRESO_ESPERADO, TOTAL_RECAUDADO ) values (33, '02/07/2020', 'https://prlog.org', 86680.6, 76607.9);
insert into SUBASTA (SUBASTA_ID, FECHA_INICIO , URL , INGRESO_ESPERADO, TOTAL_RECAUDADO ) values (34, '18/01/2021', 'http://free.fr', 96015.43, 52309.65);
insert into SUBASTA (SUBASTA_ID, FECHA_INICIO , URL , INGRESO_ESPERADO, TOTAL_RECAUDADO ) values (35, '10/04/2020', 'https://networksolutions.com', 30520.33, 27480.07);
insert into SUBASTA (SUBASTA_ID, FECHA_INICIO , URL , INGRESO_ESPERADO, TOTAL_RECAUDADO ) values (36, '06/04/2020', 'http://discuz.net', 83755.0, 11858.4);
insert into SUBASTA (SUBASTA_ID, FECHA_INICIO , URL , INGRESO_ESPERADO, TOTAL_RECAUDADO ) values (37, '14/01/2021', 'https://umn.edu', 79715.99, 23240.19);
insert into SUBASTA (SUBASTA_ID, FECHA_INICIO , URL , INGRESO_ESPERADO, TOTAL_RECAUDADO ) values (38, '23/08/2020', 'http://google.pl', 12366.24, 82559.29);
insert into SUBASTA (SUBASTA_ID, FECHA_INICIO , URL , INGRESO_ESPERADO, TOTAL_RECAUDADO ) values (39, '20/07/2020', 'http://indiatimes.com', 24846.62, 53750.41);
insert into SUBASTA (SUBASTA_ID, FECHA_INICIO , URL , INGRESO_ESPERADO, TOTAL_RECAUDADO ) values (40, '03/09/2020', 'http://aboutads.info', 87652.43, 40206.17);
insert into SUBASTA (SUBASTA_ID, FECHA_INICIO , URL , INGRESO_ESPERADO, TOTAL_RECAUDADO ) values (41, '09/09/2020', 'https://mac.com', 73040.38, 31761.15);
insert into SUBASTA (SUBASTA_ID, FECHA_INICIO , URL , INGRESO_ESPERADO, TOTAL_RECAUDADO ) values (42, '13/08/2020', 'https://php.net', 74802.79, 10346.48);
insert into SUBASTA (SUBASTA_ID, FECHA_INICIO , URL , INGRESO_ESPERADO, TOTAL_RECAUDADO ) values (43, '16/10/2020', 'https://pen.io', 69357.86, 54878.48);
insert into SUBASTA (SUBASTA_ID, FECHA_INICIO , URL , INGRESO_ESPERADO, TOTAL_RECAUDADO ) values (44, '02/09/2020', 'http://prweb.com', 69188.69, 88772.35);
insert into SUBASTA (SUBASTA_ID, FECHA_INICIO , URL , INGRESO_ESPERADO, TOTAL_RECAUDADO ) values (45, '09/07/2020', 'http://cloudflare.com', 97525.14, 68723.2);
insert into SUBASTA (SUBASTA_ID, FECHA_INICIO , URL , INGRESO_ESPERADO, TOTAL_RECAUDADO ) values (46, '12/11/2020', 'https://ebay.com', 25856.25, 53853.25);
insert into SUBASTA (SUBASTA_ID, FECHA_INICIO , URL , INGRESO_ESPERADO, TOTAL_RECAUDADO ) values (47, '17/09/2020', 'http://craigslist.org', 14527.46, 88867.67);
insert into SUBASTA (SUBASTA_ID, FECHA_INICIO , URL , INGRESO_ESPERADO, TOTAL_RECAUDADO ) values (48, '04/02/2020', 'https://stanford.edu', 41006.07, 68772.34);
insert into SUBASTA (SUBASTA_ID, FECHA_INICIO , URL , INGRESO_ESPERADO, TOTAL_RECAUDADO ) values (49, '01/09/2020', 'http://nps.gov', 87495.46, 97886.2);
insert into SUBASTA (SUBASTA_ID, FECHA_INICIO , URL , INGRESO_ESPERADO, TOTAL_RECAUDADO ) values (50, '05/07/2020', 'https://ocn.ne.jp', 64757.18, 71643.94);
insert into SUBASTA (SUBASTA_ID, FECHA_INICIO , URL , INGRESO_ESPERADO, TOTAL_RECAUDADO ) values (51, '02/05/2020', 'https://bbc.co.uk', 27788.56, 48836.91);
insert into SUBASTA (SUBASTA_ID, FECHA_INICIO , URL , INGRESO_ESPERADO, TOTAL_RECAUDADO ) values (52, '08/08/2020', 'http://xinhuanet.com', 97718.86, 80254.78);
insert into SUBASTA (SUBASTA_ID, FECHA_INICIO , URL , INGRESO_ESPERADO, TOTAL_RECAUDADO ) values (53, '19/05/2020', 'https://etsy.com', 14854.38, 71102.17);
insert into SUBASTA (SUBASTA_ID, FECHA_INICIO , URL , INGRESO_ESPERADO, TOTAL_RECAUDADO ) values (54, '04/10/2020', 'http://php.net', 30428.63, 15753.31);
insert into SUBASTA (SUBASTA_ID, FECHA_INICIO , URL , INGRESO_ESPERADO, TOTAL_RECAUDADO ) values (55, '02/05/2020', 'http://drupal.org', 32386.12, 35617.85);
insert into SUBASTA (SUBASTA_ID, FECHA_INICIO , URL , INGRESO_ESPERADO, TOTAL_RECAUDADO ) values (56, '08/04/2020', 'http://wix.com', 88231.2, 82345.36);
insert into SUBASTA (SUBASTA_ID, FECHA_INICIO , URL , INGRESO_ESPERADO, TOTAL_RECAUDADO ) values (57, '16/08/2020', 'https://go.com', 90278.44, 56907.9);
insert into SUBASTA (SUBASTA_ID, FECHA_INICIO , URL , INGRESO_ESPERADO, TOTAL_RECAUDADO ) values (58, '27/10/2020', 'http://ehow.com', 44543.51, 45715.31);
insert into SUBASTA (SUBASTA_ID, FECHA_INICIO , URL , INGRESO_ESPERADO, TOTAL_RECAUDADO ) values (59, '27/03/2020', 'https://nationalgeographic.com', 33737.22, 53192.67);
insert into SUBASTA (SUBASTA_ID, FECHA_INICIO , URL , INGRESO_ESPERADO, TOTAL_RECAUDADO ) values (60, '22/05/2020', 'https://mediafire.com', 84535.36, 15541.49);
insert into SUBASTA (SUBASTA_ID, FECHA_INICIO , URL , INGRESO_ESPERADO, TOTAL_RECAUDADO ) values (61, '07/04/2020', 'http://dot.gov', 32172.71, 53148.22);
insert into SUBASTA (SUBASTA_ID, FECHA_INICIO , URL , INGRESO_ESPERADO, TOTAL_RECAUDADO ) values (62, '30/04/2020', 'https://csmonitor.com', 51443.74, 74656.64);
insert into SUBASTA (SUBASTA_ID, FECHA_INICIO , URL , INGRESO_ESPERADO, TOTAL_RECAUDADO ) values (63, '25/12/2020', 'https://elpais.com', 77314.67, 98726.88);
insert into SUBASTA (SUBASTA_ID, FECHA_INICIO , URL , INGRESO_ESPERADO, TOTAL_RECAUDADO ) values (64, '26/07/2020', 'http://exblog.jp', 14209.39, 61794.99);
insert into SUBASTA (SUBASTA_ID, FECHA_INICIO , URL , INGRESO_ESPERADO, TOTAL_RECAUDADO ) values (65, '07/10/2020', 'https://livejournal.com', 59464.83, 58926.46);
insert into SUBASTA (SUBASTA_ID, FECHA_INICIO , URL , INGRESO_ESPERADO, TOTAL_RECAUDADO ) values (66, '22/05/2020', 'http://edublogs.org', 66218.62, 28595.89);
insert into SUBASTA (SUBASTA_ID, FECHA_INICIO , URL , INGRESO_ESPERADO, TOTAL_RECAUDADO ) values (67, '27/10/2020', 'http://friendfeed.com', 23437.03, 83147.64);
insert into SUBASTA (SUBASTA_ID, FECHA_INICIO , URL , INGRESO_ESPERADO, TOTAL_RECAUDADO ) values (68, '23/04/2020', 'https://icio.us', 11765.05, 58332.43);
insert into SUBASTA (SUBASTA_ID, FECHA_INICIO , URL , INGRESO_ESPERADO, TOTAL_RECAUDADO ) values (69, '07/01/2021', 'https://google.fr', 38050.88, 17560.75);
insert into SUBASTA (SUBASTA_ID, FECHA_INICIO , URL , INGRESO_ESPERADO, TOTAL_RECAUDADO ) values (70, '22/07/2020', 'http://csmonitor.com', 58482.78, 82610.95);
insert into SUBASTA (SUBASTA_ID, FECHA_INICIO , URL , INGRESO_ESPERADO, TOTAL_RECAUDADO ) values (71, '13/05/2020', 'http://live.com', 75503.11, 75502.1);
insert into SUBASTA (SUBASTA_ID, FECHA_INICIO , URL , INGRESO_ESPERADO, TOTAL_RECAUDADO ) values (72, '26/05/2020', 'https://illinois.edu', 83817.08, 14524.59);
insert into SUBASTA (SUBASTA_ID, FECHA_INICIO , URL , INGRESO_ESPERADO, TOTAL_RECAUDADO ) values (73, '11/02/2020', 'https://jimdo.com', 54270.49, 13943.6);
insert into SUBASTA (SUBASTA_ID, FECHA_INICIO , URL , INGRESO_ESPERADO, TOTAL_RECAUDADO ) values (74, '04/11/2020', 'https://biblegateway.com', 78848.34, 73444.96);
insert into SUBASTA (SUBASTA_ID, FECHA_INICIO , URL , INGRESO_ESPERADO, TOTAL_RECAUDADO ) values (75, '29/10/2020', 'http://bigcartel.com', 75476.91, 19436.04);
insert into SUBASTA (SUBASTA_ID, FECHA_INICIO , URL , INGRESO_ESPERADO, TOTAL_RECAUDADO ) values (76, '27/10/2020', 'https://freewebs.com', 85969.83, 91050.73);
insert into SUBASTA (SUBASTA_ID, FECHA_INICIO , URL , INGRESO_ESPERADO, TOTAL_RECAUDADO ) values (77, '28/12/2020', 'http://4shared.com', 85522.95, 24806.26);
insert into SUBASTA (SUBASTA_ID, FECHA_INICIO , URL , INGRESO_ESPERADO, TOTAL_RECAUDADO ) values (78, '28/06/2020', 'https://multiply.com', 16846.34, 25218.05);
insert into SUBASTA (SUBASTA_ID, FECHA_INICIO , URL , INGRESO_ESPERADO, TOTAL_RECAUDADO ) values (79, '19/02/2020', 'http://wikia.com', 83650.21, 76922.39);
insert into SUBASTA (SUBASTA_ID, FECHA_INICIO , URL , INGRESO_ESPERADO, TOTAL_RECAUDADO ) values (80, '14/04/2020', 'https://cnn.com', 66769.11, 12594.14);
insert into SUBASTA (SUBASTA_ID, FECHA_INICIO , URL , INGRESO_ESPERADO, TOTAL_RECAUDADO ) values (81, '14/04/2020', 'http://goo.ne.jp', 25924.08, 94373.97);
insert into SUBASTA (SUBASTA_ID, FECHA_INICIO , URL , INGRESO_ESPERADO, TOTAL_RECAUDADO ) values (82, '22/03/2020', 'http://auda.org.au', 49382.3, 49558.8);
insert into SUBASTA (SUBASTA_ID, FECHA_INICIO , URL , INGRESO_ESPERADO, TOTAL_RECAUDADO ) values (83, '26/02/2020', 'http://uiuc.edu', 32978.63, 11848.14);
insert into SUBASTA (SUBASTA_ID, FECHA_INICIO , URL , INGRESO_ESPERADO, TOTAL_RECAUDADO ) values (84, '27/09/2020', 'https://miitbeian.gov.cn', 12117.58, 11336.35);
insert into SUBASTA (SUBASTA_ID, FECHA_INICIO , URL , INGRESO_ESPERADO, TOTAL_RECAUDADO ) values (85, '19/08/2020', 'https://shareasale.com', 22256.77, 92002.69);
insert into SUBASTA (SUBASTA_ID, FECHA_INICIO , URL , INGRESO_ESPERADO, TOTAL_RECAUDADO ) values (86, '16/02/2020', 'https://dell.com', 79238.44, 94505.44);
insert into SUBASTA (SUBASTA_ID, FECHA_INICIO , URL , INGRESO_ESPERADO, TOTAL_RECAUDADO ) values (87, '26/08/2020', 'https://reference.com', 80648.61, 93405.46);
insert into SUBASTA (SUBASTA_ID, FECHA_INICIO , URL , INGRESO_ESPERADO, TOTAL_RECAUDADO ) values (88, '09/03/2020', 'https://hostgator.com', 28646.95, 51137.6);
insert into SUBASTA (SUBASTA_ID, FECHA_INICIO , URL , INGRESO_ESPERADO, TOTAL_RECAUDADO ) values (89, '12/04/2020', 'http://wikispaces.com', 58311.41, 34188.6);
insert into SUBASTA (SUBASTA_ID, FECHA_INICIO , URL , INGRESO_ESPERADO, TOTAL_RECAUDADO ) values (90, '14/02/2020', 'https://tuttocitta.it', 75502.21, 39533.9);
insert into SUBASTA (SUBASTA_ID, FECHA_INICIO , URL , INGRESO_ESPERADO, TOTAL_RECAUDADO ) values (91, '29/04/2020', 'https://ihg.com', 75340.42, 38333.61);
insert into SUBASTA (SUBASTA_ID, FECHA_INICIO , URL , INGRESO_ESPERADO, TOTAL_RECAUDADO ) values (92, '25/11/2020', 'https://netscape.com', 87385.11, 58522.02);
insert into SUBASTA (SUBASTA_ID, FECHA_INICIO , URL , INGRESO_ESPERADO, TOTAL_RECAUDADO ) values (93, '21/10/2020', 'https://bandcamp.com', 81595.36, 12338.95);
insert into SUBASTA (SUBASTA_ID, FECHA_INICIO , URL , INGRESO_ESPERADO, TOTAL_RECAUDADO ) values (94, '04/07/2020', 'https://europa.eu', 92470.51, 49961.56);
insert into SUBASTA (SUBASTA_ID, FECHA_INICIO , URL , INGRESO_ESPERADO, TOTAL_RECAUDADO ) values (95, '01/10/2020', 'http://furl.net', 82114.11, 29013.28);
insert into SUBASTA (SUBASTA_ID, FECHA_INICIO , URL , INGRESO_ESPERADO, TOTAL_RECAUDADO ) values (96, '06/06/2020', 'https://soundcloud.com', 44760.61, 96083.23);
insert into SUBASTA (SUBASTA_ID, FECHA_INICIO , URL , INGRESO_ESPERADO, TOTAL_RECAUDADO ) values (97, '30/09/2020', 'https://hud.gov', 46093.31, 38388.59);
insert into SUBASTA (SUBASTA_ID, FECHA_INICIO , URL , INGRESO_ESPERADO, TOTAL_RECAUDADO ) values (98, '28/06/2020', 'https://trellian.com', 58334.25, 87629.19);
insert into SUBASTA (SUBASTA_ID, FECHA_INICIO , URL , INGRESO_ESPERADO, TOTAL_RECAUDADO ) values (99, '20/03/2020', 'http://behance.net', 42989.01, 84990.76);
insert into SUBASTA (SUBASTA_ID, FECHA_INICIO , URL , INGRESO_ESPERADO, TOTAL_RECAUDADO ) values (100, '09/04/2020', 'https://technorati.com', 10941.08, 45321.04);
insert into SUBASTA (SUBASTA_ID, FECHA_INICIO , URL , INGRESO_ESPERADO, TOTAL_RECAUDADO ) values (101, '22/04/2020', 'http://wikipedia.org', 31241.38, 20985.43);
insert into SUBASTA (SUBASTA_ID, FECHA_INICIO , URL , INGRESO_ESPERADO, TOTAL_RECAUDADO ) values (102, '18/08/2020', 'https://elegantthemes.com', 69870.27, 16676.05);
insert into SUBASTA (SUBASTA_ID, FECHA_INICIO , URL , INGRESO_ESPERADO, TOTAL_RECAUDADO ) values (103, '01/10/2020', 'https://bloomberg.com', 13265.22, 77833.22);
insert into SUBASTA (SUBASTA_ID, FECHA_INICIO , URL , INGRESO_ESPERADO, TOTAL_RECAUDADO ) values (104, '18/11/2020', 'http://vkontakte.ru', 50829.38, 52896.1);
insert into SUBASTA (SUBASTA_ID, FECHA_INICIO , URL , INGRESO_ESPERADO, TOTAL_RECAUDADO ) values (105, '14/04/2020', 'http://businesswire.com', 51952.94, 73280.75);
insert into SUBASTA (SUBASTA_ID, FECHA_INICIO , URL , INGRESO_ESPERADO, TOTAL_RECAUDADO ) values (106, '19/10/2020', 'http://creativecommons.org', 59950.12, 85825.2);
insert into SUBASTA (SUBASTA_ID, FECHA_INICIO , URL , INGRESO_ESPERADO, TOTAL_RECAUDADO ) values (107, '12/02/2020', 'https://buzzfeed.com', 61116.71, 97126.21);
insert into SUBASTA (SUBASTA_ID, FECHA_INICIO , URL , INGRESO_ESPERADO, TOTAL_RECAUDADO ) values (108, '28/09/2020', 'https://paginegialle.it', 30650.25, 83222.7);
insert into SUBASTA (SUBASTA_ID, FECHA_INICIO , URL , INGRESO_ESPERADO, TOTAL_RECAUDADO ) values (109, '21/11/2020', 'http://symantec.com', 31020.57, 80362.9);
insert into SUBASTA (SUBASTA_ID, FECHA_INICIO , URL , INGRESO_ESPERADO, TOTAL_RECAUDADO ) values (110, '10/12/2020', 'https://sitemeter.com', 36113.4, 73721.03);
insert into SUBASTA (SUBASTA_ID, FECHA_INICIO , URL , INGRESO_ESPERADO, TOTAL_RECAUDADO ) values (111, '25/03/2020', 'http://dot.gov', 55542.05, 72380.38);
insert into SUBASTA (SUBASTA_ID, FECHA_INICIO , URL , INGRESO_ESPERADO, TOTAL_RECAUDADO ) values (112, '14/04/2020', 'http://redcross.org', 18147.72, 78966.83);
insert into SUBASTA (SUBASTA_ID, FECHA_INICIO , URL , INGRESO_ESPERADO, TOTAL_RECAUDADO ) values (113, '26/03/2020', 'https://imgur.com', 98080.69, 94484.38);
insert into SUBASTA (SUBASTA_ID, FECHA_INICIO , URL , INGRESO_ESPERADO, TOTAL_RECAUDADO ) values (114, '04/10/2020', 'http://msu.edu', 31759.53, 53838.39);
insert into SUBASTA (SUBASTA_ID, FECHA_INICIO , URL , INGRESO_ESPERADO, TOTAL_RECAUDADO ) values (115, '21/02/2020', 'https://bloglovin.com', 99364.65, 81988.68);
insert into SUBASTA (SUBASTA_ID, FECHA_INICIO , URL , INGRESO_ESPERADO, TOTAL_RECAUDADO ) values (116, '26/04/2020', 'https://amazon.co.jp', 16165.61, 93903.33);
insert into SUBASTA (SUBASTA_ID, FECHA_INICIO , URL , INGRESO_ESPERADO, TOTAL_RECAUDADO ) values (117, '04/08/2020', 'https://posterous.com', 23828.64, 22732.82);
insert into SUBASTA (SUBASTA_ID, FECHA_INICIO , URL , INGRESO_ESPERADO, TOTAL_RECAUDADO ) values (118, '09/04/2020', 'https://seesaa.net', 22819.0, 44743.41);
insert into SUBASTA (SUBASTA_ID, FECHA_INICIO , URL , INGRESO_ESPERADO, TOTAL_RECAUDADO ) values (119, '02/08/2020', 'http://google.com', 83008.05, 82503.13);
insert into SUBASTA (SUBASTA_ID, FECHA_INICIO , URL , INGRESO_ESPERADO, TOTAL_RECAUDADO ) values (120, '23/07/2020', 'https://ihg.com', 26751.64, 39366.97);
insert into SUBASTA (SUBASTA_ID, FECHA_INICIO , URL , INGRESO_ESPERADO, TOTAL_RECAUDADO ) values (121, '27/12/2020', 'http://people.com.cn', 58720.89, 89033.96);
insert into SUBASTA (SUBASTA_ID, FECHA_INICIO , URL , INGRESO_ESPERADO, TOTAL_RECAUDADO ) values (122, '23/01/2021', 'https://nih.gov', 57902.94, 12112.5);
insert into SUBASTA (SUBASTA_ID, FECHA_INICIO , URL , INGRESO_ESPERADO, TOTAL_RECAUDADO ) values (123, '03/12/2020', 'http://unesco.org', 63176.84, 92196.79);
insert into SUBASTA (SUBASTA_ID, FECHA_INICIO , URL , INGRESO_ESPERADO, TOTAL_RECAUDADO ) values (124, '20/05/2020', 'https://mail.ru', 83316.37, 58640.89);
insert into SUBASTA (SUBASTA_ID, FECHA_INICIO , URL , INGRESO_ESPERADO, TOTAL_RECAUDADO ) values (125, '12/11/2020', 'https://reference.com', 52249.44, 29642.37);
insert into SUBASTA (SUBASTA_ID, FECHA_INICIO , URL , INGRESO_ESPERADO, TOTAL_RECAUDADO ) values (126, '19/09/2020', 'https://phpbb.com', 18321.56, 27782.28);
insert into SUBASTA (SUBASTA_ID, FECHA_INICIO , URL , INGRESO_ESPERADO, TOTAL_RECAUDADO ) values (127, '12/06/2020', 'http://studiopress.com', 32698.75, 62283.55);
insert into SUBASTA (SUBASTA_ID, FECHA_INICIO , URL , INGRESO_ESPERADO, TOTAL_RECAUDADO ) values (128, '19/07/2020', 'http://apple.com', 29122.11, 48192.83);
insert into SUBASTA (SUBASTA_ID, FECHA_INICIO , URL , INGRESO_ESPERADO, TOTAL_RECAUDADO ) values (129, '22/09/2020', 'https://examiner.com', 75702.37, 40306.83);
insert into SUBASTA (SUBASTA_ID, FECHA_INICIO , URL , INGRESO_ESPERADO, TOTAL_RECAUDADO ) values (130, '04/09/2020', 'https://admin.ch', 73737.19, 10736.05);
insert into SUBASTA (SUBASTA_ID, FECHA_INICIO , URL , INGRESO_ESPERADO, TOTAL_RECAUDADO ) values (131, '09/10/2020', 'http://bbb.org', 69735.42, 82669.49);
insert into SUBASTA (SUBASTA_ID, FECHA_INICIO , URL , INGRESO_ESPERADO, TOTAL_RECAUDADO ) values (132, '02/07/2020', 'http://ezinearticles.com', 48856.6, 85373.89);
insert into SUBASTA (SUBASTA_ID, FECHA_INICIO , URL , INGRESO_ESPERADO, TOTAL_RECAUDADO ) values (133, '25/02/2020', 'https://php.net', 83993.62, 36718.36);
insert into SUBASTA (SUBASTA_ID, FECHA_INICIO , URL , INGRESO_ESPERADO, TOTAL_RECAUDADO ) values (134, '23/03/2020', 'http://seesaa.net', 15759.53, 82933.35);
insert into SUBASTA (SUBASTA_ID, FECHA_INICIO , URL , INGRESO_ESPERADO, TOTAL_RECAUDADO ) values (135, '19/05/2020', 'http://gnu.org', 76721.24, 51653.24);
insert into SUBASTA (SUBASTA_ID, FECHA_INICIO , URL , INGRESO_ESPERADO, TOTAL_RECAUDADO ) values (136, '19/03/2020', 'http://baidu.com', 27263.01, 18911.4);
insert into SUBASTA (SUBASTA_ID, FECHA_INICIO , URL , INGRESO_ESPERADO, TOTAL_RECAUDADO ) values (137, '07/03/2020', 'https://washington.edu', 42855.29, 82053.45);
insert into SUBASTA (SUBASTA_ID, FECHA_INICIO , URL , INGRESO_ESPERADO, TOTAL_RECAUDADO ) values (138, '25/06/2020', 'http://studiopress.com', 73793.99, 87382.65);
insert into SUBASTA (SUBASTA_ID, FECHA_INICIO , URL , INGRESO_ESPERADO, TOTAL_RECAUDADO ) values (139, '04/04/2020', 'https://freewebs.com', 62295.67, 57376.63);
insert into SUBASTA (SUBASTA_ID, FECHA_INICIO , URL , INGRESO_ESPERADO, TOTAL_RECAUDADO ) values (140, '07/06/2020', 'https://wix.com', 44571.86, 14558.88);
insert into SUBASTA (SUBASTA_ID, FECHA_INICIO , URL , INGRESO_ESPERADO, TOTAL_RECAUDADO ) values (141, '20/06/2020', 'http://google.ca', 19677.44, 77742.36);
insert into SUBASTA (SUBASTA_ID, FECHA_INICIO , URL , INGRESO_ESPERADO, TOTAL_RECAUDADO ) values (142, '04/10/2020', 'https://kickstarter.com', 38984.53, 46609.41);
insert into SUBASTA (SUBASTA_ID, FECHA_INICIO , URL , INGRESO_ESPERADO, TOTAL_RECAUDADO ) values (143, '28/08/2020', 'https://berkeley.edu', 10897.5, 76581.02);
insert into SUBASTA (SUBASTA_ID, FECHA_INICIO , URL , INGRESO_ESPERADO, TOTAL_RECAUDADO ) values (144, '18/03/2020', 'http://geocities.com', 19833.61, 39649.27);
insert into SUBASTA (SUBASTA_ID, FECHA_INICIO , URL , INGRESO_ESPERADO, TOTAL_RECAUDADO ) values (145, '02/06/2020', 'http://europa.eu', 18884.81, 10407.69);
insert into SUBASTA (SUBASTA_ID, FECHA_INICIO , URL , INGRESO_ESPERADO, TOTAL_RECAUDADO ) values (146, '18/10/2020', 'https://google.fr', 81359.05, 44191.49);
insert into SUBASTA (SUBASTA_ID, FECHA_INICIO , URL , INGRESO_ESPERADO, TOTAL_RECAUDADO ) values (147, '03/03/2020', 'https://ucoz.ru', 80827.09, 89269.68);
insert into SUBASTA (SUBASTA_ID, FECHA_INICIO , URL , INGRESO_ESPERADO, TOTAL_RECAUDADO ) values (148, '12/11/2020', 'https://omniture.com', 70609.9, 25153.85);
insert into SUBASTA (SUBASTA_ID, FECHA_INICIO , URL , INGRESO_ESPERADO, TOTAL_RECAUDADO ) values (149, '16/02/2020', 'http://sitemeter.com', 47815.47, 51559.63);
insert into SUBASTA (SUBASTA_ID, FECHA_INICIO , URL , INGRESO_ESPERADO, TOTAL_RECAUDADO ) values (150, '07/10/2020', 'https://mit.edu', 56395.58, 52364.98);
insert into SUBASTA (SUBASTA_ID, FECHA_INICIO , URL , INGRESO_ESPERADO, TOTAL_RECAUDADO ) values (151, '25/12/2020', 'https://ocn.ne.jp', 17069.73, 97547.24);
insert into SUBASTA (SUBASTA_ID, FECHA_INICIO , URL , INGRESO_ESPERADO, TOTAL_RECAUDADO ) values (152, '27/10/2020', 'http://businessinsider.com', 65136.98, 91090.43);
insert into SUBASTA (SUBASTA_ID, FECHA_INICIO , URL , INGRESO_ESPERADO, TOTAL_RECAUDADO ) values (153, '12/10/2020', 'https://woothemes.com', 78017.26, 11258.6);
insert into SUBASTA (SUBASTA_ID, FECHA_INICIO , URL , INGRESO_ESPERADO, TOTAL_RECAUDADO ) values (154, '15/02/2020', 'http://vkontakte.ru', 86123.75, 32078.83);
insert into SUBASTA (SUBASTA_ID, FECHA_INICIO , URL , INGRESO_ESPERADO, TOTAL_RECAUDADO ) values (155, '19/11/2020', 'http://blogspot.com', 51862.02, 58260.27);
insert into SUBASTA (SUBASTA_ID, FECHA_INICIO , URL , INGRESO_ESPERADO, TOTAL_RECAUDADO ) values (156, '07/04/2020', 'http://posterous.com', 41952.21, 21423.88);
insert into SUBASTA (SUBASTA_ID, FECHA_INICIO , URL , INGRESO_ESPERADO, TOTAL_RECAUDADO ) values (157, '09/11/2020', 'https://macromedia.com', 82178.18, 57203.85);
insert into SUBASTA (SUBASTA_ID, FECHA_INICIO , URL , INGRESO_ESPERADO, TOTAL_RECAUDADO ) values (158, '21/02/2020', 'https://deviantart.com', 65064.92, 29042.63);
insert into SUBASTA (SUBASTA_ID, FECHA_INICIO , URL , INGRESO_ESPERADO, TOTAL_RECAUDADO ) values (159, '17/06/2020', 'https://home.pl', 49993.66, 36049.38);
insert into SUBASTA (SUBASTA_ID, FECHA_INICIO , URL , INGRESO_ESPERADO, TOTAL_RECAUDADO ) values (160, '30/08/2020', 'http://columbia.edu', 50719.0, 21987.07);
insert into SUBASTA (SUBASTA_ID, FECHA_INICIO , URL , INGRESO_ESPERADO, TOTAL_RECAUDADO ) values (161, '17/01/2021', 'http://usda.gov', 96592.05, 41417.12);
insert into SUBASTA (SUBASTA_ID, FECHA_INICIO , URL , INGRESO_ESPERADO, TOTAL_RECAUDADO ) values (162, '23/02/2020', 'http://wikispaces.com', 24737.11, 29684.78);
insert into SUBASTA (SUBASTA_ID, FECHA_INICIO , URL , INGRESO_ESPERADO, TOTAL_RECAUDADO ) values (163, '10/11/2020', 'http://jalbum.net', 97527.05, 49250.09);
insert into SUBASTA (SUBASTA_ID, FECHA_INICIO , URL , INGRESO_ESPERADO, TOTAL_RECAUDADO ) values (164, '21/04/2020', 'https://unblog.fr', 25389.12, 63010.64);
insert into SUBASTA (SUBASTA_ID, FECHA_INICIO , URL , INGRESO_ESPERADO, TOTAL_RECAUDADO ) values (165, '31/08/2020', 'https://ted.com', 55783.91, 37660.88);
insert into SUBASTA (SUBASTA_ID, FECHA_INICIO , URL , INGRESO_ESPERADO, TOTAL_RECAUDADO ) values (166, '20/06/2020', 'http://creativecommons.org', 95644.77, 77402.13);
insert into SUBASTA (SUBASTA_ID, FECHA_INICIO , URL , INGRESO_ESPERADO, TOTAL_RECAUDADO ) values (167, '25/12/2020', 'https://bbb.org', 82521.43, 63776.03);
insert into SUBASTA (SUBASTA_ID, FECHA_INICIO , URL , INGRESO_ESPERADO, TOTAL_RECAUDADO ) values (168, '01/05/2020', 'http://wiley.com', 83666.7, 77539.76);
insert into SUBASTA (SUBASTA_ID, FECHA_INICIO , URL , INGRESO_ESPERADO, TOTAL_RECAUDADO ) values (169, '06/03/2020', 'https://artisteer.com', 31027.33, 92023.89);
insert into SUBASTA (SUBASTA_ID, FECHA_INICIO , URL , INGRESO_ESPERADO, TOTAL_RECAUDADO ) values (170, '24/12/2020', 'http://delicious.com', 21680.93, 17454.85);
insert into SUBASTA (SUBASTA_ID, FECHA_INICIO , URL , INGRESO_ESPERADO, TOTAL_RECAUDADO ) values (171, '28/02/2020', 'http://state.gov', 22342.47, 93535.73);
insert into SUBASTA (SUBASTA_ID, FECHA_INICIO , URL , INGRESO_ESPERADO, TOTAL_RECAUDADO ) values (172, '19/08/2020', 'https://purevolume.com', 47330.89, 48049.21);
insert into SUBASTA (SUBASTA_ID, FECHA_INICIO , URL , INGRESO_ESPERADO, TOTAL_RECAUDADO ) values (173, '13/09/2020', 'https://discuz.net', 72143.53, 41519.22);
insert into SUBASTA (SUBASTA_ID, FECHA_INICIO , URL , INGRESO_ESPERADO, TOTAL_RECAUDADO ) values (174, '22/10/2020', 'https://ning.com', 28702.1, 72083.75);
insert into SUBASTA (SUBASTA_ID, FECHA_INICIO , URL , INGRESO_ESPERADO, TOTAL_RECAUDADO ) values (175, '06/11/2020', 'http://networkadvertising.org', 35585.34, 90085.82);
insert into SUBASTA (SUBASTA_ID, FECHA_INICIO , URL , INGRESO_ESPERADO, TOTAL_RECAUDADO ) values (176, '19/02/2020', 'https://cnbc.com', 33317.95, 28898.26);
insert into SUBASTA (SUBASTA_ID, FECHA_INICIO , URL , INGRESO_ESPERADO, TOTAL_RECAUDADO ) values (177, '20/06/2020', 'https://vinaora.com', 57354.32, 99603.04);
insert into SUBASTA (SUBASTA_ID, FECHA_INICIO , URL , INGRESO_ESPERADO, TOTAL_RECAUDADO ) values (178, '04/01/2021', 'https://thetimes.co.uk', 41899.16, 52131.92);
insert into SUBASTA (SUBASTA_ID, FECHA_INICIO , URL , INGRESO_ESPERADO, TOTAL_RECAUDADO ) values (179, '28/05/2020', 'http://fotki.com', 94217.06, 18861.92);
insert into SUBASTA (SUBASTA_ID, FECHA_INICIO , URL , INGRESO_ESPERADO, TOTAL_RECAUDADO ) values (180, '02/06/2020', 'https://salon.com', 88103.35, 25464.16);
insert into SUBASTA (SUBASTA_ID, FECHA_INICIO , URL , INGRESO_ESPERADO, TOTAL_RECAUDADO ) values (181, '27/04/2020', 'https://issuu.com', 78642.9, 56740.66);
insert into SUBASTA (SUBASTA_ID, FECHA_INICIO , URL , INGRESO_ESPERADO, TOTAL_RECAUDADO ) values (182, '13/10/2020', 'http://omniture.com', 53609.94, 25841.9);
insert into SUBASTA (SUBASTA_ID, FECHA_INICIO , URL , INGRESO_ESPERADO, TOTAL_RECAUDADO ) values (183, '05/11/2020', 'https://blogtalkradio.com', 28828.92, 22009.01);
insert into SUBASTA (SUBASTA_ID, FECHA_INICIO , URL , INGRESO_ESPERADO, TOTAL_RECAUDADO ) values (184, '08/12/2020', 'https://craigslist.org', 92139.06, 94065.45);
insert into SUBASTA (SUBASTA_ID, FECHA_INICIO , URL , INGRESO_ESPERADO, TOTAL_RECAUDADO ) values (185, '04/08/2020', 'http://ask.com', 10243.01, 17909.89);
insert into SUBASTA (SUBASTA_ID, FECHA_INICIO , URL , INGRESO_ESPERADO, TOTAL_RECAUDADO ) values (186, '10/04/2020', 'https://exblog.jp', 15778.8, 26244.58);
insert into SUBASTA (SUBASTA_ID, FECHA_INICIO , URL , INGRESO_ESPERADO, TOTAL_RECAUDADO ) values (187, '12/11/2020', 'https://apache.org', 55458.14, 55980.03);
insert into SUBASTA (SUBASTA_ID, FECHA_INICIO , URL , INGRESO_ESPERADO, TOTAL_RECAUDADO ) values (188, '22/07/2020', 'http://seesaa.net', 15841.47, 64928.78);
insert into SUBASTA (SUBASTA_ID, FECHA_INICIO , URL , INGRESO_ESPERADO, TOTAL_RECAUDADO ) values (189, '15/09/2020', 'http://gravatar.com', 54499.25, 67688.49);
insert into SUBASTA (SUBASTA_ID, FECHA_INICIO , URL , INGRESO_ESPERADO, TOTAL_RECAUDADO ) values (190, '20/12/2020', 'http://blogs.com', 21433.14, 65826.72);
insert into SUBASTA (SUBASTA_ID, FECHA_INICIO , URL , INGRESO_ESPERADO, TOTAL_RECAUDADO ) values (191, '16/06/2020', 'http://prweb.com', 26565.88, 78864.51);
insert into SUBASTA (SUBASTA_ID, FECHA_INICIO , URL , INGRESO_ESPERADO, TOTAL_RECAUDADO ) values (192, '01/01/2021', 'http://cbc.ca', 54788.02, 91871.25);
insert into SUBASTA (SUBASTA_ID, FECHA_INICIO , URL , INGRESO_ESPERADO, TOTAL_RECAUDADO ) values (193, '13/03/2020', 'http://whitehouse.gov', 46861.86, 62765.8);
insert into SUBASTA (SUBASTA_ID, FECHA_INICIO , URL , INGRESO_ESPERADO, TOTAL_RECAUDADO ) values (194, '10/04/2020', 'http://moonfruit.com', 34040.98, 82428.22);
insert into SUBASTA (SUBASTA_ID, FECHA_INICIO , URL , INGRESO_ESPERADO, TOTAL_RECAUDADO ) values (195, '15/07/2020', 'http://usgs.gov', 47942.41, 62727.0);
insert into SUBASTA (SUBASTA_ID, FECHA_INICIO , URL , INGRESO_ESPERADO, TOTAL_RECAUDADO ) values (196, '23/01/2021', 'http://sun.com', 60023.27, 16131.19);
insert into SUBASTA (SUBASTA_ID, FECHA_INICIO , URL , INGRESO_ESPERADO, TOTAL_RECAUDADO ) values (197, '02/07/2020', 'https://imgur.com', 24557.48, 94314.9);
insert into SUBASTA (SUBASTA_ID, FECHA_INICIO , URL , INGRESO_ESPERADO, TOTAL_RECAUDADO ) values (198, '18/10/2020', 'http://homestead.com', 26255.64, 17458.03);
insert into SUBASTA (SUBASTA_ID, FECHA_INICIO , URL , INGRESO_ESPERADO, TOTAL_RECAUDADO ) values (199, '09/11/2020', 'http://plala.or.jp', 36361.06, 29729.21);
insert into SUBASTA (SUBASTA_ID, FECHA_INICIO , URL , INGRESO_ESPERADO, TOTAL_RECAUDADO ) values (200, '15/07/2020', 'http://accuweather.com', 57412.5, 60168.02);
alter table SUBASTA logging;

-- 
-- TABLE: OBJETO 
--
alter table OBJETO nologging;insert into OBJETO (OBJETO_ID, NOMBRE, DESCRIPCION, PRECIO_INICIAL_VENTA, CODIGO_BARRAS_TXT, CODIGO_BARRAS_IMG, FECHA_STATUS_ACTUAL, FECHA_FIN_OFERTA, TIPO, SUBASTA_ID, USR_VENDEDOR_ID, STATUS_ACTUAL_ID) values (1, 'Department/Specialty Retail Stores', 'Sears Hometown and Outlet Stores, Inc.', 49205.48, 'FO64 7703 2923 6613 53', null, '22/07/2020', '23/02/2020', 'k', 80, 73, 2);
insert into OBJETO (OBJETO_ID, NOMBRE, DESCRIPCION, PRECIO_INICIAL_VENTA, CODIGO_BARRAS_TXT, CODIGO_BARRAS_IMG, FECHA_STATUS_ACTUAL, FECHA_FIN_OFERTA, TIPO, SUBASTA_ID, USR_VENDEDOR_ID, STATUS_ACTUAL_ID) values (2, 'n/a', 'Moog Inc.', 70507.04, 'FR33 5906 6774 696U WNVV A0AC D29', null, '20/08/2020', '26/06/2020', 'y', 31, 33, 4);
insert into OBJETO (OBJETO_ID, NOMBRE, DESCRIPCION, PRECIO_INICIAL_VENTA, CODIGO_BARRAS_TXT, CODIGO_BARRAS_IMG, FECHA_STATUS_ACTUAL, FECHA_FIN_OFERTA, TIPO, SUBASTA_ID, USR_VENDEDOR_ID, STATUS_ACTUAL_ID) values (3, 'Computer Manufacturing', 'Socket Mobile, Inc.', 28308.61, 'LV67 ZWAU JFTU 8FHB XONV Y', null, '27/01/2021', '12/11/2020', 'v', 68, 83, 3);
insert into OBJETO (OBJETO_ID, NOMBRE, DESCRIPCION, PRECIO_INICIAL_VENTA, CODIGO_BARRAS_TXT, CODIGO_BARRAS_IMG, FECHA_STATUS_ACTUAL, FECHA_FIN_OFERTA, TIPO, SUBASTA_ID, USR_VENDEDOR_ID, STATUS_ACTUAL_ID) values (4, 'Life Insurance', 'Athene Holding Ltd.', 5930.29, 'GR46 9705 557W QKVU UQJO DAKX 4CF', null, '29/02/2020', '13/04/2020', 'd', 16, 22, 2);
insert into OBJETO (OBJETO_ID, NOMBRE, DESCRIPCION, PRECIO_INICIAL_VENTA, CODIGO_BARRAS_TXT, CODIGO_BARRAS_IMG, FECHA_STATUS_ACTUAL, FECHA_FIN_OFERTA, TIPO, SUBASTA_ID, USR_VENDEDOR_ID, STATUS_ACTUAL_ID) values (5, 'Medical Specialities', 'Aetna Inc.', 49443.66, 'FR43 4538 0179 93TY MYWU 39T8 D35', null, '16/02/2020', '19/09/2020', 's', 11, 75, 1);
insert into OBJETO (OBJETO_ID, NOMBRE, DESCRIPCION, PRECIO_INICIAL_VENTA, CODIGO_BARRAS_TXT, CODIGO_BARRAS_IMG, FECHA_STATUS_ACTUAL, FECHA_FIN_OFERTA, TIPO, SUBASTA_ID, USR_VENDEDOR_ID, STATUS_ACTUAL_ID) values (6, 'Telecommunications Equipment', '8x8 Inc', 23527.48, 'CY50 0034 6961 EZII LZFF AHQ9 I8RT', null, '05/09/2020', '27/09/2020', 'f', 100, 38, 4);
insert into OBJETO (OBJETO_ID, NOMBRE, DESCRIPCION, PRECIO_INICIAL_VENTA, CODIGO_BARRAS_TXT, CODIGO_BARRAS_IMG, FECHA_STATUS_ACTUAL, FECHA_FIN_OFERTA, TIPO, SUBASTA_ID, USR_VENDEDOR_ID, STATUS_ACTUAL_ID) values (7, 'n/a', 'PIMCO Strategic Income Fund, Inc.', 76093.41, 'HR94 5485 9665 7241 9127 1', null, '23/07/2020', '10/06/2020', 'g', 87, 13, 3);
insert into OBJETO (OBJETO_ID, NOMBRE, DESCRIPCION, PRECIO_INICIAL_VENTA, CODIGO_BARRAS_TXT, CODIGO_BARRAS_IMG, FECHA_STATUS_ACTUAL, FECHA_FIN_OFERTA, TIPO, SUBASTA_ID, USR_VENDEDOR_ID, STATUS_ACTUAL_ID) values (8, 'Real Estate Investment Trusts', 'National Retail Properties', 78671.21, 'FR44 2746 0989 86ND QOR9 B0PQ Y67', null, '29/12/2020', '06/10/2020', 'm', 71, 36, 3);
insert into OBJETO (OBJETO_ID, NOMBRE, DESCRIPCION, PRECIO_INICIAL_VENTA, CODIGO_BARRAS_TXT, CODIGO_BARRAS_IMG, FECHA_STATUS_ACTUAL, FECHA_FIN_OFERTA, TIPO, SUBASTA_ID, USR_VENDEDOR_ID, STATUS_ACTUAL_ID) values (9, 'n/a', 'Bank Of New York Mellon Corporation (The)', 61920.51, 'NO98 4522 3748 780', null, '13/06/2020', '18/08/2020', 'n', 90, 16, 4);
insert into OBJETO (OBJETO_ID, NOMBRE, DESCRIPCION, PRECIO_INICIAL_VENTA, CODIGO_BARRAS_TXT, CODIGO_BARRAS_IMG, FECHA_STATUS_ACTUAL, FECHA_FIN_OFERTA, TIPO, SUBASTA_ID, USR_VENDEDOR_ID, STATUS_ACTUAL_ID) values (10, 'Semiconductors', 'Lattice Semiconductor Corporation', 54823.33, 'GR21 9311 7940 CL95 OG0O YKXM CUO', null, '08/12/2020', '04/08/2020', 'f', 79, 7, 2);
insert into OBJETO (OBJETO_ID, NOMBRE, DESCRIPCION, PRECIO_INICIAL_VENTA, CODIGO_BARRAS_TXT, CODIGO_BARRAS_IMG, FECHA_STATUS_ACTUAL, FECHA_FIN_OFERTA, TIPO, SUBASTA_ID, USR_VENDEDOR_ID, STATUS_ACTUAL_ID) values (11, 'Property-Casualty Insurers', 'OneBeacon Insurance Group, Ltd.', 13412.08, 'SE83 3920 4845 1411 6600 4036', null, '01/07/2020', '17/08/2020', 'm', 93, 72, 3);
insert into OBJETO (OBJETO_ID, NOMBRE, DESCRIPCION, PRECIO_INICIAL_VENTA, CODIGO_BARRAS_TXT, CODIGO_BARRAS_IMG, FECHA_STATUS_ACTUAL, FECHA_FIN_OFERTA, TIPO, SUBASTA_ID, USR_VENDEDOR_ID, STATUS_ACTUAL_ID) values (12, 'Computer Software: Programming, Data Processing', 'Alphabet Inc.', 79693.11, 'AT75 2838 0045 9687 2926', null, '10/07/2020', '05/10/2020', 'f', 72, 75, 1);
insert into OBJETO (OBJETO_ID, NOMBRE, DESCRIPCION, PRECIO_INICIAL_VENTA, CODIGO_BARRAS_TXT, CODIGO_BARRAS_IMG, FECHA_STATUS_ACTUAL, FECHA_FIN_OFERTA, TIPO, SUBASTA_ID, USR_VENDEDOR_ID, STATUS_ACTUAL_ID) values (13, 'Precious Metals', 'Barrick Gold Corporation', 85928.0, 'DE40 3885 0266 6162 5272 88', null, '23/11/2020', '24/06/2020', 'l', 24, 83, 2);
insert into OBJETO (OBJETO_ID, NOMBRE, DESCRIPCION, PRECIO_INICIAL_VENTA, CODIGO_BARRAS_TXT, CODIGO_BARRAS_IMG, FECHA_STATUS_ACTUAL, FECHA_FIN_OFERTA, TIPO, SUBASTA_ID, USR_VENDEDOR_ID, STATUS_ACTUAL_ID) values (14, 'Business Services', 'Quinpario Acquisition Corp. 2', 81177.03, 'AE73 1582 6781 8851 1963 269', null, '02/08/2020', '17/05/2020', 'f', 83, 66, 4);
insert into OBJETO (OBJETO_ID, NOMBRE, DESCRIPCION, PRECIO_INICIAL_VENTA, CODIGO_BARRAS_TXT, CODIGO_BARRAS_IMG, FECHA_STATUS_ACTUAL, FECHA_FIN_OFERTA, TIPO, SUBASTA_ID, USR_VENDEDOR_ID, STATUS_ACTUAL_ID) values (15, 'Military/Government/Technical', 'Jacobs Engineering Group Inc.', 16646.31, 'MC87 1816 8255 86DD PH4F LBWD K27', null, '30/11/2020', '02/11/2020', 'l', 57, 33, 1);
insert into OBJETO (OBJETO_ID, NOMBRE, DESCRIPCION, PRECIO_INICIAL_VENTA, CODIGO_BARRAS_TXT, CODIGO_BARRAS_IMG, FECHA_STATUS_ACTUAL, FECHA_FIN_OFERTA, TIPO, SUBASTA_ID, USR_VENDEDOR_ID, STATUS_ACTUAL_ID) values (16, 'Telecommunications Equipment', 'TIM Participacoes S.A.', 82384.04, 'MT69 PGEI 8506 7BCZ FOMO LCDC SJK7 ZCQ', null, '18/10/2020', '15/08/2020', 'r', 20, 37, 3);
insert into OBJETO (OBJETO_ID, NOMBRE, DESCRIPCION, PRECIO_INICIAL_VENTA, CODIGO_BARRAS_TXT, CODIGO_BARRAS_IMG, FECHA_STATUS_ACTUAL, FECHA_FIN_OFERTA, TIPO, SUBASTA_ID, USR_VENDEDOR_ID, STATUS_ACTUAL_ID) values (17, 'n/a', 'Saratoga Investment Corp', 46810.21, 'SE67 0408 8147 8159 2096 1287', null, '08/01/2021', '26/09/2020', 'm', 74, 74, 1);
insert into OBJETO (OBJETO_ID, NOMBRE, DESCRIPCION, PRECIO_INICIAL_VENTA, CODIGO_BARRAS_TXT, CODIGO_BARRAS_IMG, FECHA_STATUS_ACTUAL, FECHA_FIN_OFERTA, TIPO, SUBASTA_ID, USR_VENDEDOR_ID, STATUS_ACTUAL_ID) values (18, 'Homebuilding', 'Lennar Corporation', 25591.97, 'FR53 8516 0890 55JK WP1T 3FLD 689', null, '14/08/2020', '08/08/2020', 's', 96, 88, 2);
insert into OBJETO (OBJETO_ID, NOMBRE, DESCRIPCION, PRECIO_INICIAL_VENTA, CODIGO_BARRAS_TXT, CODIGO_BARRAS_IMG, FECHA_STATUS_ACTUAL, FECHA_FIN_OFERTA, TIPO, SUBASTA_ID, USR_VENDEDOR_ID, STATUS_ACTUAL_ID) values (19, 'Major Pharmaceuticals', 'Adamas Pharmaceuticals, Inc.', 64445.19, 'LV76 HFYQ JW1Z QCV4 QZEW Z', null, '01/08/2020', '18/02/2020', 'a', 35, 23, 3);
insert into OBJETO (OBJETO_ID, NOMBRE, DESCRIPCION, PRECIO_INICIAL_VENTA, CODIGO_BARRAS_TXT, CODIGO_BARRAS_IMG, FECHA_STATUS_ACTUAL, FECHA_FIN_OFERTA, TIPO, SUBASTA_ID, USR_VENDEDOR_ID, STATUS_ACTUAL_ID) values (20, 'n/a', 'Nuveen Arizona Quality Municipal Income Fund', 19276.97, 'IL22 2046 9689 5344 4550 337', null, '04/09/2020', '05/01/2021', 'u', 6, 90, 1);
insert into OBJETO (OBJETO_ID, NOMBRE, DESCRIPCION, PRECIO_INICIAL_VENTA, CODIGO_BARRAS_TXT, CODIGO_BARRAS_IMG, FECHA_STATUS_ACTUAL, FECHA_FIN_OFERTA, TIPO, SUBASTA_ID, USR_VENDEDOR_ID, STATUS_ACTUAL_ID) values (21, 'Major Banks', 'German American Bancorp, Inc.', 81403.23, 'NO36 3811 7571 218', null, '28/10/2020', '06/05/2020', 'q', 30, 71, 4);
insert into OBJETO (OBJETO_ID, NOMBRE, DESCRIPCION, PRECIO_INICIAL_VENTA, CODIGO_BARRAS_TXT, CODIGO_BARRAS_IMG, FECHA_STATUS_ACTUAL, FECHA_FIN_OFERTA, TIPO, SUBASTA_ID, USR_VENDEDOR_ID, STATUS_ACTUAL_ID) values (22, 'Major Chemicals', 'TerraVia Holdings, Inc.', 65774.03, 'CR71 3423 2738 3982 0768 8', null, '19/10/2020', '25/03/2020', 'x', 32, 42, 1);
insert into OBJETO (OBJETO_ID, NOMBRE, DESCRIPCION, PRECIO_INICIAL_VENTA, CODIGO_BARRAS_TXT, CODIGO_BARRAS_IMG, FECHA_STATUS_ACTUAL, FECHA_FIN_OFERTA, TIPO, SUBASTA_ID, USR_VENDEDOR_ID, STATUS_ACTUAL_ID) values (23, 'Savings Institutions', 'IF Bancorp, Inc.', 38830.61, 'AT54 3641 0972 3679 8099', null, '09/04/2020', '23/01/2021', 'b', 31, 15, 2);
insert into OBJETO (OBJETO_ID, NOMBRE, DESCRIPCION, PRECIO_INICIAL_VENTA, CODIGO_BARRAS_TXT, CODIGO_BARRAS_IMG, FECHA_STATUS_ACTUAL, FECHA_FIN_OFERTA, TIPO, SUBASTA_ID, USR_VENDEDOR_ID, STATUS_ACTUAL_ID) values (24, 'n/a', 'PowerShares Multi-Strategy Alternative Portfolio', 61404.42, 'FR59 2652 2099 21JA ZWJS VVC4 876', null, '11/10/2020', '10/04/2020', 'u', 47, 9, 1);
insert into OBJETO (OBJETO_ID, NOMBRE, DESCRIPCION, PRECIO_INICIAL_VENTA, CODIGO_BARRAS_TXT, CODIGO_BARRAS_IMG, FECHA_STATUS_ACTUAL, FECHA_FIN_OFERTA, TIPO, SUBASTA_ID, USR_VENDEDOR_ID, STATUS_ACTUAL_ID) values (25, 'Marine Transportation', 'Seaspan Corporation', 8752.2, 'GR79 8920 715O FLKV UOBY GHNP 5WC', null, '25/01/2021', '13/05/2020', 'c', 21, 88, 1);
insert into OBJETO (OBJETO_ID, NOMBRE, DESCRIPCION, PRECIO_INICIAL_VENTA, CODIGO_BARRAS_TXT, CODIGO_BARRAS_IMG, FECHA_STATUS_ACTUAL, FECHA_FIN_OFERTA, TIPO, SUBASTA_ID, USR_VENDEDOR_ID, STATUS_ACTUAL_ID) values (26, 'Business Services', 'Maximus, Inc.', 50816.87, 'SA11 88T9 UNWF AB6W MH1C VF4B', null, '02/07/2020', '06/03/2020', 'u', 28, 66, 1);
insert into OBJETO (OBJETO_ID, NOMBRE, DESCRIPCION, PRECIO_INICIAL_VENTA, CODIGO_BARRAS_TXT, CODIGO_BARRAS_IMG, FECHA_STATUS_ACTUAL, FECHA_FIN_OFERTA, TIPO, SUBASTA_ID, USR_VENDEDOR_ID, STATUS_ACTUAL_ID) values (27, 'Computer Software: Programming, Data Processing', 'Wix.com Ltd.', 19434.79, 'BG52 TQRH 0246 04UO YRSG I6', null, '05/06/2020', '30/07/2020', 'v', 89, 14, 4);
insert into OBJETO (OBJETO_ID, NOMBRE, DESCRIPCION, PRECIO_INICIAL_VENTA, CODIGO_BARRAS_TXT, CODIGO_BARRAS_IMG, FECHA_STATUS_ACTUAL, FECHA_FIN_OFERTA, TIPO, SUBASTA_ID, USR_VENDEDOR_ID, STATUS_ACTUAL_ID) values (28, 'Telecommunications Equipment', 'T-Mobile US, Inc.', 45528.57, 'NO75 7807 9090 808', null, '20/05/2020', '08/09/2020', 'i', 73, 65, 1);
insert into OBJETO (OBJETO_ID, NOMBRE, DESCRIPCION, PRECIO_INICIAL_VENTA, CODIGO_BARRAS_TXT, CODIGO_BARRAS_IMG, FECHA_STATUS_ACTUAL, FECHA_FIN_OFERTA, TIPO, SUBASTA_ID, USR_VENDEDOR_ID, STATUS_ACTUAL_ID) values (29, 'Marine Transportation', 'Huntington Ingalls Industries, Inc.', 94010.77, 'CY64 8933 2091 HURP LN0W UEC6 35IP', null, '25/09/2020', '05/02/2020', 'e', 20, 2, 4);
insert into OBJETO (OBJETO_ID, NOMBRE, DESCRIPCION, PRECIO_INICIAL_VENTA, CODIGO_BARRAS_TXT, CODIGO_BARRAS_IMG, FECHA_STATUS_ACTUAL, FECHA_FIN_OFERTA, TIPO, SUBASTA_ID, USR_VENDEDOR_ID, STATUS_ACTUAL_ID) values (30, 'Major Pharmaceuticals', 'Teligent, Inc.', 14847.44, 'LI82 4603 4RXJ LA5H ZJON 1', null, '26/10/2020', '21/09/2020', 'i', 82, 37, 1);
insert into OBJETO (OBJETO_ID, NOMBRE, DESCRIPCION, PRECIO_INICIAL_VENTA, CODIGO_BARRAS_TXT, CODIGO_BARRAS_IMG, FECHA_STATUS_ACTUAL, FECHA_FIN_OFERTA, TIPO, SUBASTA_ID, USR_VENDEDOR_ID, STATUS_ACTUAL_ID) values (31, 'Real Estate Investment Trusts', 'Arbor Realty Trust', 30111.93, 'AT85 1447 1277 7564 9653', null, '09/10/2020', '05/10/2020', 'j', 64, 80, 1);
insert into OBJETO (OBJETO_ID, NOMBRE, DESCRIPCION, PRECIO_INICIAL_VENTA, CODIGO_BARRAS_TXT, CODIGO_BARRAS_IMG, FECHA_STATUS_ACTUAL, FECHA_FIN_OFERTA, TIPO, SUBASTA_ID, USR_VENDEDOR_ID, STATUS_ACTUAL_ID) values (32, 'Real Estate Investment Trusts', 'Sabra Healthcare REIT, Inc.', 59993.37, 'BG09 BZXG 8152 19EY GTNN RK', null, '19/12/2020', '01/08/2020', 'c', 51, 76, 1);
insert into OBJETO (OBJETO_ID, NOMBRE, DESCRIPCION, PRECIO_INICIAL_VENTA, CODIGO_BARRAS_TXT, CODIGO_BARRAS_IMG, FECHA_STATUS_ACTUAL, FECHA_FIN_OFERTA, TIPO, SUBASTA_ID, USR_VENDEDOR_ID, STATUS_ACTUAL_ID) values (33, 'Computer Software: Prepackaged Software', 'Aware, Inc.', 77372.73, 'CH78 6653 5ILF C4KJ CYQC T', null, '10/09/2020', '11/11/2020', 'k', 56, 41, 4);
insert into OBJETO (OBJETO_ID, NOMBRE, DESCRIPCION, PRECIO_INICIAL_VENTA, CODIGO_BARRAS_TXT, CODIGO_BARRAS_IMG, FECHA_STATUS_ACTUAL, FECHA_FIN_OFERTA, TIPO, SUBASTA_ID, USR_VENDEDOR_ID, STATUS_ACTUAL_ID) values (34, 'n/a', 'PowerShares Dividend Achievers Portfolio', 51548.06, 'FR29 8099 3556 71KO BJKL AUVH A47', null, '16/08/2020', '21/10/2020', 'x', 41, 29, 4);
insert into OBJETO (OBJETO_ID, NOMBRE, DESCRIPCION, PRECIO_INICIAL_VENTA, CODIGO_BARRAS_TXT, CODIGO_BARRAS_IMG, FECHA_STATUS_ACTUAL, FECHA_FIN_OFERTA, TIPO, SUBASTA_ID, USR_VENDEDOR_ID, STATUS_ACTUAL_ID) values (35, 'Television Services', 'Hemisphere Media Group, Inc.', 27299.84, 'DE23 2415 2468 9283 4797 84', null, '20/09/2020', '15/12/2020', 'c', 26, 79, 3);
insert into OBJETO (OBJETO_ID, NOMBRE, DESCRIPCION, PRECIO_INICIAL_VENTA, CODIGO_BARRAS_TXT, CODIGO_BARRAS_IMG, FECHA_STATUS_ACTUAL, FECHA_FIN_OFERTA, TIPO, SUBASTA_ID, USR_VENDEDOR_ID, STATUS_ACTUAL_ID) values (36, 'Biotechnology: Biological Products (No Diagnostic Substances)', 'Voyager Therapeutics, Inc.', 24216.24, 'FR97 0898 1749 551B LSXT V38G D95', null, '13/04/2020', '09/08/2020', 'd', 14, 11, 4);
insert into OBJETO (OBJETO_ID, NOMBRE, DESCRIPCION, PRECIO_INICIAL_VENTA, CODIGO_BARRAS_TXT, CODIGO_BARRAS_IMG, FECHA_STATUS_ACTUAL, FECHA_FIN_OFERTA, TIPO, SUBASTA_ID, USR_VENDEDOR_ID, STATUS_ACTUAL_ID) values (37, 'Department/Specialty Retail Stores', 'Sears Holdings Corporation', 44509.32, 'MR84 5124 3585 1198 4094 7823 364', null, '07/07/2020', '21/10/2020', 'i', 93, 100, 3);
insert into OBJETO (OBJETO_ID, NOMBRE, DESCRIPCION, PRECIO_INICIAL_VENTA, CODIGO_BARRAS_TXT, CODIGO_BARRAS_IMG, FECHA_STATUS_ACTUAL, FECHA_FIN_OFERTA, TIPO, SUBASTA_ID, USR_VENDEDOR_ID, STATUS_ACTUAL_ID) values (38, 'n/a', 'SL Green Realty Corporation', 42254.99, 'PS59 FNZC JOZR 6DND CTKY UAQP YJV4 8', null, '28/01/2021', '12/09/2020', 'v', 59, 49, 3);
insert into OBJETO (OBJETO_ID, NOMBRE, DESCRIPCION, PRECIO_INICIAL_VENTA, CODIGO_BARRAS_TXT, CODIGO_BARRAS_IMG, FECHA_STATUS_ACTUAL, FECHA_FIN_OFERTA, TIPO, SUBASTA_ID, USR_VENDEDOR_ID, STATUS_ACTUAL_ID) values (39, 'Electronic Components', 'Richardson Electronics, Ltd.', 24180.29, 'SM89 F122 2698 768I VKGG VD0T RL7', null, '17/01/2021', '28/05/2020', 'v', 18, 99, 2);
insert into OBJETO (OBJETO_ID, NOMBRE, DESCRIPCION, PRECIO_INICIAL_VENTA, CODIGO_BARRAS_TXT, CODIGO_BARRAS_IMG, FECHA_STATUS_ACTUAL, FECHA_FIN_OFERTA, TIPO, SUBASTA_ID, USR_VENDEDOR_ID, STATUS_ACTUAL_ID) values (40, 'Oilfield Services/Equipment', 'Mammoth Energy Services, Inc.', 20941.97, 'LU64 121Y D62S YKUV RE64', null, '20/07/2020', '28/05/2020', 'y', 69, 59, 4);
insert into OBJETO (OBJETO_ID, NOMBRE, DESCRIPCION, PRECIO_INICIAL_VENTA, CODIGO_BARRAS_TXT, CODIGO_BARRAS_IMG, FECHA_STATUS_ACTUAL, FECHA_FIN_OFERTA, TIPO, SUBASTA_ID, USR_VENDEDOR_ID, STATUS_ACTUAL_ID) values (41, 'n/a', 'Blackrock MuniHoldings Quality Fund, Inc.', 97675.55, 'GR94 7770 569B QTS0 2O5L KW8M MLH', null, '24/09/2020', '28/07/2020', 'i', 70, 80, 3);
insert into OBJETO (OBJETO_ID, NOMBRE, DESCRIPCION, PRECIO_INICIAL_VENTA, CODIGO_BARRAS_TXT, CODIGO_BARRAS_IMG, FECHA_STATUS_ACTUAL, FECHA_FIN_OFERTA, TIPO, SUBASTA_ID, USR_VENDEDOR_ID, STATUS_ACTUAL_ID) values (42, 'n/a', 'Hersha Hospitality Trust', 41715.95, 'FR94 7397 7802 89PO TLGV 6FVQ T80', null, '20/03/2020', '18/10/2020', 'v', 59, 98, 1);
insert into OBJETO (OBJETO_ID, NOMBRE, DESCRIPCION, PRECIO_INICIAL_VENTA, CODIGO_BARRAS_TXT, CODIGO_BARRAS_IMG, FECHA_STATUS_ACTUAL, FECHA_FIN_OFERTA, TIPO, SUBASTA_ID, USR_VENDEDOR_ID, STATUS_ACTUAL_ID) values (43, 'Oil & Gas Production', 'Torchlight Energy Resources, Inc.', 52956.36, 'GB04 MDWQ 9684 8564 6707 30', null, '23/11/2020', '19/09/2020', 'd', 10, 91, 3);
insert into OBJETO (OBJETO_ID, NOMBRE, DESCRIPCION, PRECIO_INICIAL_VENTA, CODIGO_BARRAS_TXT, CODIGO_BARRAS_IMG, FECHA_STATUS_ACTUAL, FECHA_FIN_OFERTA, TIPO, SUBASTA_ID, USR_VENDEDOR_ID, STATUS_ACTUAL_ID) values (44, 'Major Banks', 'Hanmi Financial Corporation', 70133.64, 'LV71 GKRJ GCMT 1T3P LFFQ P', null, '07/04/2020', '09/04/2020', 'i', 62, 90, 2);
insert into OBJETO (OBJETO_ID, NOMBRE, DESCRIPCION, PRECIO_INICIAL_VENTA, CODIGO_BARRAS_TXT, CODIGO_BARRAS_IMG, FECHA_STATUS_ACTUAL, FECHA_FIN_OFERTA, TIPO, SUBASTA_ID, USR_VENDEDOR_ID, STATUS_ACTUAL_ID) values (45, 'Savings Institutions', 'Northrim BanCorp Inc', 74024.37, 'MR56 7845 0445 0549 8819 8110 815', null, '11/09/2020', '19/11/2020', 'a', 36, 76, 1);
insert into OBJETO (OBJETO_ID, NOMBRE, DESCRIPCION, PRECIO_INICIAL_VENTA, CODIGO_BARRAS_TXT, CODIGO_BARRAS_IMG, FECHA_STATUS_ACTUAL, FECHA_FIN_OFERTA, TIPO, SUBASTA_ID, USR_VENDEDOR_ID, STATUS_ACTUAL_ID) values (46, 'n/a', 'Nuveen AMT-Free Quality Municipal Income Fund', 7282.64, 'GB65 HIRT 7968 2795 6764 59', null, '08/12/2020', '11/06/2020', 'b', 28, 7, 3);
insert into OBJETO (OBJETO_ID, NOMBRE, DESCRIPCION, PRECIO_INICIAL_VENTA, CODIGO_BARRAS_TXT, CODIGO_BARRAS_IMG, FECHA_STATUS_ACTUAL, FECHA_FIN_OFERTA, TIPO, SUBASTA_ID, USR_VENDEDOR_ID, STATUS_ACTUAL_ID) values (47, 'Business Services', 'WebMD Health Corp', 62747.57, 'FR94 8218 0028 57T7 HQUG JWLL 219', null, '15/08/2020', '07/01/2021', 'h', 51, 92, 3);
insert into OBJETO (OBJETO_ID, NOMBRE, DESCRIPCION, PRECIO_INICIAL_VENTA, CODIGO_BARRAS_TXT, CODIGO_BARRAS_IMG, FECHA_STATUS_ACTUAL, FECHA_FIN_OFERTA, TIPO, SUBASTA_ID, USR_VENDEDOR_ID, STATUS_ACTUAL_ID) values (48, 'Coal Mining', 'Arch Coal, Inc.', 49853.4, 'LT23 5498 3741 7042 1588', null, '23/08/2020', '26/10/2020', 'j', 100, 68, 2);
insert into OBJETO (OBJETO_ID, NOMBRE, DESCRIPCION, PRECIO_INICIAL_VENTA, CODIGO_BARRAS_TXT, CODIGO_BARRAS_IMG, FECHA_STATUS_ACTUAL, FECHA_FIN_OFERTA, TIPO, SUBASTA_ID, USR_VENDEDOR_ID, STATUS_ACTUAL_ID) values (49, 'n/a', 'Scudder Multi-Market Income Trust', 79854.03, 'DK94 5497 8058 4993 67', null, '30/05/2020', '06/12/2020', 'g', 24, 24, 2);
insert into OBJETO (OBJETO_ID, NOMBRE, DESCRIPCION, PRECIO_INICIAL_VENTA, CODIGO_BARRAS_TXT, CODIGO_BARRAS_IMG, FECHA_STATUS_ACTUAL, FECHA_FIN_OFERTA, TIPO, SUBASTA_ID, USR_VENDEDOR_ID, STATUS_ACTUAL_ID) values (50, 'Metal Fabrications', 'Olympic Steel, Inc.', 49340.15, 'BG93 BQMW 7129 42YW PLPG 5M', null, '05/06/2020', '30/10/2020', 'd', 95, 21, 3);
insert into OBJETO (OBJETO_ID, NOMBRE, DESCRIPCION, PRECIO_INICIAL_VENTA, CODIGO_BARRAS_TXT, CODIGO_BARRAS_IMG, FECHA_STATUS_ACTUAL, FECHA_FIN_OFERTA, TIPO, SUBASTA_ID, USR_VENDEDOR_ID, STATUS_ACTUAL_ID) values (51, 'Other Specialty Stores', 'Suburban Propane Partners, L.P.', 78540.15, 'GL96 5023 5385 3978 60', null, '26/08/2020', '12/10/2020', 'f', 92, 32, 2);
insert into OBJETO (OBJETO_ID, NOMBRE, DESCRIPCION, PRECIO_INICIAL_VENTA, CODIGO_BARRAS_TXT, CODIGO_BARRAS_IMG, FECHA_STATUS_ACTUAL, FECHA_FIN_OFERTA, TIPO, SUBASTA_ID, USR_VENDEDOR_ID, STATUS_ACTUAL_ID) values (52, 'n/a', 'The Herzfeld Caribbean Basin Fund, Inc.', 67191.33, 'FR26 9586 2521 66YG 5BWR MYL5 L70', null, '03/11/2020', '16/02/2020', 'r', 38, 29, 4);
insert into OBJETO (OBJETO_ID, NOMBRE, DESCRIPCION, PRECIO_INICIAL_VENTA, CODIGO_BARRAS_TXT, CODIGO_BARRAS_IMG, FECHA_STATUS_ACTUAL, FECHA_FIN_OFERTA, TIPO, SUBASTA_ID, USR_VENDEDOR_ID, STATUS_ACTUAL_ID) values (53, 'n/a', 'Newtek Business Services Corp.', 68110.25, 'IS34 9195 5832 8419 9306 4925 46', null, '24/05/2020', '27/06/2020', 'm', 13, 76, 3);
insert into OBJETO (OBJETO_ID, NOMBRE, DESCRIPCION, PRECIO_INICIAL_VENTA, CODIGO_BARRAS_TXT, CODIGO_BARRAS_IMG, FECHA_STATUS_ACTUAL, FECHA_FIN_OFERTA, TIPO, SUBASTA_ID, USR_VENDEDOR_ID, STATUS_ACTUAL_ID) values (54, 'Major Banks', 'First Bancorp, Inc (ME)', 91081.81, 'HU32 5851 2799 9026 0604 9953 0519', null, '06/01/2021', '02/02/2021', 'k', 80, 7, 1);
insert into OBJETO (OBJETO_ID, NOMBRE, DESCRIPCION, PRECIO_INICIAL_VENTA, CODIGO_BARRAS_TXT, CODIGO_BARRAS_IMG, FECHA_STATUS_ACTUAL, FECHA_FIN_OFERTA, TIPO, SUBASTA_ID, USR_VENDEDOR_ID, STATUS_ACTUAL_ID) values (55, 'Major Banks', 'Texas Capital Bancshares, Inc.', 8082.25, 'LT46 9656 8301 5555 4553', null, '14/02/2020', '16/08/2020', 'z', 94, 48, 2);
insert into OBJETO (OBJETO_ID, NOMBRE, DESCRIPCION, PRECIO_INICIAL_VENTA, CODIGO_BARRAS_TXT, CODIGO_BARRAS_IMG, FECHA_STATUS_ACTUAL, FECHA_FIN_OFERTA, TIPO, SUBASTA_ID, USR_VENDEDOR_ID, STATUS_ACTUAL_ID) values (56, 'Major Pharmaceuticals', 'Bio-Path Holdings, Inc.', 9493.97, 'CZ55 9601 6907 4965 6371 0123', null, '17/04/2020', '15/04/2020', 'c', 87, 57, 2);
insert into OBJETO (OBJETO_ID, NOMBRE, DESCRIPCION, PRECIO_INICIAL_VENTA, CODIGO_BARRAS_TXT, CODIGO_BARRAS_IMG, FECHA_STATUS_ACTUAL, FECHA_FIN_OFERTA, TIPO, SUBASTA_ID, USR_VENDEDOR_ID, STATUS_ACTUAL_ID) values (57, 'Real Estate', 'CBRE Group, Inc.', 3405.82, 'MK31 184Z LV5L EB10 002', null, '01/09/2020', '31/12/2020', 'u', 47, 72, 1);
insert into OBJETO (OBJETO_ID, NOMBRE, DESCRIPCION, PRECIO_INICIAL_VENTA, CODIGO_BARRAS_TXT, CODIGO_BARRAS_IMG, FECHA_STATUS_ACTUAL, FECHA_FIN_OFERTA, TIPO, SUBASTA_ID, USR_VENDEDOR_ID, STATUS_ACTUAL_ID) values (58, 'Electronic Components', 'Avnet, Inc.', 21152.43, 'CR83 9725 1765 1390 1712 0', null, '06/07/2020', '30/09/2020', 'p', 54, 35, 1);
insert into OBJETO (OBJETO_ID, NOMBRE, DESCRIPCION, PRECIO_INICIAL_VENTA, CODIGO_BARRAS_TXT, CODIGO_BARRAS_IMG, FECHA_STATUS_ACTUAL, FECHA_FIN_OFERTA, TIPO, SUBASTA_ID, USR_VENDEDOR_ID, STATUS_ACTUAL_ID) values (59, 'Oil & Gas Production', 'SM Energy Company', 88581.75, 'IL24 8419 7826 4689 6610 356', null, '10/01/2021', '01/02/2021', 't', 73, 1, 2);
insert into OBJETO (OBJETO_ID, NOMBRE, DESCRIPCION, PRECIO_INICIAL_VENTA, CODIGO_BARRAS_TXT, CODIGO_BARRAS_IMG, FECHA_STATUS_ACTUAL, FECHA_FIN_OFERTA, TIPO, SUBASTA_ID, USR_VENDEDOR_ID, STATUS_ACTUAL_ID) values (60, 'Apparel', 'Under Armour, Inc.', 3548.91, 'BR48 3957 2809 4095 8735 4331 084L V', null, '01/04/2020', '07/10/2020', 'b', 5, 23, 1);
insert into OBJETO (OBJETO_ID, NOMBRE, DESCRIPCION, PRECIO_INICIAL_VENTA, CODIGO_BARRAS_TXT, CODIGO_BARRAS_IMG, FECHA_STATUS_ACTUAL, FECHA_FIN_OFERTA, TIPO, SUBASTA_ID, USR_VENDEDOR_ID, STATUS_ACTUAL_ID) values (61, 'Professional Services', 'Information Services Group, Inc.', 33591.96, 'FR22 8550 4789 73WU F83L JMAB X76', null, '21/12/2020', '20/03/2020', 'a', 83, 25, 2);
insert into OBJETO (OBJETO_ID, NOMBRE, DESCRIPCION, PRECIO_INICIAL_VENTA, CODIGO_BARRAS_TXT, CODIGO_BARRAS_IMG, FECHA_STATUS_ACTUAL, FECHA_FIN_OFERTA, TIPO, SUBASTA_ID, USR_VENDEDOR_ID, STATUS_ACTUAL_ID) values (62, 'Major Banks', 'Citigroup Inc.', 90169.95, 'RO25 WKEZ WLN6 ISOL NWOR ECFE', null, '23/02/2020', '11/11/2020', 'v', 62, 97, 1);
insert into OBJETO (OBJETO_ID, NOMBRE, DESCRIPCION, PRECIO_INICIAL_VENTA, CODIGO_BARRAS_TXT, CODIGO_BARRAS_IMG, FECHA_STATUS_ACTUAL, FECHA_FIN_OFERTA, TIPO, SUBASTA_ID, USR_VENDEDOR_ID, STATUS_ACTUAL_ID) values (63, 'Agricultural Chemicals', 'Scotts Miracle-Gro Company (The)', 7358.26, 'FR83 8564 3539 78SU QMZ2 KWNN J05', null, '24/06/2020', '11/03/2020', 'v', 57, 56, 4);
insert into OBJETO (OBJETO_ID, NOMBRE, DESCRIPCION, PRECIO_INICIAL_VENTA, CODIGO_BARRAS_TXT, CODIGO_BARRAS_IMG, FECHA_STATUS_ACTUAL, FECHA_FIN_OFERTA, TIPO, SUBASTA_ID, USR_VENDEDOR_ID, STATUS_ACTUAL_ID) values (64, 'Packaged Foods', 'Lifeway Foods, Inc.', 36306.18, 'DK16 7512 2087 6511 35', null, '05/02/2020', '30/01/2021', 'w', 71, 71, 3);
insert into OBJETO (OBJETO_ID, NOMBRE, DESCRIPCION, PRECIO_INICIAL_VENTA, CODIGO_BARRAS_TXT, CODIGO_BARRAS_IMG, FECHA_STATUS_ACTUAL, FECHA_FIN_OFERTA, TIPO, SUBASTA_ID, USR_VENDEDOR_ID, STATUS_ACTUAL_ID) values (65, 'Major Pharmaceuticals', 'Bioblast Pharma Ltd.', 32642.0, 'AE70 9010 0121 5052 4837 225', null, '02/09/2020', '02/09/2020', 'g', 98, 98, 2);
insert into OBJETO (OBJETO_ID, NOMBRE, DESCRIPCION, PRECIO_INICIAL_VENTA, CODIGO_BARRAS_TXT, CODIGO_BARRAS_IMG, FECHA_STATUS_ACTUAL, FECHA_FIN_OFERTA, TIPO, SUBASTA_ID, USR_VENDEDOR_ID, STATUS_ACTUAL_ID) values (66, 'Biotechnology: In Vitro & In Vivo Diagnostic Substances', 'Nymox Pharmaceutical Corporation', 20369.33, 'BG22 YBXE 5037 01WL 4MUI EA', null, '30/04/2020', '21/01/2021', 'b', 16, 53, 2);
insert into OBJETO (OBJETO_ID, NOMBRE, DESCRIPCION, PRECIO_INICIAL_VENTA, CODIGO_BARRAS_TXT, CODIGO_BARRAS_IMG, FECHA_STATUS_ACTUAL, FECHA_FIN_OFERTA, TIPO, SUBASTA_ID, USR_VENDEDOR_ID, STATUS_ACTUAL_ID) values (67, 'Real Estate Investment Trusts', 'GGP Inc.', 77168.36, 'FR24 1559 8142 96FS HZIJ YMFI 719', null, '29/04/2020', '05/11/2020', 'c', 69, 45, 4);
insert into OBJETO (OBJETO_ID, NOMBRE, DESCRIPCION, PRECIO_INICIAL_VENTA, CODIGO_BARRAS_TXT, CODIGO_BARRAS_IMG, FECHA_STATUS_ACTUAL, FECHA_FIN_OFERTA, TIPO, SUBASTA_ID, USR_VENDEDOR_ID, STATUS_ACTUAL_ID) values (68, 'Beverages (Production/Distribution)', 'Long Island Iced Tea Corp.', 9703.61, 'PS79 GADP UZ88 T7SD LGM2 AGUL HXTT H', null, '28/12/2020', '09/10/2020', 'k', 69, 25, 1);
insert into OBJETO (OBJETO_ID, NOMBRE, DESCRIPCION, PRECIO_INICIAL_VENTA, CODIGO_BARRAS_TXT, CODIGO_BARRAS_IMG, FECHA_STATUS_ACTUAL, FECHA_FIN_OFERTA, TIPO, SUBASTA_ID, USR_VENDEDOR_ID, STATUS_ACTUAL_ID) values (69, 'Electrical Products', 'Plexus Corp.', 66890.45, 'NO46 7668 5342 950', null, '24/06/2020', '04/10/2020', 'f', 7, 54, 2);
insert into OBJETO (OBJETO_ID, NOMBRE, DESCRIPCION, PRECIO_INICIAL_VENTA, CODIGO_BARRAS_TXT, CODIGO_BARRAS_IMG, FECHA_STATUS_ACTUAL, FECHA_FIN_OFERTA, TIPO, SUBASTA_ID, USR_VENDEDOR_ID, STATUS_ACTUAL_ID) values (70, 'Major Chemicals', 'Amyris, Inc.', 49124.53, 'DE98 5016 3034 5092 2173 57', null, '14/01/2021', '19/08/2020', 'p', 35, 83, 4);
insert into OBJETO (OBJETO_ID, NOMBRE, DESCRIPCION, PRECIO_INICIAL_VENTA, CODIGO_BARRAS_TXT, CODIGO_BARRAS_IMG, FECHA_STATUS_ACTUAL, FECHA_FIN_OFERTA, TIPO, SUBASTA_ID, USR_VENDEDOR_ID, STATUS_ACTUAL_ID) values (71, 'Industrial Machinery/Components', 'Lam Research Corporation', 65654.96, 'FR64 6955 7502 23AU 2KHZ MDOH P36', null, '03/12/2020', '11/08/2020', 'f', 37, 15, 4);
insert into OBJETO (OBJETO_ID, NOMBRE, DESCRIPCION, PRECIO_INICIAL_VENTA, CODIGO_BARRAS_TXT, CODIGO_BARRAS_IMG, FECHA_STATUS_ACTUAL, FECHA_FIN_OFERTA, TIPO, SUBASTA_ID, USR_VENDEDOR_ID, STATUS_ACTUAL_ID) values (72, 'n/a', 'Capital One Financial Corporation', 59534.97, 'TN09 6676 2885 8210 7627 8400', null, '05/08/2020', '30/09/2020', 'd', 66, 75, 4);
insert into OBJETO (OBJETO_ID, NOMBRE, DESCRIPCION, PRECIO_INICIAL_VENTA, CODIGO_BARRAS_TXT, CODIGO_BARRAS_IMG, FECHA_STATUS_ACTUAL, FECHA_FIN_OFERTA, TIPO, SUBASTA_ID, USR_VENDEDOR_ID, STATUS_ACTUAL_ID) values (73, 'Telecommunications Equipment', 'Westell Technologies, Inc.', 94348.68, 'AT22 9529 5942 6078 1803', null, '28/12/2020', '16/06/2020', 'u', 39, 13, 4);
insert into OBJETO (OBJETO_ID, NOMBRE, DESCRIPCION, PRECIO_INICIAL_VENTA, CODIGO_BARRAS_TXT, CODIGO_BARRAS_IMG, FECHA_STATUS_ACTUAL, FECHA_FIN_OFERTA, TIPO, SUBASTA_ID, USR_VENDEDOR_ID, STATUS_ACTUAL_ID) values (74, 'n/a', 'ADOMANI, Inc.', 15111.89, 'CR25 2036 6901 8226 5513 0', null, '04/04/2020', '07/09/2020', 'u', 7, 32, 1);
insert into OBJETO (OBJETO_ID, NOMBRE, DESCRIPCION, PRECIO_INICIAL_VENTA, CODIGO_BARRAS_TXT, CODIGO_BARRAS_IMG, FECHA_STATUS_ACTUAL, FECHA_FIN_OFERTA, TIPO, SUBASTA_ID, USR_VENDEDOR_ID, STATUS_ACTUAL_ID) values (75, 'Computer Software: Prepackaged Software', 'CA Inc.', 57499.86, 'CH92 5625 5WVE SHRO SRZC U', null, '15/09/2020', '10/02/2020', 'b', 38, 13, 3);
insert into OBJETO (OBJETO_ID, NOMBRE, DESCRIPCION, PRECIO_INICIAL_VENTA, CODIGO_BARRAS_TXT, CODIGO_BARRAS_IMG, FECHA_STATUS_ACTUAL, FECHA_FIN_OFERTA, TIPO, SUBASTA_ID, USR_VENDEDOR_ID, STATUS_ACTUAL_ID) values (76, 'Automotive Aftermarket', 'Rush Enterprises, Inc.', 35847.69, 'NL80 WSVZ 0225 0278 58', null, '12/05/2020', '15/01/2021', 'k', 23, 36, 3);
insert into OBJETO (OBJETO_ID, NOMBRE, DESCRIPCION, PRECIO_INICIAL_VENTA, CODIGO_BARRAS_TXT, CODIGO_BARRAS_IMG, FECHA_STATUS_ACTUAL, FECHA_FIN_OFERTA, TIPO, SUBASTA_ID, USR_VENDEDOR_ID, STATUS_ACTUAL_ID) values (77, 'Savings Institutions', 'Charter Financial Corp.', 54559.56, 'PK74 HXJA 9UZH MTJ4 LESJ UH7E', null, '05/03/2020', '18/01/2021', 'f', 71, 82, 1);
insert into OBJETO (OBJETO_ID, NOMBRE, DESCRIPCION, PRECIO_INICIAL_VENTA, CODIGO_BARRAS_TXT, CODIGO_BARRAS_IMG, FECHA_STATUS_ACTUAL, FECHA_FIN_OFERTA, TIPO, SUBASTA_ID, USR_VENDEDOR_ID, STATUS_ACTUAL_ID) values (78, 'Commercial Banks', 'Royal Bank Scotland plc (The)', 68160.43, 'SE88 0842 7030 7947 1261 9142', null, '20/09/2020', '03/07/2020', 'u', 22, 18, 4);
insert into OBJETO (OBJETO_ID, NOMBRE, DESCRIPCION, PRECIO_INICIAL_VENTA, CODIGO_BARRAS_TXT, CODIGO_BARRAS_IMG, FECHA_STATUS_ACTUAL, FECHA_FIN_OFERTA, TIPO, SUBASTA_ID, USR_VENDEDOR_ID, STATUS_ACTUAL_ID) values (79, 'n/a', 'New Ireland Fund, Inc. (The)', 57542.78, 'RO51 ZNYA JNHJ RWBP YLWI 2EBW', null, '24/01/2021', '31/01/2021', 'c', 34, 74, 1);
insert into OBJETO (OBJETO_ID, NOMBRE, DESCRIPCION, PRECIO_INICIAL_VENTA, CODIGO_BARRAS_TXT, CODIGO_BARRAS_IMG, FECHA_STATUS_ACTUAL, FECHA_FIN_OFERTA, TIPO, SUBASTA_ID, USR_VENDEDOR_ID, STATUS_ACTUAL_ID) values (80, 'Television Services', 'Viacom Inc.', 67136.39, 'SA45 010L DXAJ SGZE UJD4 GWBJ', null, '03/08/2020', '07/01/2021', 'w', 35, 74, 3);
insert into OBJETO (OBJETO_ID, NOMBRE, DESCRIPCION, PRECIO_INICIAL_VENTA, CODIGO_BARRAS_TXT, CODIGO_BARRAS_IMG, FECHA_STATUS_ACTUAL, FECHA_FIN_OFERTA, TIPO, SUBASTA_ID, USR_VENDEDOR_ID, STATUS_ACTUAL_ID) values (81, 'Electric Utilities: Central', 'Algonquin Power & Utilities Corp.', 33726.25, 'CY63 4413 8105 TK7R V6YJ KQFZ WKBY', null, '09/09/2020', '02/05/2020', 'i', 42, 93, 2);
insert into OBJETO (OBJETO_ID, NOMBRE, DESCRIPCION, PRECIO_INICIAL_VENTA, CODIGO_BARRAS_TXT, CODIGO_BARRAS_IMG, FECHA_STATUS_ACTUAL, FECHA_FIN_OFERTA, TIPO, SUBASTA_ID, USR_VENDEDOR_ID, STATUS_ACTUAL_ID) values (82, 'Investment Bankers/Brokers/Service', 'Stifel Financial Corporation', 74254.3, 'NO11 4348 2890 958', null, '05/01/2021', '16/01/2021', 'j', 2, 32, 1);
insert into OBJETO (OBJETO_ID, NOMBRE, DESCRIPCION, PRECIO_INICIAL_VENTA, CODIGO_BARRAS_TXT, CODIGO_BARRAS_IMG, FECHA_STATUS_ACTUAL, FECHA_FIN_OFERTA, TIPO, SUBASTA_ID, USR_VENDEDOR_ID, STATUS_ACTUAL_ID) values (83, 'n/a', 'Nuveen Insured California Select Tax-Free Income Portfolio', 55837.98, 'GL08 6564 8745 8585 74', null, '08/07/2020', '29/12/2020', 'f', 11, 80, 3);
insert into OBJETO (OBJETO_ID, NOMBRE, DESCRIPCION, PRECIO_INICIAL_VENTA, CODIGO_BARRAS_TXT, CODIGO_BARRAS_IMG, FECHA_STATUS_ACTUAL, FECHA_FIN_OFERTA, TIPO, SUBASTA_ID, USR_VENDEDOR_ID, STATUS_ACTUAL_ID) values (84, 'Farming/Seeds/Milling', 'CHS Inc', 70222.35, 'PL86 4372 2824 7291 7321 8293 2946', null, '25/08/2020', '22/10/2020', 'i', 51, 56, 3);
insert into OBJETO (OBJETO_ID, NOMBRE, DESCRIPCION, PRECIO_INICIAL_VENTA, CODIGO_BARRAS_TXT, CODIGO_BARRAS_IMG, FECHA_STATUS_ACTUAL, FECHA_FIN_OFERTA, TIPO, SUBASTA_ID, USR_VENDEDOR_ID, STATUS_ACTUAL_ID) values (85, 'Property-Casualty Insurers', 'Kinsale Capital Group, Inc.', 28801.28, 'NL89 IQWE 1864 7290 95', null, '24/08/2020', '18/12/2020', 'k', 53, 3, 3);
insert into OBJETO (OBJETO_ID, NOMBRE, DESCRIPCION, PRECIO_INICIAL_VENTA, CODIGO_BARRAS_TXT, CODIGO_BARRAS_IMG, FECHA_STATUS_ACTUAL, FECHA_FIN_OFERTA, TIPO, SUBASTA_ID, USR_VENDEDOR_ID, STATUS_ACTUAL_ID) values (86, 'Steel/Iron Ore', 'SunCoke Energy Partners, L.P.', 15798.15, 'SK19 6031 9594 5899 4780 6893', null, '24/12/2020', '10/08/2020', 'w', 54, 5, 2);
insert into OBJETO (OBJETO_ID, NOMBRE, DESCRIPCION, PRECIO_INICIAL_VENTA, CODIGO_BARRAS_TXT, CODIGO_BARRAS_IMG, FECHA_STATUS_ACTUAL, FECHA_FIN_OFERTA, TIPO, SUBASTA_ID, USR_VENDEDOR_ID, STATUS_ACTUAL_ID) values (87, 'Business Services', 'Capitol Acquisition Corp. III', 78015.19, 'LT30 5693 7653 6168 6880', null, '25/11/2020', '07/05/2020', 'o', 92, 79, 3);
insert into OBJETO (OBJETO_ID, NOMBRE, DESCRIPCION, PRECIO_INICIAL_VENTA, CODIGO_BARRAS_TXT, CODIGO_BARRAS_IMG, FECHA_STATUS_ACTUAL, FECHA_FIN_OFERTA, TIPO, SUBASTA_ID, USR_VENDEDOR_ID, STATUS_ACTUAL_ID) values (88, 'Electric Utilities: Central', 'Avangrid, Inc.', 53131.35, 'HU47 8010 9841 1516 4699 1044 6197', null, '06/02/2020', '02/02/2021', 'c', 96, 45, 4);
insert into OBJETO (OBJETO_ID, NOMBRE, DESCRIPCION, PRECIO_INICIAL_VENTA, CODIGO_BARRAS_TXT, CODIGO_BARRAS_IMG, FECHA_STATUS_ACTUAL, FECHA_FIN_OFERTA, TIPO, SUBASTA_ID, USR_VENDEDOR_ID, STATUS_ACTUAL_ID) values (89, 'n/a', 'First Trust Energy Infrastructure Fund', 38458.39, 'FR74 3890 0253 14SM YAWB MWV8 K26', null, '27/01/2021', '16/10/2020', 'b', 6, 57, 2);
insert into OBJETO (OBJETO_ID, NOMBRE, DESCRIPCION, PRECIO_INICIAL_VENTA, CODIGO_BARRAS_TXT, CODIGO_BARRAS_IMG, FECHA_STATUS_ACTUAL, FECHA_FIN_OFERTA, TIPO, SUBASTA_ID, USR_VENDEDOR_ID, STATUS_ACTUAL_ID) values (90, 'Major Pharmaceuticals', 'Tocagen Inc.', 25362.49, 'AZ89 SHER YIRM LMDP 2HHR FQU1 BUYL', null, '22/03/2020', '05/11/2020', 's', 49, 89, 1);
insert into OBJETO (OBJETO_ID, NOMBRE, DESCRIPCION, PRECIO_INICIAL_VENTA, CODIGO_BARRAS_TXT, CODIGO_BARRAS_IMG, FECHA_STATUS_ACTUAL, FECHA_FIN_OFERTA, TIPO, SUBASTA_ID, USR_VENDEDOR_ID, STATUS_ACTUAL_ID) values (91, 'n/a', 'Dreyfus Strategic Municipals, Inc.', 93438.27, 'TN64 2911 8885 9864 9345 9557', null, '26/08/2020', '09/10/2020', 'p', 99, 39, 4);
insert into OBJETO (OBJETO_ID, NOMBRE, DESCRIPCION, PRECIO_INICIAL_VENTA, CODIGO_BARRAS_TXT, CODIGO_BARRAS_IMG, FECHA_STATUS_ACTUAL, FECHA_FIN_OFERTA, TIPO, SUBASTA_ID, USR_VENDEDOR_ID, STATUS_ACTUAL_ID) values (92, 'Diversified Financial Services', 'China Lending Corporation', 63816.47, 'BH78 KOHC FPTK R3YS WQPB NL', null, '25/07/2020', '30/10/2020', 'm', 20, 10, 1);
insert into OBJETO (OBJETO_ID, NOMBRE, DESCRIPCION, PRECIO_INICIAL_VENTA, CODIGO_BARRAS_TXT, CODIGO_BARRAS_IMG, FECHA_STATUS_ACTUAL, FECHA_FIN_OFERTA, TIPO, SUBASTA_ID, USR_VENDEDOR_ID, STATUS_ACTUAL_ID) values (93, 'Investment Bankers/Brokers/Service', 'Goldman Sachs Group, Inc. (The)', 21754.01, 'FR32 2627 6640 34L9 DQON PM3T O98', null, '07/06/2020', '23/03/2020', 'w', 45, 58, 3);
insert into OBJETO (OBJETO_ID, NOMBRE, DESCRIPCION, PRECIO_INICIAL_VENTA, CODIGO_BARRAS_TXT, CODIGO_BARRAS_IMG, FECHA_STATUS_ACTUAL, FECHA_FIN_OFERTA, TIPO, SUBASTA_ID, USR_VENDEDOR_ID, STATUS_ACTUAL_ID) values (94, 'Metal Fabrications', 'Sun Hydraulics Corporation', 87973.2, 'NO66 8114 6537 684', null, '15/04/2020', '01/01/2021', 'p', 44, 30, 1);
insert into OBJETO (OBJETO_ID, NOMBRE, DESCRIPCION, PRECIO_INICIAL_VENTA, CODIGO_BARRAS_TXT, CODIGO_BARRAS_IMG, FECHA_STATUS_ACTUAL, FECHA_FIN_OFERTA, TIPO, SUBASTA_ID, USR_VENDEDOR_ID, STATUS_ACTUAL_ID) values (95, 'Department/Specialty Retail Stores', 'Five Below, Inc.', 58445.28, 'RS02 0941 4938 0932 0486 07', null, '24/08/2020', '06/09/2020', 'c', 35, 35, 1);
insert into OBJETO (OBJETO_ID, NOMBRE, DESCRIPCION, PRECIO_INICIAL_VENTA, CODIGO_BARRAS_TXT, CODIGO_BARRAS_IMG, FECHA_STATUS_ACTUAL, FECHA_FIN_OFERTA, TIPO, SUBASTA_ID, USR_VENDEDOR_ID, STATUS_ACTUAL_ID) values (96, 'Investment Managers', 'The Blackstone Group L.P.', 60574.88, 'DE14 0521 6451 7268 6628 60', null, '08/03/2020', '23/05/2020', 'y', 16, 4, 4);
insert into OBJETO (OBJETO_ID, NOMBRE, DESCRIPCION, PRECIO_INICIAL_VENTA, CODIGO_BARRAS_TXT, CODIGO_BARRAS_IMG, FECHA_STATUS_ACTUAL, FECHA_FIN_OFERTA, TIPO, SUBASTA_ID, USR_VENDEDOR_ID, STATUS_ACTUAL_ID) values (97, 'n/a', 'Pennsylvania Real Estate Investment Trust', 65087.87, 'DK53 0498 9762 2651 67', null, '31/05/2020', '12/08/2020', 'q', 67, 3, 3);
insert into OBJETO (OBJETO_ID, NOMBRE, DESCRIPCION, PRECIO_INICIAL_VENTA, CODIGO_BARRAS_TXT, CODIGO_BARRAS_IMG, FECHA_STATUS_ACTUAL, FECHA_FIN_OFERTA, TIPO, SUBASTA_ID, USR_VENDEDOR_ID, STATUS_ACTUAL_ID) values (98, 'Beverages (Production/Distribution)', 'Diageo plc', 51763.97, 'CY04 2811 2977 5GTD XFFC OHIB DW01', null, '24/05/2020', '18/05/2020', 'm', 30, 50, 2);
insert into OBJETO (OBJETO_ID, NOMBRE, DESCRIPCION, PRECIO_INICIAL_VENTA, CODIGO_BARRAS_TXT, CODIGO_BARRAS_IMG, FECHA_STATUS_ACTUAL, FECHA_FIN_OFERTA, TIPO, SUBASTA_ID, USR_VENDEDOR_ID, STATUS_ACTUAL_ID) values (99, 'Trucking Freight/Courier Services', 'Old Dominion Freight Line, Inc.', 38411.28, 'FR65 6909 0698 39AV XAXJ O1KU 040', null, '31/08/2020', '18/04/2020', 'i', 45, 38, 4);
insert into OBJETO (OBJETO_ID, NOMBRE, DESCRIPCION, PRECIO_INICIAL_VENTA, CODIGO_BARRAS_TXT, CODIGO_BARRAS_IMG, FECHA_STATUS_ACTUAL, FECHA_FIN_OFERTA, TIPO, SUBASTA_ID, USR_VENDEDOR_ID, STATUS_ACTUAL_ID) values (100, 'Auto Manufacturing', 'Ferrari N.V.', 83294.62, 'FR90 4200 6998 37RI VF10 DDWP F12', null, '06/07/2020', '29/02/2020', 'd', 1, 59, 3);
insert into OBJETO (OBJETO_ID, NOMBRE, DESCRIPCION, PRECIO_INICIAL_VENTA, CODIGO_BARRAS_TXT, CODIGO_BARRAS_IMG, FECHA_STATUS_ACTUAL, FECHA_FIN_OFERTA, TIPO, SUBASTA_ID, USR_VENDEDOR_ID, STATUS_ACTUAL_ID) values (101, 'Restaurants', 'Ruth''s Hospitality Group, Inc.', 90218.04, 'GT08 NA9K TABD HZIZ PQL6 8QPN JD0O', null, '13/07/2020', '03/06/2020', 'v', 59, 31, 3);
insert into OBJETO (OBJETO_ID, NOMBRE, DESCRIPCION, PRECIO_INICIAL_VENTA, CODIGO_BARRAS_TXT, CODIGO_BARRAS_IMG, FECHA_STATUS_ACTUAL, FECHA_FIN_OFERTA, TIPO, SUBASTA_ID, USR_VENDEDOR_ID, STATUS_ACTUAL_ID) values (102, 'n/a', 'Eaton Vance Corporation', 76188.81, 'TR68 8624 4F8E YB6L JORI 5SM6 XC', null, '05/07/2020', '04/06/2020', 'f', 52, 52, 2);
insert into OBJETO (OBJETO_ID, NOMBRE, DESCRIPCION, PRECIO_INICIAL_VENTA, CODIGO_BARRAS_TXT, CODIGO_BARRAS_IMG, FECHA_STATUS_ACTUAL, FECHA_FIN_OFERTA, TIPO, SUBASTA_ID, USR_VENDEDOR_ID, STATUS_ACTUAL_ID) values (103, 'Major Pharmaceuticals', 'Xenetic Biosciences, Inc.', 24474.09, 'SE16 7497 0718 6714 4000 1163', null, '21/08/2020', '24/07/2020', 'o', 20, 81, 3);
insert into OBJETO (OBJETO_ID, NOMBRE, DESCRIPCION, PRECIO_INICIAL_VENTA, CODIGO_BARRAS_TXT, CODIGO_BARRAS_IMG, FECHA_STATUS_ACTUAL, FECHA_FIN_OFERTA, TIPO, SUBASTA_ID, USR_VENDEDOR_ID, STATUS_ACTUAL_ID) values (104, 'n/a', 'Eaton Vance Municipal Income Trust', 21647.4, 'PT93 3113 9475 2001 5132 3339 4', null, '26/09/2020', '27/03/2020', 'a', 61, 81, 1);
insert into OBJETO (OBJETO_ID, NOMBRE, DESCRIPCION, PRECIO_INICIAL_VENTA, CODIGO_BARRAS_TXT, CODIGO_BARRAS_IMG, FECHA_STATUS_ACTUAL, FECHA_FIN_OFERTA, TIPO, SUBASTA_ID, USR_VENDEDOR_ID, STATUS_ACTUAL_ID) values (105, 'Business Services', 'FinTech Acquisition Corp. II', 64776.61, 'IL09 7843 9883 5728 8043 522', null, '25/02/2020', '05/11/2020', 'x', 11, 4, 4);
insert into OBJETO (OBJETO_ID, NOMBRE, DESCRIPCION, PRECIO_INICIAL_VENTA, CODIGO_BARRAS_TXT, CODIGO_BARRAS_IMG, FECHA_STATUS_ACTUAL, FECHA_FIN_OFERTA, TIPO, SUBASTA_ID, USR_VENDEDOR_ID, STATUS_ACTUAL_ID) values (106, 'n/a', 'Colonial Municipal Income Trust', 98592.5, 'KW75 RQUD AOO8 GUWY YUB2 FCZD MMQE AG', null, '20/03/2020', '08/09/2020', 'h', 41, 10, 3);
insert into OBJETO (OBJETO_ID, NOMBRE, DESCRIPCION, PRECIO_INICIAL_VENTA, CODIGO_BARRAS_TXT, CODIGO_BARRAS_IMG, FECHA_STATUS_ACTUAL, FECHA_FIN_OFERTA, TIPO, SUBASTA_ID, USR_VENDEDOR_ID, STATUS_ACTUAL_ID) values (107, 'Computer Software: Programming, Data Processing', 'Baidu, Inc.', 33456.21, 'PK79 ASSK VFON MZ8H F0EP C7IO', null, '16/09/2020', '22/06/2020', 'q', 27, 65, 1);
insert into OBJETO (OBJETO_ID, NOMBRE, DESCRIPCION, PRECIO_INICIAL_VENTA, CODIGO_BARRAS_TXT, CODIGO_BARRAS_IMG, FECHA_STATUS_ACTUAL, FECHA_FIN_OFERTA, TIPO, SUBASTA_ID, USR_VENDEDOR_ID, STATUS_ACTUAL_ID) values (108, 'Precious Metals', 'Franco-Nevada Corporation', 98686.22, 'SK96 4430 9874 2239 1795 6403', null, '17/02/2020', '07/11/2020', 'w', 49, 79, 2);
insert into OBJETO (OBJETO_ID, NOMBRE, DESCRIPCION, PRECIO_INICIAL_VENTA, CODIGO_BARRAS_TXT, CODIGO_BARRAS_IMG, FECHA_STATUS_ACTUAL, FECHA_FIN_OFERTA, TIPO, SUBASTA_ID, USR_VENDEDOR_ID, STATUS_ACTUAL_ID) values (109, 'Industrial Machinery/Components', 'Manitex International, Inc.', 24789.19, 'ME20 0635 1133 2497 8697 60', null, '13/05/2020', '04/09/2020', 'a', 12, 18, 3);
insert into OBJETO (OBJETO_ID, NOMBRE, DESCRIPCION, PRECIO_INICIAL_VENTA, CODIGO_BARRAS_TXT, CODIGO_BARRAS_IMG, FECHA_STATUS_ACTUAL, FECHA_FIN_OFERTA, TIPO, SUBASTA_ID, USR_VENDEDOR_ID, STATUS_ACTUAL_ID) values (110, 'Services-Misc. Amusement & Recreation', 'Dover Motorsports, Inc.', 25644.04, 'CH13 4874 5MFS Y2FD P9JH 7', null, '06/04/2020', '29/04/2020', 'd', 55, 31, 4);
insert into OBJETO (OBJETO_ID, NOMBRE, DESCRIPCION, PRECIO_INICIAL_VENTA, CODIGO_BARRAS_TXT, CODIGO_BARRAS_IMG, FECHA_STATUS_ACTUAL, FECHA_FIN_OFERTA, TIPO, SUBASTA_ID, USR_VENDEDOR_ID, STATUS_ACTUAL_ID) values (111, 'Telecommunications Equipment', 'Ciena Corporation', 7373.43, 'FR23 8684 2682 32KN NIFM WRIH Y30', null, '04/03/2020', '23/09/2020', 'h', 30, 89, 3);
insert into OBJETO (OBJETO_ID, NOMBRE, DESCRIPCION, PRECIO_INICIAL_VENTA, CODIGO_BARRAS_TXT, CODIGO_BARRAS_IMG, FECHA_STATUS_ACTUAL, FECHA_FIN_OFERTA, TIPO, SUBASTA_ID, USR_VENDEDOR_ID, STATUS_ACTUAL_ID) values (112, 'Food Distributors', 'Sysco Corporation', 55858.3, 'FR74 3303 4418 666S NZHU 757X E72', null, '13/08/2020', '19/06/2020', 'z', 58, 49, 4);
insert into OBJETO (OBJETO_ID, NOMBRE, DESCRIPCION, PRECIO_INICIAL_VENTA, CODIGO_BARRAS_TXT, CODIGO_BARRAS_IMG, FECHA_STATUS_ACTUAL, FECHA_FIN_OFERTA, TIPO, SUBASTA_ID, USR_VENDEDOR_ID, STATUS_ACTUAL_ID) values (113, 'Telecommunications Equipment', 'TIM Participacoes S.A.', 11490.7, 'PS36 CNIT SLEM 0DYD LUGD QZYX R4XL N', null, '28/09/2020', '16/08/2020', 'w', 17, 7, 2);
insert into OBJETO (OBJETO_ID, NOMBRE, DESCRIPCION, PRECIO_INICIAL_VENTA, CODIGO_BARRAS_TXT, CODIGO_BARRAS_IMG, FECHA_STATUS_ACTUAL, FECHA_FIN_OFERTA, TIPO, SUBASTA_ID, USR_VENDEDOR_ID, STATUS_ACTUAL_ID) values (114, 'Oil & Gas Production', 'Pioneer Energy Services Corp.', 92163.31, 'IS94 3509 8218 3653 9470 9671 81', null, '05/10/2020', '15/10/2020', 'a', 62, 23, 1);
insert into OBJETO (OBJETO_ID, NOMBRE, DESCRIPCION, PRECIO_INICIAL_VENTA, CODIGO_BARRAS_TXT, CODIGO_BARRAS_IMG, FECHA_STATUS_ACTUAL, FECHA_FIN_OFERTA, TIPO, SUBASTA_ID, USR_VENDEDOR_ID, STATUS_ACTUAL_ID) values (115, 'Department/Specialty Retail Stores', 'Dollar General Corporation', 13144.38, 'ES15 4712 0378 2048 0839 9289', null, '19/03/2020', '02/06/2020', 'a', 50, 51, 3);
insert into OBJETO (OBJETO_ID, NOMBRE, DESCRIPCION, PRECIO_INICIAL_VENTA, CODIGO_BARRAS_TXT, CODIGO_BARRAS_IMG, FECHA_STATUS_ACTUAL, FECHA_FIN_OFERTA, TIPO, SUBASTA_ID, USR_VENDEDOR_ID, STATUS_ACTUAL_ID) values (116, 'Marine Transportation', 'Teekay Tankers Ltd.', 81577.77, 'BE12 4331 7667 9973', null, '21/03/2020', '17/08/2020', 'v', 86, 98, 3);
insert into OBJETO (OBJETO_ID, NOMBRE, DESCRIPCION, PRECIO_INICIAL_VENTA, CODIGO_BARRAS_TXT, CODIGO_BARRAS_IMG, FECHA_STATUS_ACTUAL, FECHA_FIN_OFERTA, TIPO, SUBASTA_ID, USR_VENDEDOR_ID, STATUS_ACTUAL_ID) values (117, 'n/a', 'F.N.B. Corporation', 67192.96, 'GI35 NFRL RI7Q LWKA CD9Q WPZ', null, '07/05/2020', '07/09/2020', 'j', 69, 59, 4);
insert into OBJETO (OBJETO_ID, NOMBRE, DESCRIPCION, PRECIO_INICIAL_VENTA, CODIGO_BARRAS_TXT, CODIGO_BARRAS_IMG, FECHA_STATUS_ACTUAL, FECHA_FIN_OFERTA, TIPO, SUBASTA_ID, USR_VENDEDOR_ID, STATUS_ACTUAL_ID) values (118, 'Major Pharmaceuticals', 'Ophthotech Corporation', 93798.2, 'FR92 1991 7775 449Z I5FB RAE5 E45', null, '01/11/2020', '01/08/2020', 'n', 5, 100, 4);
insert into OBJETO (OBJETO_ID, NOMBRE, DESCRIPCION, PRECIO_INICIAL_VENTA, CODIGO_BARRAS_TXT, CODIGO_BARRAS_IMG, FECHA_STATUS_ACTUAL, FECHA_FIN_OFERTA, TIPO, SUBASTA_ID, USR_VENDEDOR_ID, STATUS_ACTUAL_ID) values (119, 'Major Pharmaceuticals', 'Alimera Sciences, Inc.', 6067.07, 'BR69 5162 1153 7593 9518 0564 225H X', null, '03/07/2020', '09/12/2020', 'u', 94, 71, 2);
insert into OBJETO (OBJETO_ID, NOMBRE, DESCRIPCION, PRECIO_INICIAL_VENTA, CODIGO_BARRAS_TXT, CODIGO_BARRAS_IMG, FECHA_STATUS_ACTUAL, FECHA_FIN_OFERTA, TIPO, SUBASTA_ID, USR_VENDEDOR_ID, STATUS_ACTUAL_ID) values (120, 'Medical Specialities', 'CareDx, Inc.', 45850.57, 'IS40 7724 1644 7403 6135 6439 38', null, '24/12/2020', '16/10/2020', 'b', 29, 70, 2);
insert into OBJETO (OBJETO_ID, NOMBRE, DESCRIPCION, PRECIO_INICIAL_VENTA, CODIGO_BARRAS_TXT, CODIGO_BARRAS_IMG, FECHA_STATUS_ACTUAL, FECHA_FIN_OFERTA, TIPO, SUBASTA_ID, USR_VENDEDOR_ID, STATUS_ACTUAL_ID) values (121, 'Oil & Gas Production', 'Geopark Ltd', 80208.27, 'DO06 TGRX 5932 7476 3468 3762 2654', null, '29/11/2020', '25/12/2020', 'z', 61, 71, 2);
insert into OBJETO (OBJETO_ID, NOMBRE, DESCRIPCION, PRECIO_INICIAL_VENTA, CODIGO_BARRAS_TXT, CODIGO_BARRAS_IMG, FECHA_STATUS_ACTUAL, FECHA_FIN_OFERTA, TIPO, SUBASTA_ID, USR_VENDEDOR_ID, STATUS_ACTUAL_ID) values (122, 'Oil & Gas Production', 'Southwestern Energy Company', 90640.76, 'ME59 1371 7823 8469 3741 70', null, '19/05/2020', '18/05/2020', 't', 66, 69, 2);
insert into OBJETO (OBJETO_ID, NOMBRE, DESCRIPCION, PRECIO_INICIAL_VENTA, CODIGO_BARRAS_TXT, CODIGO_BARRAS_IMG, FECHA_STATUS_ACTUAL, FECHA_FIN_OFERTA, TIPO, SUBASTA_ID, USR_VENDEDOR_ID, STATUS_ACTUAL_ID) values (123, 'n/a', 'iShares PHLX SOX Semiconductor Sector Index Fund', 82366.47, 'FR44 1107 5512 65EC 4H76 VWGJ B61', null, '26/10/2020', '09/11/2020', 'o', 73, 93, 3);
insert into OBJETO (OBJETO_ID, NOMBRE, DESCRIPCION, PRECIO_INICIAL_VENTA, CODIGO_BARRAS_TXT, CODIGO_BARRAS_IMG, FECHA_STATUS_ACTUAL, FECHA_FIN_OFERTA, TIPO, SUBASTA_ID, USR_VENDEDOR_ID, STATUS_ACTUAL_ID) values (124, 'Savings Institutions', 'Equitable Financial Corp.', 21761.18, 'SK30 7273 8081 6015 9781 6614', null, '04/07/2020', '26/03/2020', 'h', 57, 27, 2);
insert into OBJETO (OBJETO_ID, NOMBRE, DESCRIPCION, PRECIO_INICIAL_VENTA, CODIGO_BARRAS_TXT, CODIGO_BARRAS_IMG, FECHA_STATUS_ACTUAL, FECHA_FIN_OFERTA, TIPO, SUBASTA_ID, USR_VENDEDOR_ID, STATUS_ACTUAL_ID) values (125, 'Business Services', 'Avista Healthcare Public Acquisition Corp.', 48164.98, 'FR70 6545 5193 29DF BILN HYUR B99', null, '17/07/2020', '05/11/2020', 'w', 99, 95, 1);
insert into OBJETO (OBJETO_ID, NOMBRE, DESCRIPCION, PRECIO_INICIAL_VENTA, CODIGO_BARRAS_TXT, CODIGO_BARRAS_IMG, FECHA_STATUS_ACTUAL, FECHA_FIN_OFERTA, TIPO, SUBASTA_ID, USR_VENDEDOR_ID, STATUS_ACTUAL_ID) values (126, 'n/a', 'Invesco Value Municipal Income Trust', 10569.52, 'CH75 9542 93ZL XTUW 9Q6X Y', null, '11/09/2020', '02/03/2020', 'r', 34, 18, 3);
insert into OBJETO (OBJETO_ID, NOMBRE, DESCRIPCION, PRECIO_INICIAL_VENTA, CODIGO_BARRAS_TXT, CODIGO_BARRAS_IMG, FECHA_STATUS_ACTUAL, FECHA_FIN_OFERTA, TIPO, SUBASTA_ID, USR_VENDEDOR_ID, STATUS_ACTUAL_ID) values (127, 'n/a', 'First Trust Strategic High Income Fund II', 6771.36, 'GL63 2804 0338 4142 43', null, '24/02/2020', '24/05/2020', 'j', 82, 17, 2);
insert into OBJETO (OBJETO_ID, NOMBRE, DESCRIPCION, PRECIO_INICIAL_VENTA, CODIGO_BARRAS_TXT, CODIGO_BARRAS_IMG, FECHA_STATUS_ACTUAL, FECHA_FIN_OFERTA, TIPO, SUBASTA_ID, USR_VENDEDOR_ID, STATUS_ACTUAL_ID) values (128, 'Business Services', 'Cardtronics plc', 26848.68, 'HR19 7489 9685 5444 4532 5', null, '01/07/2020', '16/10/2020', 'w', 87, 36, 1);
insert into OBJETO (OBJETO_ID, NOMBRE, DESCRIPCION, PRECIO_INICIAL_VENTA, CODIGO_BARRAS_TXT, CODIGO_BARRAS_IMG, FECHA_STATUS_ACTUAL, FECHA_FIN_OFERTA, TIPO, SUBASTA_ID, USR_VENDEDOR_ID, STATUS_ACTUAL_ID) values (129, 'Real Estate', 'Tejon Ranch Co', 53056.75, 'CZ48 5253 9164 8306 8006 3559', null, '03/11/2020', '18/09/2020', 't', 38, 96, 2);
insert into OBJETO (OBJETO_ID, NOMBRE, DESCRIPCION, PRECIO_INICIAL_VENTA, CODIGO_BARRAS_TXT, CODIGO_BARRAS_IMG, FECHA_STATUS_ACTUAL, FECHA_FIN_OFERTA, TIPO, SUBASTA_ID, USR_VENDEDOR_ID, STATUS_ACTUAL_ID) values (130, 'n/a', 'Blackrock California Municipal 2018 Term Trust', 86018.6, 'SI11 9134 2930 6111 084', null, '26/06/2020', '28/06/2020', 'y', 87, 48, 4);
insert into OBJETO (OBJETO_ID, NOMBRE, DESCRIPCION, PRECIO_INICIAL_VENTA, CODIGO_BARRAS_TXT, CODIGO_BARRAS_IMG, FECHA_STATUS_ACTUAL, FECHA_FIN_OFERTA, TIPO, SUBASTA_ID, USR_VENDEDOR_ID, STATUS_ACTUAL_ID) values (131, 'Real Estate', 'Innovative Industrial Properties, Inc.', 53972.16, 'IT15 Q133 8435 611X YJVO XCAN XDT', null, '29/10/2020', '31/07/2020', 'w', 66, 31, 1);
insert into OBJETO (OBJETO_ID, NOMBRE, DESCRIPCION, PRECIO_INICIAL_VENTA, CODIGO_BARRAS_TXT, CODIGO_BARRAS_IMG, FECHA_STATUS_ACTUAL, FECHA_FIN_OFERTA, TIPO, SUBASTA_ID, USR_VENDEDOR_ID, STATUS_ACTUAL_ID) values (132, 'n/a', 'First Trust International IPO ETF', 81739.08, 'LI73 6398 8BAM WEOQ A197 4', null, '18/09/2020', '27/08/2020', 'y', 39, 62, 1);
insert into OBJETO (OBJETO_ID, NOMBRE, DESCRIPCION, PRECIO_INICIAL_VENTA, CODIGO_BARRAS_TXT, CODIGO_BARRAS_IMG, FECHA_STATUS_ACTUAL, FECHA_FIN_OFERTA, TIPO, SUBASTA_ID, USR_VENDEDOR_ID, STATUS_ACTUAL_ID) values (133, 'Broadcasting', 'Liberty Media Corporation', 2252.02, 'HR75 7675 2491 2188 3227 7', null, '07/08/2020', '07/06/2020', 'o', 77, 43, 4);
insert into OBJETO (OBJETO_ID, NOMBRE, DESCRIPCION, PRECIO_INICIAL_VENTA, CODIGO_BARRAS_TXT, CODIGO_BARRAS_IMG, FECHA_STATUS_ACTUAL, FECHA_FIN_OFERTA, TIPO, SUBASTA_ID, USR_VENDEDOR_ID, STATUS_ACTUAL_ID) values (134, 'Semiconductors', 'AU Optronics Corp', 61490.42, 'DE02 7546 7973 7033 3245 62', null, '26/06/2020', '19/06/2020', 'u', 16, 36, 1);
insert into OBJETO (OBJETO_ID, NOMBRE, DESCRIPCION, PRECIO_INICIAL_VENTA, CODIGO_BARRAS_TXT, CODIGO_BARRAS_IMG, FECHA_STATUS_ACTUAL, FECHA_FIN_OFERTA, TIPO, SUBASTA_ID, USR_VENDEDOR_ID, STATUS_ACTUAL_ID) values (135, 'Real Estate Investment Trusts', 'LaSalle Hotel Properties', 6299.66, 'BR37 6074 0833 5684 1139 9600 647O O', null, '15/05/2020', '17/01/2021', 'p', 68, 20, 3);
insert into OBJETO (OBJETO_ID, NOMBRE, DESCRIPCION, PRECIO_INICIAL_VENTA, CODIGO_BARRAS_TXT, CODIGO_BARRAS_IMG, FECHA_STATUS_ACTUAL, FECHA_FIN_OFERTA, TIPO, SUBASTA_ID, USR_VENDEDOR_ID, STATUS_ACTUAL_ID) values (136, 'Major Banks', 'Texas Capital Bancshares, Inc.', 18855.4, 'FR48 9942 5776 77DA ZEPZ D270 M62', null, '22/04/2020', '15/07/2020', 'w', 59, 54, 2);
insert into OBJETO (OBJETO_ID, NOMBRE, DESCRIPCION, PRECIO_INICIAL_VENTA, CODIGO_BARRAS_TXT, CODIGO_BARRAS_IMG, FECHA_STATUS_ACTUAL, FECHA_FIN_OFERTA, TIPO, SUBASTA_ID, USR_VENDEDOR_ID, STATUS_ACTUAL_ID) values (137, 'Forest Products', 'American Woodmark Corporation', 91196.3, 'ME61 3503 1048 1902 2398 32', null, '21/11/2020', '04/04/2020', 'h', 58, 53, 1);
insert into OBJETO (OBJETO_ID, NOMBRE, DESCRIPCION, PRECIO_INICIAL_VENTA, CODIGO_BARRAS_TXT, CODIGO_BARRAS_IMG, FECHA_STATUS_ACTUAL, FECHA_FIN_OFERTA, TIPO, SUBASTA_ID, USR_VENDEDOR_ID, STATUS_ACTUAL_ID) values (138, 'Industrial Specialties', 'Polaris Industries Inc.', 54111.46, 'MC14 3371 0040 13YC YUEN QX1D 727', null, '28/02/2020', '16/05/2020', 'y', 89, 99, 2);
insert into OBJETO (OBJETO_ID, NOMBRE, DESCRIPCION, PRECIO_INICIAL_VENTA, CODIGO_BARRAS_TXT, CODIGO_BARRAS_IMG, FECHA_STATUS_ACTUAL, FECHA_FIN_OFERTA, TIPO, SUBASTA_ID, USR_VENDEDOR_ID, STATUS_ACTUAL_ID) values (139, 'Major Pharmaceuticals', 'Sage Therapeutics, Inc.', 78177.36, 'LT56 9999 7268 4329 4524', null, '20/03/2020', '04/05/2020', 'o', 16, 11, 1);
insert into OBJETO (OBJETO_ID, NOMBRE, DESCRIPCION, PRECIO_INICIAL_VENTA, CODIGO_BARRAS_TXT, CODIGO_BARRAS_IMG, FECHA_STATUS_ACTUAL, FECHA_FIN_OFERTA, TIPO, SUBASTA_ID, USR_VENDEDOR_ID, STATUS_ACTUAL_ID) values (140, 'Movies/Entertainment', 'World Wrestling Entertainment, Inc.', 84438.58, 'DE96 3275 7161 6737 9334 09', null, '11/02/2020', '16/02/2020', 'n', 74, 5, 1);
insert into OBJETO (OBJETO_ID, NOMBRE, DESCRIPCION, PRECIO_INICIAL_VENTA, CODIGO_BARRAS_TXT, CODIGO_BARRAS_IMG, FECHA_STATUS_ACTUAL, FECHA_FIN_OFERTA, TIPO, SUBASTA_ID, USR_VENDEDOR_ID, STATUS_ACTUAL_ID) values (141, 'n/a', 'Digital Realty Trust, Inc.', 31439.94, 'ES75 6328 7330 2563 0133 1811', null, '05/05/2020', '22/04/2020', 'b', 2, 64, 4);
insert into OBJETO (OBJETO_ID, NOMBRE, DESCRIPCION, PRECIO_INICIAL_VENTA, CODIGO_BARRAS_TXT, CODIGO_BARRAS_IMG, FECHA_STATUS_ACTUAL, FECHA_FIN_OFERTA, TIPO, SUBASTA_ID, USR_VENDEDOR_ID, STATUS_ACTUAL_ID) values (142, 'Real Estate Investment Trusts', 'CYS Investments, Inc.', 49374.21, 'BE12 2014 1273 8719', null, '28/10/2020', '17/05/2020', 'd', 70, 64, 2);
insert into OBJETO (OBJETO_ID, NOMBRE, DESCRIPCION, PRECIO_INICIAL_VENTA, CODIGO_BARRAS_TXT, CODIGO_BARRAS_IMG, FECHA_STATUS_ACTUAL, FECHA_FIN_OFERTA, TIPO, SUBASTA_ID, USR_VENDEDOR_ID, STATUS_ACTUAL_ID) values (143, 'n/a', 'First Trust RiverFront Dynamic Europe ETF', 25297.79, 'BH32 UCSH 0WVY D36H OUE2 YW', null, '21/09/2020', '09/02/2020', 'f', 97, 89, 1);
insert into OBJETO (OBJETO_ID, NOMBRE, DESCRIPCION, PRECIO_INICIAL_VENTA, CODIGO_BARRAS_TXT, CODIGO_BARRAS_IMG, FECHA_STATUS_ACTUAL, FECHA_FIN_OFERTA, TIPO, SUBASTA_ID, USR_VENDEDOR_ID, STATUS_ACTUAL_ID) values (144, 'Telecommunications Equipment', 'ClearOne, Inc.', 77670.58, 'MT46 OTMU 8594 4PR7 TSPO 8FC1 FCF9 6YP', null, '09/12/2020', '19/08/2020', 'c', 42, 36, 4);
insert into OBJETO (OBJETO_ID, NOMBRE, DESCRIPCION, PRECIO_INICIAL_VENTA, CODIGO_BARRAS_TXT, CODIGO_BARRAS_IMG, FECHA_STATUS_ACTUAL, FECHA_FIN_OFERTA, TIPO, SUBASTA_ID, USR_VENDEDOR_ID, STATUS_ACTUAL_ID) values (145, 'EDP Services', 'Intersections, Inc.', 57256.73, 'BH57 TORL 14FI DZT7 HONY UM', null, '06/04/2020', '15/10/2020', 'm', 20, 75, 3);
insert into OBJETO (OBJETO_ID, NOMBRE, DESCRIPCION, PRECIO_INICIAL_VENTA, CODIGO_BARRAS_TXT, CODIGO_BARRAS_IMG, FECHA_STATUS_ACTUAL, FECHA_FIN_OFERTA, TIPO, SUBASTA_ID, USR_VENDEDOR_ID, STATUS_ACTUAL_ID) values (146, 'Industrial Machinery/Components', 'Intevac, Inc.', 23828.46, 'FR48 3074 6188 24EQ YKAH 8MQD L16', null, '08/08/2020', '16/01/2021', 'v', 38, 65, 1);
insert into OBJETO (OBJETO_ID, NOMBRE, DESCRIPCION, PRECIO_INICIAL_VENTA, CODIGO_BARRAS_TXT, CODIGO_BARRAS_IMG, FECHA_STATUS_ACTUAL, FECHA_FIN_OFERTA, TIPO, SUBASTA_ID, USR_VENDEDOR_ID, STATUS_ACTUAL_ID) values (147, 'Investment Bankers/Brokers/Service', 'Piper Jaffray Companies', 74514.24, 'FR95 8427 7765 15J3 OIYZ 5IK3 W88', null, '28/04/2020', '01/08/2020', 'x', 94, 46, 3);
insert into OBJETO (OBJETO_ID, NOMBRE, DESCRIPCION, PRECIO_INICIAL_VENTA, CODIGO_BARRAS_TXT, CODIGO_BARRAS_IMG, FECHA_STATUS_ACTUAL, FECHA_FIN_OFERTA, TIPO, SUBASTA_ID, USR_VENDEDOR_ID, STATUS_ACTUAL_ID) values (148, 'Major Banks', 'Great Southern Bancorp, Inc.', 12686.86, 'SE61 6537 0682 9545 4540 7243', null, '31/08/2020', '01/09/2020', 'k', 23, 29, 1);
insert into OBJETO (OBJETO_ID, NOMBRE, DESCRIPCION, PRECIO_INICIAL_VENTA, CODIGO_BARRAS_TXT, CODIGO_BARRAS_IMG, FECHA_STATUS_ACTUAL, FECHA_FIN_OFERTA, TIPO, SUBASTA_ID, USR_VENDEDOR_ID, STATUS_ACTUAL_ID) values (149, 'Life Insurance', 'FBL Financial Group, Inc.', 78553.73, 'SA13 39A4 VOEW 40FR R0RE OQ0C', null, '02/09/2020', '17/09/2020', 'd', 92, 41, 3);
insert into OBJETO (OBJETO_ID, NOMBRE, DESCRIPCION, PRECIO_INICIAL_VENTA, CODIGO_BARRAS_TXT, CODIGO_BARRAS_IMG, FECHA_STATUS_ACTUAL, FECHA_FIN_OFERTA, TIPO, SUBASTA_ID, USR_VENDEDOR_ID, STATUS_ACTUAL_ID) values (150, 'Miscellaneous manufacturing industries', 'Entertainment Gaming Asia Incorporated', 23538.0, 'BH28 FWTN XSOF UVAF UDFC FT', null, '01/08/2020', '01/03/2020', 'x', 68, 34, 1);
insert into OBJETO (OBJETO_ID, NOMBRE, DESCRIPCION, PRECIO_INICIAL_VENTA, CODIGO_BARRAS_TXT, CODIGO_BARRAS_IMG, FECHA_STATUS_ACTUAL, FECHA_FIN_OFERTA, TIPO, SUBASTA_ID, USR_VENDEDOR_ID, STATUS_ACTUAL_ID) values (151, 'n/a', 'PIMCO Dynamic Income Fund', 88901.92, 'PT42 7306 7095 2937 8424 9648 0', null, '13/06/2020', '08/08/2020', 't', 60, 90, 2);
insert into OBJETO (OBJETO_ID, NOMBRE, DESCRIPCION, PRECIO_INICIAL_VENTA, CODIGO_BARRAS_TXT, CODIGO_BARRAS_IMG, FECHA_STATUS_ACTUAL, FECHA_FIN_OFERTA, TIPO, SUBASTA_ID, USR_VENDEDOR_ID, STATUS_ACTUAL_ID) values (152, 'Semiconductors', 'Cavium, Inc.', 27799.48, 'MK28 7048 XVTH KTVC G67', null, '17/10/2020', '01/06/2020', 'f', 100, 41, 3);
insert into OBJETO (OBJETO_ID, NOMBRE, DESCRIPCION, PRECIO_INICIAL_VENTA, CODIGO_BARRAS_TXT, CODIGO_BARRAS_IMG, FECHA_STATUS_ACTUAL, FECHA_FIN_OFERTA, TIPO, SUBASTA_ID, USR_VENDEDOR_ID, STATUS_ACTUAL_ID) values (153, 'n/a', 'Alliance California Municipal Income Fund Inc', 40880.72, 'FI52 0134 3741 2710 63', null, '14/10/2020', '27/11/2020', 'c', 100, 42, 1);
insert into OBJETO (OBJETO_ID, NOMBRE, DESCRIPCION, PRECIO_INICIAL_VENTA, CODIGO_BARRAS_TXT, CODIGO_BARRAS_IMG, FECHA_STATUS_ACTUAL, FECHA_FIN_OFERTA, TIPO, SUBASTA_ID, USR_VENDEDOR_ID, STATUS_ACTUAL_ID) values (154, 'Business Services', 'Modern Media Acquisition Corp.', 1500.16, 'MD33 Q293 R44I 2GEB K73G Y53C', null, '30/12/2020', '05/06/2020', 'e', 83, 88, 4);
insert into OBJETO (OBJETO_ID, NOMBRE, DESCRIPCION, PRECIO_INICIAL_VENTA, CODIGO_BARRAS_TXT, CODIGO_BARRAS_IMG, FECHA_STATUS_ACTUAL, FECHA_FIN_OFERTA, TIPO, SUBASTA_ID, USR_VENDEDOR_ID, STATUS_ACTUAL_ID) values (155, 'Medical/Dental Instruments', 'NeuroMetrix, Inc.', 69809.98, 'BR46 3797 3987 7846 6455 0364 117B 6', null, '17/08/2020', '19/02/2020', 'i', 9, 94, 4);
insert into OBJETO (OBJETO_ID, NOMBRE, DESCRIPCION, PRECIO_INICIAL_VENTA, CODIGO_BARRAS_TXT, CODIGO_BARRAS_IMG, FECHA_STATUS_ACTUAL, FECHA_FIN_OFERTA, TIPO, SUBASTA_ID, USR_VENDEDOR_ID, STATUS_ACTUAL_ID) values (156, 'n/a', 'Federal Agricultural Mortgage Corporation', 46720.09, 'AE87 4927 7430 1809 9334 744', null, '09/06/2020', '09/02/2020', 'g', 33, 25, 2);
insert into OBJETO (OBJETO_ID, NOMBRE, DESCRIPCION, PRECIO_INICIAL_VENTA, CODIGO_BARRAS_TXT, CODIGO_BARRAS_IMG, FECHA_STATUS_ACTUAL, FECHA_FIN_OFERTA, TIPO, SUBASTA_ID, USR_VENDEDOR_ID, STATUS_ACTUAL_ID) values (157, 'RETAIL: Building Materials', 'GMS Inc.', 49532.85, 'AE78 8604 0375 6379 2928 950', null, '20/02/2020', '20/12/2020', 'f', 18, 80, 4);
insert into OBJETO (OBJETO_ID, NOMBRE, DESCRIPCION, PRECIO_INICIAL_VENTA, CODIGO_BARRAS_TXT, CODIGO_BARRAS_IMG, FECHA_STATUS_ACTUAL, FECHA_FIN_OFERTA, TIPO, SUBASTA_ID, USR_VENDEDOR_ID, STATUS_ACTUAL_ID) values (158, 'n/a', 'iSectors Post-MPT Growth ETF', 20624.85, 'DO29 7U1N 6880 4368 0204 5088 5744', null, '12/01/2021', '08/09/2020', 'a', 40, 51, 1);
insert into OBJETO (OBJETO_ID, NOMBRE, DESCRIPCION, PRECIO_INICIAL_VENTA, CODIGO_BARRAS_TXT, CODIGO_BARRAS_IMG, FECHA_STATUS_ACTUAL, FECHA_FIN_OFERTA, TIPO, SUBASTA_ID, USR_VENDEDOR_ID, STATUS_ACTUAL_ID) values (159, 'n/a', 'Eaton Vance Municipal Income Trust', 24805.92, 'GR34 2462 466F WBHA XGEF 91MA AVH', null, '02/03/2020', '13/08/2020', 'v', 12, 71, 1);
insert into OBJETO (OBJETO_ID, NOMBRE, DESCRIPCION, PRECIO_INICIAL_VENTA, CODIGO_BARRAS_TXT, CODIGO_BARRAS_IMG, FECHA_STATUS_ACTUAL, FECHA_FIN_OFERTA, TIPO, SUBASTA_ID, USR_VENDEDOR_ID, STATUS_ACTUAL_ID) values (160, 'Major Pharmaceuticals', 'Cumberland Pharmaceuticals Inc.', 79869.9, 'PT77 8510 0321 6333 9601 8415 6', null, '10/03/2020', '13/06/2020', 'i', 24, 13, 2);
insert into OBJETO (OBJETO_ID, NOMBRE, DESCRIPCION, PRECIO_INICIAL_VENTA, CODIGO_BARRAS_TXT, CODIGO_BARRAS_IMG, FECHA_STATUS_ACTUAL, FECHA_FIN_OFERTA, TIPO, SUBASTA_ID, USR_VENDEDOR_ID, STATUS_ACTUAL_ID) values (161, 'n/a', 'Western Asset Municipal Defined Opportunity Trust Inc', 73937.55, 'BA11 2913 7228 8734 2380', null, '14/05/2020', '09/02/2020', 'd', 12, 56, 3);
insert into OBJETO (OBJETO_ID, NOMBRE, DESCRIPCION, PRECIO_INICIAL_VENTA, CODIGO_BARRAS_TXT, CODIGO_BARRAS_IMG, FECHA_STATUS_ACTUAL, FECHA_FIN_OFERTA, TIPO, SUBASTA_ID, USR_VENDEDOR_ID, STATUS_ACTUAL_ID) values (162, 'EDP Services', 'Open Text Corporation', 42352.41, 'SA34 58LM 3J8F 3ZQH 3GN7 8WCM', null, '12/11/2020', '28/06/2020', 'q', 82, 90, 4);
insert into OBJETO (OBJETO_ID, NOMBRE, DESCRIPCION, PRECIO_INICIAL_VENTA, CODIGO_BARRAS_TXT, CODIGO_BARRAS_IMG, FECHA_STATUS_ACTUAL, FECHA_FIN_OFERTA, TIPO, SUBASTA_ID, USR_VENDEDOR_ID, STATUS_ACTUAL_ID) values (163, 'Power Generation', 'Duke Energy Corporation', 70949.77, 'FR29 3758 5579 34OD DR2O V8R6 G93', null, '17/10/2020', '06/12/2020', 'z', 33, 44, 2);
insert into OBJETO (OBJETO_ID, NOMBRE, DESCRIPCION, PRECIO_INICIAL_VENTA, CODIGO_BARRAS_TXT, CODIGO_BARRAS_IMG, FECHA_STATUS_ACTUAL, FECHA_FIN_OFERTA, TIPO, SUBASTA_ID, USR_VENDEDOR_ID, STATUS_ACTUAL_ID) values (164, 'Computer Software: Prepackaged Software', 'SPS Commerce, Inc.', 8763.22, 'GE08 XJ05 8620 4188 1334 59', null, '15/05/2020', '06/08/2020', 'd', 40, 47, 3);
insert into OBJETO (OBJETO_ID, NOMBRE, DESCRIPCION, PRECIO_INICIAL_VENTA, CODIGO_BARRAS_TXT, CODIGO_BARRAS_IMG, FECHA_STATUS_ACTUAL, FECHA_FIN_OFERTA, TIPO, SUBASTA_ID, USR_VENDEDOR_ID, STATUS_ACTUAL_ID) values (165, 'Marine Transportation', 'Matson, Inc.', 96277.96, 'AZ72 ESXT 4CKK HWK2 HPQG XBOZ WECA', null, '05/10/2020', '25/10/2020', 'l', 70, 85, 1);
insert into OBJETO (OBJETO_ID, NOMBRE, DESCRIPCION, PRECIO_INICIAL_VENTA, CODIGO_BARRAS_TXT, CODIGO_BARRAS_IMG, FECHA_STATUS_ACTUAL, FECHA_FIN_OFERTA, TIPO, SUBASTA_ID, USR_VENDEDOR_ID, STATUS_ACTUAL_ID) values (166, 'Industrial Machinery/Components', 'Microvision, Inc.', 95534.9, 'ME52 3768 9745 3637 6678 55', null, '01/02/2021', '04/10/2020', 'j', 44, 49, 2);
insert into OBJETO (OBJETO_ID, NOMBRE, DESCRIPCION, PRECIO_INICIAL_VENTA, CODIGO_BARRAS_TXT, CODIGO_BARRAS_IMG, FECHA_STATUS_ACTUAL, FECHA_FIN_OFERTA, TIPO, SUBASTA_ID, USR_VENDEDOR_ID, STATUS_ACTUAL_ID) values (167, 'Major Banks', 'Glacier Bancorp, Inc.', 7813.48, 'HR27 3984 9845 9415 5735 4', null, '21/03/2020', '06/07/2020', 'w', 66, 33, 1);
insert into OBJETO (OBJETO_ID, NOMBRE, DESCRIPCION, PRECIO_INICIAL_VENTA, CODIGO_BARRAS_TXT, CODIGO_BARRAS_IMG, FECHA_STATUS_ACTUAL, FECHA_FIN_OFERTA, TIPO, SUBASTA_ID, USR_VENDEDOR_ID, STATUS_ACTUAL_ID) values (168, 'Telecommunications Equipment', 'Qwest Corporation', 63184.17, 'FO69 5174 7545 4861 78', null, '02/02/2021', '10/02/2020', 'k', 20, 9, 3);
insert into OBJETO (OBJETO_ID, NOMBRE, DESCRIPCION, PRECIO_INICIAL_VENTA, CODIGO_BARRAS_TXT, CODIGO_BARRAS_IMG, FECHA_STATUS_ACTUAL, FECHA_FIN_OFERTA, TIPO, SUBASTA_ID, USR_VENDEDOR_ID, STATUS_ACTUAL_ID) values (169, 'n/a', 'PNC Financial Services Group, Inc. (The)', 70030.81, 'LI65 8846 3OUQ AEOP 7HAY I', null, '05/01/2021', '19/07/2020', 'y', 98, 57, 3);
insert into OBJETO (OBJETO_ID, NOMBRE, DESCRIPCION, PRECIO_INICIAL_VENTA, CODIGO_BARRAS_TXT, CODIGO_BARRAS_IMG, FECHA_STATUS_ACTUAL, FECHA_FIN_OFERTA, TIPO, SUBASTA_ID, USR_VENDEDOR_ID, STATUS_ACTUAL_ID) values (170, 'Electric Utilities: Central', 'Comp En De Mn Cemig ADS', 85564.61, 'FR43 4116 8104 51UH RQ4B 3YDH K18', null, '30/11/2020', '03/11/2020', 'a', 12, 7, 1);
insert into OBJETO (OBJETO_ID, NOMBRE, DESCRIPCION, PRECIO_INICIAL_VENTA, CODIGO_BARRAS_TXT, CODIGO_BARRAS_IMG, FECHA_STATUS_ACTUAL, FECHA_FIN_OFERTA, TIPO, SUBASTA_ID, USR_VENDEDOR_ID, STATUS_ACTUAL_ID) values (171, 'n/a', 'First Trust International Multi-Asset Diversified Income Index', 45429.74, 'KZ95 5685 ZOAL EABZ 8ZH4', null, '03/12/2020', '13/07/2020', 'e', 19, 25, 1);
insert into OBJETO (OBJETO_ID, NOMBRE, DESCRIPCION, PRECIO_INICIAL_VENTA, CODIGO_BARRAS_TXT, CODIGO_BARRAS_IMG, FECHA_STATUS_ACTUAL, FECHA_FIN_OFERTA, TIPO, SUBASTA_ID, USR_VENDEDOR_ID, STATUS_ACTUAL_ID) values (172, 'Major Pharmaceuticals', 'GlycoMimetics, Inc.', 39757.11, 'PS46 EIFI 04YW Y487 QVVJ SW0U Z4EW Q', null, '19/10/2020', '21/02/2020', 'i', 37, 54, 2);
insert into OBJETO (OBJETO_ID, NOMBRE, DESCRIPCION, PRECIO_INICIAL_VENTA, CODIGO_BARRAS_TXT, CODIGO_BARRAS_IMG, FECHA_STATUS_ACTUAL, FECHA_FIN_OFERTA, TIPO, SUBASTA_ID, USR_VENDEDOR_ID, STATUS_ACTUAL_ID) values (173, 'Integrated oil Companies', 'Marathon Petroleum Corporation', 15140.27, 'NO71 0673 9991 770', null, '18/10/2020', '02/06/2020', 'x', 86, 33, 2);
insert into OBJETO (OBJETO_ID, NOMBRE, DESCRIPCION, PRECIO_INICIAL_VENTA, CODIGO_BARRAS_TXT, CODIGO_BARRAS_IMG, FECHA_STATUS_ACTUAL, FECHA_FIN_OFERTA, TIPO, SUBASTA_ID, USR_VENDEDOR_ID, STATUS_ACTUAL_ID) values (174, 'Water Supply', 'Artesian Resources Corporation', 29972.43, 'TN86 5376 3847 3799 8040 1887', null, '28/07/2020', '13/09/2020', 'k', 45, 12, 1);
insert into OBJETO (OBJETO_ID, NOMBRE, DESCRIPCION, PRECIO_INICIAL_VENTA, CODIGO_BARRAS_TXT, CODIGO_BARRAS_IMG, FECHA_STATUS_ACTUAL, FECHA_FIN_OFERTA, TIPO, SUBASTA_ID, USR_VENDEDOR_ID, STATUS_ACTUAL_ID) values (175, 'Other Consumer Services', 'New Oriental Education & Technology Group, Inc.', 86182.34, 'FR34 2484 7110 43GE CSDL Y7IC 414', null, '10/05/2020', '07/02/2020', 'q', 51, 61, 1);
insert into OBJETO (OBJETO_ID, NOMBRE, DESCRIPCION, PRECIO_INICIAL_VENTA, CODIGO_BARRAS_TXT, CODIGO_BARRAS_IMG, FECHA_STATUS_ACTUAL, FECHA_FIN_OFERTA, TIPO, SUBASTA_ID, USR_VENDEDOR_ID, STATUS_ACTUAL_ID) values (176, 'Industrial Specialties', 'Skyline Medical Inc.', 72115.11, 'GR17 7300 869G FSC8 M0IO IWZV XDO', null, '11/10/2020', '16/10/2020', 'j', 27, 70, 1);
insert into OBJETO (OBJETO_ID, NOMBRE, DESCRIPCION, PRECIO_INICIAL_VENTA, CODIGO_BARRAS_TXT, CODIGO_BARRAS_IMG, FECHA_STATUS_ACTUAL, FECHA_FIN_OFERTA, TIPO, SUBASTA_ID, USR_VENDEDOR_ID, STATUS_ACTUAL_ID) values (177, 'Ordnance And Accessories', 'National Presto Industries, Inc.', 48038.25, 'FR05 0965 2611 82UX 34XQ I5SF C21', null, '25/01/2021', '21/04/2020', 'i', 30, 63, 3);
insert into OBJETO (OBJETO_ID, NOMBRE, DESCRIPCION, PRECIO_INICIAL_VENTA, CODIGO_BARRAS_TXT, CODIGO_BARRAS_IMG, FECHA_STATUS_ACTUAL, FECHA_FIN_OFERTA, TIPO, SUBASTA_ID, USR_VENDEDOR_ID, STATUS_ACTUAL_ID) values (178, 'Steel/Iron Ore', 'Gerdau S.A.', 16491.11, 'FO74 1697 1588 2442 24', null, '20/07/2020', '20/11/2020', 'u', 95, 73, 1);
insert into OBJETO (OBJETO_ID, NOMBRE, DESCRIPCION, PRECIO_INICIAL_VENTA, CODIGO_BARRAS_TXT, CODIGO_BARRAS_IMG, FECHA_STATUS_ACTUAL, FECHA_FIN_OFERTA, TIPO, SUBASTA_ID, USR_VENDEDOR_ID, STATUS_ACTUAL_ID) values (179, 'Major Banks', 'Citigroup Inc.', 83704.18, 'BR34 3935 9700 0912 3114 0430 934A N', null, '15/04/2020', '13/07/2020', 'e', 50, 13, 2);
insert into OBJETO (OBJETO_ID, NOMBRE, DESCRIPCION, PRECIO_INICIAL_VENTA, CODIGO_BARRAS_TXT, CODIGO_BARRAS_IMG, FECHA_STATUS_ACTUAL, FECHA_FIN_OFERTA, TIPO, SUBASTA_ID, USR_VENDEDOR_ID, STATUS_ACTUAL_ID) values (180, 'Railroads', 'Genesee & Wyoming, Inc.', 84936.73, 'AD16 5024 5835 J1QK BHH6 KCEK', null, '25/05/2020', '11/08/2020', 'm', 72, 8, 4);
insert into OBJETO (OBJETO_ID, NOMBRE, DESCRIPCION, PRECIO_INICIAL_VENTA, CODIGO_BARRAS_TXT, CODIGO_BARRAS_IMG, FECHA_STATUS_ACTUAL, FECHA_FIN_OFERTA, TIPO, SUBASTA_ID, USR_VENDEDOR_ID, STATUS_ACTUAL_ID) values (181, 'Finance: Consumer Services', 'Regional Management Corp.', 86032.11, 'CZ72 7879 1851 4466 8123 4471', null, '21/02/2020', '15/05/2020', 'v', 58, 50, 3);
insert into OBJETO (OBJETO_ID, NOMBRE, DESCRIPCION, PRECIO_INICIAL_VENTA, CODIGO_BARRAS_TXT, CODIGO_BARRAS_IMG, FECHA_STATUS_ACTUAL, FECHA_FIN_OFERTA, TIPO, SUBASTA_ID, USR_VENDEDOR_ID, STATUS_ACTUAL_ID) values (182, 'Computer Software: Prepackaged Software', 'Bottomline Technologies, Inc.', 92374.48, 'KZ61 259T 4NZS WDVG CMHJ', null, '30/11/2020', '20/12/2020', 'p', 42, 13, 2);
insert into OBJETO (OBJETO_ID, NOMBRE, DESCRIPCION, PRECIO_INICIAL_VENTA, CODIGO_BARRAS_TXT, CODIGO_BARRAS_IMG, FECHA_STATUS_ACTUAL, FECHA_FIN_OFERTA, TIPO, SUBASTA_ID, USR_VENDEDOR_ID, STATUS_ACTUAL_ID) values (183, 'Banks', 'Prudential Bancorp, Inc.', 96604.05, 'GI03 UYEY LYMN BJML VACF ODU', null, '14/08/2020', '20/04/2020', 'j', 68, 3, 3);
insert into OBJETO (OBJETO_ID, NOMBRE, DESCRIPCION, PRECIO_INICIAL_VENTA, CODIGO_BARRAS_TXT, CODIGO_BARRAS_IMG, FECHA_STATUS_ACTUAL, FECHA_FIN_OFERTA, TIPO, SUBASTA_ID, USR_VENDEDOR_ID, STATUS_ACTUAL_ID) values (184, 'n/a', 'BB&T Corporation', 13857.32, 'NL37 SEOH 9034 3949 93', null, '11/07/2020', '27/12/2020', 'o', 36, 81, 1);
insert into OBJETO (OBJETO_ID, NOMBRE, DESCRIPCION, PRECIO_INICIAL_VENTA, CODIGO_BARRAS_TXT, CODIGO_BARRAS_IMG, FECHA_STATUS_ACTUAL, FECHA_FIN_OFERTA, TIPO, SUBASTA_ID, USR_VENDEDOR_ID, STATUS_ACTUAL_ID) values (185, 'n/a', 'WisdomTree Emerging Markets Quality Dividend Growth Fund', 18257.58, 'PL50 0269 8552 2277 9961 9744 4079', null, '01/05/2020', '21/12/2020', 'x', 73, 10, 2);
insert into OBJETO (OBJETO_ID, NOMBRE, DESCRIPCION, PRECIO_INICIAL_VENTA, CODIGO_BARRAS_TXT, CODIGO_BARRAS_IMG, FECHA_STATUS_ACTUAL, FECHA_FIN_OFERTA, TIPO, SUBASTA_ID, USR_VENDEDOR_ID, STATUS_ACTUAL_ID) values (186, 'Major Banks', 'First Internet Bancorp', 4061.89, 'PS23 AGBZ 24SI BG0F XYTJ LZEU KDYA X', null, '27/05/2020', '12/07/2020', 'r', 14, 59, 3);
insert into OBJETO (OBJETO_ID, NOMBRE, DESCRIPCION, PRECIO_INICIAL_VENTA, CODIGO_BARRAS_TXT, CODIGO_BARRAS_IMG, FECHA_STATUS_ACTUAL, FECHA_FIN_OFERTA, TIPO, SUBASTA_ID, USR_VENDEDOR_ID, STATUS_ACTUAL_ID) values (187, 'n/a', 'Nuveen California Municipal Value Fund, Inc.', 17579.85, 'KW33 WDIA Z0EQ FMVX TJPB SX7D P2LX 85', null, '10/07/2020', '09/03/2020', 'e', 10, 31, 4);
insert into OBJETO (OBJETO_ID, NOMBRE, DESCRIPCION, PRECIO_INICIAL_VENTA, CODIGO_BARRAS_TXT, CODIGO_BARRAS_IMG, FECHA_STATUS_ACTUAL, FECHA_FIN_OFERTA, TIPO, SUBASTA_ID, USR_VENDEDOR_ID, STATUS_ACTUAL_ID) values (188, 'Biotechnology: In Vitro & In Vivo Diagnostic Substances', 'Nymox Pharmaceutical Corporation', 26375.73, 'RO42 KWFA N14I NXAU TZFQ KT99', null, '23/12/2020', '26/11/2020', 'w', 49, 20, 2);
insert into OBJETO (OBJETO_ID, NOMBRE, DESCRIPCION, PRECIO_INICIAL_VENTA, CODIGO_BARRAS_TXT, CODIGO_BARRAS_IMG, FECHA_STATUS_ACTUAL, FECHA_FIN_OFERTA, TIPO, SUBASTA_ID, USR_VENDEDOR_ID, STATUS_ACTUAL_ID) values (189, 'n/a', 'Vanguard Russell 1000 Value ETF', 73995.41, 'IE47 IJTR 9767 2700 9506 92', null, '01/12/2020', '26/07/2020', 'i', 10, 33, 2);
insert into OBJETO (OBJETO_ID, NOMBRE, DESCRIPCION, PRECIO_INICIAL_VENTA, CODIGO_BARRAS_TXT, CODIGO_BARRAS_IMG, FECHA_STATUS_ACTUAL, FECHA_FIN_OFERTA, TIPO, SUBASTA_ID, USR_VENDEDOR_ID, STATUS_ACTUAL_ID) values (190, 'Miscellaneous', 'Meridian Waste Solutions, Inc', 99058.51, 'SI36 2580 7843 3061 097', null, '11/07/2020', '24/09/2020', 'o', 21, 62, 4);
insert into OBJETO (OBJETO_ID, NOMBRE, DESCRIPCION, PRECIO_INICIAL_VENTA, CODIGO_BARRAS_TXT, CODIGO_BARRAS_IMG, FECHA_STATUS_ACTUAL, FECHA_FIN_OFERTA, TIPO, SUBASTA_ID, USR_VENDEDOR_ID, STATUS_ACTUAL_ID) values (191, 'n/a', 'WisdomTree Emerging Markets Corporate Bond Fund', 74202.0, 'PK65 JGBG 5BGB HHHB UTTG EL4T', null, '28/01/2021', '15/01/2021', 'u', 26, 56, 2);
insert into OBJETO (OBJETO_ID, NOMBRE, DESCRIPCION, PRECIO_INICIAL_VENTA, CODIGO_BARRAS_TXT, CODIGO_BARRAS_IMG, FECHA_STATUS_ACTUAL, FECHA_FIN_OFERTA, TIPO, SUBASTA_ID, USR_VENDEDOR_ID, STATUS_ACTUAL_ID) values (192, 'Industrial Specialties', 'Handy & Harman Ltd.', 73689.41, 'DO70 BZXT 0428 3036 6604 0600 0519', null, '22/01/2021', '01/12/2020', 'g', 10, 42, 3);
insert into OBJETO (OBJETO_ID, NOMBRE, DESCRIPCION, PRECIO_INICIAL_VENTA, CODIGO_BARRAS_TXT, CODIGO_BARRAS_IMG, FECHA_STATUS_ACTUAL, FECHA_FIN_OFERTA, TIPO, SUBASTA_ID, USR_VENDEDOR_ID, STATUS_ACTUAL_ID) values (193, 'n/a', 'BlackRock Municipal Target Term Trust Inc. (The)', 20118.21, 'BH86 QZLM OBCU DDT0 M3LX FU', null, '27/09/2020', '01/01/2021', 'b', 58, 33, 3);
insert into OBJETO (OBJETO_ID, NOMBRE, DESCRIPCION, PRECIO_INICIAL_VENTA, CODIGO_BARRAS_TXT, CODIGO_BARRAS_IMG, FECHA_STATUS_ACTUAL, FECHA_FIN_OFERTA, TIPO, SUBASTA_ID, USR_VENDEDOR_ID, STATUS_ACTUAL_ID) values (194, 'Publishing', 'R.R. Donnelley & Sons Company', 17001.37, 'CR22 5025 2792 2941 7862 5', null, '26/11/2020', '16/07/2020', 'q', 51, 41, 3);
insert into OBJETO (OBJETO_ID, NOMBRE, DESCRIPCION, PRECIO_INICIAL_VENTA, CODIGO_BARRAS_TXT, CODIGO_BARRAS_IMG, FECHA_STATUS_ACTUAL, FECHA_FIN_OFERTA, TIPO, SUBASTA_ID, USR_VENDEDOR_ID, STATUS_ACTUAL_ID) values (195, 'n/a', 'First Trust High Income ETF', 28906.74, 'ES12 5422 7917 3229 1544 8130', null, '02/09/2020', '04/07/2020', 'z', 15, 57, 1);
insert into OBJETO (OBJETO_ID, NOMBRE, DESCRIPCION, PRECIO_INICIAL_VENTA, CODIGO_BARRAS_TXT, CODIGO_BARRAS_IMG, FECHA_STATUS_ACTUAL, FECHA_FIN_OFERTA, TIPO, SUBASTA_ID, USR_VENDEDOR_ID, STATUS_ACTUAL_ID) values (196, 'Computer Software: Prepackaged Software', 'MobileIron, Inc.', 65578.86, 'GT26 VAEA F7LD IBFC ECWS NHWX 8U8P', null, '14/06/2020', '17/10/2020', 'k', 58, 75, 1);
insert into OBJETO (OBJETO_ID, NOMBRE, DESCRIPCION, PRECIO_INICIAL_VENTA, CODIGO_BARRAS_TXT, CODIGO_BARRAS_IMG, FECHA_STATUS_ACTUAL, FECHA_FIN_OFERTA, TIPO, SUBASTA_ID, USR_VENDEDOR_ID, STATUS_ACTUAL_ID) values (197, 'Real Estate Investment Trusts', 'Ellington Residential Mortgage REIT', 39915.37, 'SI33 3751 0354 2705 191', null, '22/09/2020', '10/05/2020', 'p', 34, 83, 3);
insert into OBJETO (OBJETO_ID, NOMBRE, DESCRIPCION, PRECIO_INICIAL_VENTA, CODIGO_BARRAS_TXT, CODIGO_BARRAS_IMG, FECHA_STATUS_ACTUAL, FECHA_FIN_OFERTA, TIPO, SUBASTA_ID, USR_VENDEDOR_ID, STATUS_ACTUAL_ID) values (198, 'Movies/Entertainment', 'Reading International Inc', 24522.69, 'LB38 3981 SHPD CYSF LALL ANEI RFEF', null, '22/07/2020', '23/11/2020', 'w', 84, 96, 4);
insert into OBJETO (OBJETO_ID, NOMBRE, DESCRIPCION, PRECIO_INICIAL_VENTA, CODIGO_BARRAS_TXT, CODIGO_BARRAS_IMG, FECHA_STATUS_ACTUAL, FECHA_FIN_OFERTA, TIPO, SUBASTA_ID, USR_VENDEDOR_ID, STATUS_ACTUAL_ID) values (199, 'Business Services', 'Andina Acquisition Corp. II', 97687.19, 'VG52 LTAU 3233 4704 7485 8750', null, '28/07/2020', '31/01/2021', 'c', 44, 63, 3);
insert into OBJETO (OBJETO_ID, NOMBRE, DESCRIPCION, PRECIO_INICIAL_VENTA, CODIGO_BARRAS_TXT, CODIGO_BARRAS_IMG, FECHA_STATUS_ACTUAL, FECHA_FIN_OFERTA, TIPO, SUBASTA_ID, USR_VENDEDOR_ID, STATUS_ACTUAL_ID) values (200, 'Metal Fabrications', 'Global Brass and Copper Holdings, Inc.', 63055.5, 'FR96 8547 0312 95RQ P8CR UBBS B13', null, '13/08/2020', '09/07/2020', 'w', 95, 49, 3);

alter table OBJETO logging;

-- 
-- TABLE: HACIENDA
--
alter table HACIENDA nologging;
insert into HACIENDA (OBJETO_ID , EXTENSION, DIRECCION) values (1, 2648, '7812 Barnett Hill');
insert into HACIENDA (OBJETO_ID , EXTENSION, DIRECCION) values (2, 2453, '8 Basil Point');
insert into HACIENDA (OBJETO_ID , EXTENSION, DIRECCION) values (3, 2280, '0 Harbort Pass');
insert into HACIENDA (OBJETO_ID , EXTENSION, DIRECCION) values (4, 2659, '869 Green Road');
insert into HACIENDA (OBJETO_ID , EXTENSION, DIRECCION) values (5, 2772, '3 Meadow Valley Circle');
insert into HACIENDA (OBJETO_ID , EXTENSION, DIRECCION) values (6, 2510, '12 Rigney Court');
insert into HACIENDA (OBJETO_ID , EXTENSION, DIRECCION) values (7, 2562, '6084 Independence Way');
insert into HACIENDA (OBJETO_ID , EXTENSION, DIRECCION) values (8, 2323, '6270 Grayhawk Court');
insert into HACIENDA (OBJETO_ID , EXTENSION, DIRECCION) values (9, 2671, '8863 Spaight Point');
insert into HACIENDA (OBJETO_ID , EXTENSION, DIRECCION) values (10, 2753, '08896 Sage Parkway');
insert into HACIENDA (OBJETO_ID , EXTENSION, DIRECCION) values (11, 2496, '16 Bunting Crossing');
insert into HACIENDA (OBJETO_ID , EXTENSION, DIRECCION) values (12, 2924, '4 Schlimgen Road');
insert into HACIENDA (OBJETO_ID , EXTENSION, DIRECCION) values (13, 2004, '44779 8th Way');
insert into HACIENDA (OBJETO_ID , EXTENSION, DIRECCION) values (14, 2397, '33 Novick Avenue');
insert into HACIENDA (OBJETO_ID , EXTENSION, DIRECCION) values (15, 2591, '17371 Ridgeway Court');
insert into HACIENDA (OBJETO_ID , EXTENSION, DIRECCION) values (16, 2909, '2764 Sunnyside Trail');
insert into HACIENDA (OBJETO_ID , EXTENSION, DIRECCION) values (17, 2986, '81 Algoma Place');
insert into HACIENDA (OBJETO_ID , EXTENSION, DIRECCION) values (18, 2287, '28 Holy Cross Point');
insert into HACIENDA (OBJETO_ID , EXTENSION, DIRECCION) values (19, 2391, '2560 Westridge Crossing');
insert into HACIENDA (OBJETO_ID , EXTENSION, DIRECCION) values (20, 2580, '17 Blue Bill Park Hill');
insert into HACIENDA (OBJETO_ID , EXTENSION, DIRECCION) values (21, 2367, '64 Dapin Center');
insert into HACIENDA (OBJETO_ID , EXTENSION, DIRECCION) values (22, 2892, '456 Ronald Regan Hill');
insert into HACIENDA (OBJETO_ID , EXTENSION, DIRECCION) values (23, 2704, '252 Rieder Trail');
insert into HACIENDA (OBJETO_ID , EXTENSION, DIRECCION) values (24, 2668, '51 Manufacturers Trail');
insert into HACIENDA (OBJETO_ID , EXTENSION, DIRECCION) values (25, 2867, '21821 Nevada Hill');
insert into HACIENDA (OBJETO_ID , EXTENSION, DIRECCION) values (26, 2040, '54 Nobel Circle');
insert into HACIENDA (OBJETO_ID , EXTENSION, DIRECCION) values (27, 2395, '75 Nancy Circle');
insert into HACIENDA (OBJETO_ID , EXTENSION, DIRECCION) values (28, 2286, '514 Waxwing Avenue');
insert into HACIENDA (OBJETO_ID , EXTENSION, DIRECCION) values (29, 2796, '4407 Dapin Plaza');
insert into HACIENDA (OBJETO_ID , EXTENSION, DIRECCION) values (30, 2947, '70921 Corscot Trail');
insert into HACIENDA (OBJETO_ID , EXTENSION, DIRECCION) values (31, 2854, '3718 Butterfield Road');
insert into HACIENDA (OBJETO_ID , EXTENSION, DIRECCION) values (32, 2434, '1 Tennyson Place');
insert into HACIENDA (OBJETO_ID , EXTENSION, DIRECCION) values (33, 2913, '62 Dawn Lane');
insert into HACIENDA (OBJETO_ID , EXTENSION, DIRECCION) values (34, 2063, '9 Prentice Park');
insert into HACIENDA (OBJETO_ID , EXTENSION, DIRECCION) values (35, 2803, '108 Pankratz Court');
insert into HACIENDA (OBJETO_ID , EXTENSION, DIRECCION) values (36, 2055, '0 Dovetail Court');
insert into HACIENDA (OBJETO_ID , EXTENSION, DIRECCION) values (37, 2229, '6205 Schmedeman Trail');
insert into HACIENDA (OBJETO_ID , EXTENSION, DIRECCION) values (38, 2717, '3 Debs Center');
insert into HACIENDA (OBJETO_ID , EXTENSION, DIRECCION) values (39, 2500, '69015 Lakeland Pass');
insert into HACIENDA (OBJETO_ID , EXTENSION, DIRECCION) values (40, 2571, '36 Holmberg Way');
insert into HACIENDA (OBJETO_ID , EXTENSION, DIRECCION) values (41, 2560, '36340 Shelley Parkway');
insert into HACIENDA (OBJETO_ID , EXTENSION, DIRECCION) values (42, 2421, '625 Fieldstone Terrace');
insert into HACIENDA (OBJETO_ID , EXTENSION, DIRECCION) values (43, 2047, '5906 Brentwood Plaza');
insert into HACIENDA (OBJETO_ID , EXTENSION, DIRECCION) values (44, 2216, '18 Ruskin Avenue');
insert into HACIENDA (OBJETO_ID , EXTENSION, DIRECCION) values (45, 2600, '590 Heath Lane');
insert into HACIENDA (OBJETO_ID , EXTENSION, DIRECCION) values (46, 2273, '83 Anthes Center');
insert into HACIENDA (OBJETO_ID , EXTENSION, DIRECCION) values (47, 2005, '34 Tony Pass');
insert into HACIENDA (OBJETO_ID , EXTENSION, DIRECCION) values (48, 2182, '13 Prairie Rose Point');
insert into HACIENDA (OBJETO_ID , EXTENSION, DIRECCION) values (49, 2347, '6183 Melody Street');
insert into HACIENDA (OBJETO_ID , EXTENSION, DIRECCION) values (50, 2990, '794 Green Ridge Plaza');
alter table HACIENDA logging;
-- 
-- TABLE: ACTIVIDAD 
--
alter table ACTIVIDAD nologging;
insert into ACTIVIDAD (ACTIVIDAD_ID, ACTIVIDAD  , OBJETO_ID) values (1, 'Zava', 26);
insert into ACTIVIDAD (ACTIVIDAD_ID, ACTIVIDAD  , OBJETO_ID) values (2, 'Yamia', 26);
insert into ACTIVIDAD (ACTIVIDAD_ID, ACTIVIDAD  , OBJETO_ID) values (3, 'Cogibox', 16);
insert into ACTIVIDAD (ACTIVIDAD_ID, ACTIVIDAD  , OBJETO_ID) values (4, 'Ooba', 40);
insert into ACTIVIDAD (ACTIVIDAD_ID, ACTIVIDAD  , OBJETO_ID) values (5, 'BlogXS', 16);
insert into ACTIVIDAD (ACTIVIDAD_ID, ACTIVIDAD  , OBJETO_ID) values (6, 'Voonix', 28);
insert into ACTIVIDAD (ACTIVIDAD_ID, ACTIVIDAD  , OBJETO_ID) values (7, 'Myworks', 13);
insert into ACTIVIDAD (ACTIVIDAD_ID, ACTIVIDAD  , OBJETO_ID) values (8, 'Gabvine', 40);
insert into ACTIVIDAD (ACTIVIDAD_ID, ACTIVIDAD  , OBJETO_ID) values (9, 'Kwinu', 30);
insert into ACTIVIDAD (ACTIVIDAD_ID, ACTIVIDAD  , OBJETO_ID) values (10, 'Livepath', 45);
insert into ACTIVIDAD (ACTIVIDAD_ID, ACTIVIDAD  , OBJETO_ID) values (11, 'Realbridge', 43);
insert into ACTIVIDAD (ACTIVIDAD_ID, ACTIVIDAD  , OBJETO_ID) values (12, 'Fatz', 36);
insert into ACTIVIDAD (ACTIVIDAD_ID, ACTIVIDAD  , OBJETO_ID) values (13, 'Zooxo', 29);
insert into ACTIVIDAD (ACTIVIDAD_ID, ACTIVIDAD  , OBJETO_ID) values (14, 'Skyvu', 9);
insert into ACTIVIDAD (ACTIVIDAD_ID, ACTIVIDAD  , OBJETO_ID) values (15, 'Kimia', 50);
insert into ACTIVIDAD (ACTIVIDAD_ID, ACTIVIDAD  , OBJETO_ID) values (16, 'Gabtype', 48);
insert into ACTIVIDAD (ACTIVIDAD_ID, ACTIVIDAD  , OBJETO_ID) values (17, 'Eabox', 46);
insert into ACTIVIDAD (ACTIVIDAD_ID, ACTIVIDAD  , OBJETO_ID) values (18, 'Quaxo', 29);
insert into ACTIVIDAD (ACTIVIDAD_ID, ACTIVIDAD  , OBJETO_ID) values (19, 'Gabtune', 18);
insert into ACTIVIDAD (ACTIVIDAD_ID, ACTIVIDAD  , OBJETO_ID) values (20, 'Agimba', 10);
insert into ACTIVIDAD (ACTIVIDAD_ID, ACTIVIDAD  , OBJETO_ID) values (21, 'Meedoo', 46);
insert into ACTIVIDAD (ACTIVIDAD_ID, ACTIVIDAD  , OBJETO_ID) values (22, 'Jatri', 25);
insert into ACTIVIDAD (ACTIVIDAD_ID, ACTIVIDAD  , OBJETO_ID) values (23, 'Eadel', 27);
insert into ACTIVIDAD (ACTIVIDAD_ID, ACTIVIDAD  , OBJETO_ID) values (24, 'Skaboo', 31);
insert into ACTIVIDAD (ACTIVIDAD_ID, ACTIVIDAD  , OBJETO_ID) values (25, 'Quire', 1);
insert into ACTIVIDAD (ACTIVIDAD_ID, ACTIVIDAD  , OBJETO_ID) values (26, 'Feedfire', 24);
insert into ACTIVIDAD (ACTIVIDAD_ID, ACTIVIDAD  , OBJETO_ID) values (27, 'Skippad', 13);
insert into ACTIVIDAD (ACTIVIDAD_ID, ACTIVIDAD  , OBJETO_ID) values (28, 'Livepath', 44);
insert into ACTIVIDAD (ACTIVIDAD_ID, ACTIVIDAD  , OBJETO_ID) values (29, 'Brainlounge', 32);
insert into ACTIVIDAD (ACTIVIDAD_ID, ACTIVIDAD  , OBJETO_ID) values (30, 'Aimbu', 14);
insert into ACTIVIDAD (ACTIVIDAD_ID, ACTIVIDAD  , OBJETO_ID) values (31, 'Brainsphere', 9);
insert into ACTIVIDAD (ACTIVIDAD_ID, ACTIVIDAD  , OBJETO_ID) values (32, 'Zoombeat', 13);
insert into ACTIVIDAD (ACTIVIDAD_ID, ACTIVIDAD  , OBJETO_ID) values (33, 'Trilith', 44);
insert into ACTIVIDAD (ACTIVIDAD_ID, ACTIVIDAD  , OBJETO_ID) values (34, 'Thoughtstorm', 18);
insert into ACTIVIDAD (ACTIVIDAD_ID, ACTIVIDAD  , OBJETO_ID) values (35, 'Gigaclub', 36);
insert into ACTIVIDAD (ACTIVIDAD_ID, ACTIVIDAD  , OBJETO_ID) values (36, 'Jaxworks', 2);
insert into ACTIVIDAD (ACTIVIDAD_ID, ACTIVIDAD  , OBJETO_ID) values (37, 'Zooveo', 9);
insert into ACTIVIDAD (ACTIVIDAD_ID, ACTIVIDAD  , OBJETO_ID) values (38, 'Skyba', 39);
insert into ACTIVIDAD (ACTIVIDAD_ID, ACTIVIDAD  , OBJETO_ID) values (39, 'Jaxnation', 33);
insert into ACTIVIDAD (ACTIVIDAD_ID, ACTIVIDAD  , OBJETO_ID) values (40, 'Layo', 47);
insert into ACTIVIDAD (ACTIVIDAD_ID, ACTIVIDAD  , OBJETO_ID) values (41, 'Skipfire', 2);
insert into ACTIVIDAD (ACTIVIDAD_ID, ACTIVIDAD  , OBJETO_ID) values (42, 'Photofeed', 6);
insert into ACTIVIDAD (ACTIVIDAD_ID, ACTIVIDAD  , OBJETO_ID) values (43, 'Einti', 42);
insert into ACTIVIDAD (ACTIVIDAD_ID, ACTIVIDAD  , OBJETO_ID) values (44, 'Izio', 7);
insert into ACTIVIDAD (ACTIVIDAD_ID, ACTIVIDAD  , OBJETO_ID) values (45, 'Latz', 36);
insert into ACTIVIDAD (ACTIVIDAD_ID, ACTIVIDAD  , OBJETO_ID) values (46, 'Dazzlesphere', 13);
insert into ACTIVIDAD (ACTIVIDAD_ID, ACTIVIDAD  , OBJETO_ID) values (47, 'Cogibox', 27);
insert into ACTIVIDAD (ACTIVIDAD_ID, ACTIVIDAD  , OBJETO_ID) values (48, 'Vitz', 42);
insert into ACTIVIDAD (ACTIVIDAD_ID, ACTIVIDAD  , OBJETO_ID) values (49, 'Riffpath', 7);
insert into ACTIVIDAD (ACTIVIDAD_ID, ACTIVIDAD  , OBJETO_ID) values (50, 'Zoonder', 15);
insert into ACTIVIDAD (ACTIVIDAD_ID, ACTIVIDAD  , OBJETO_ID) values (51, 'Realcube', 47);
insert into ACTIVIDAD (ACTIVIDAD_ID, ACTIVIDAD  , OBJETO_ID) values (52, 'Roodel', 8);
insert into ACTIVIDAD (ACTIVIDAD_ID, ACTIVIDAD  , OBJETO_ID) values (53, 'Fliptune', 41);
insert into ACTIVIDAD (ACTIVIDAD_ID, ACTIVIDAD  , OBJETO_ID) values (54, 'Youspan', 7);
insert into ACTIVIDAD (ACTIVIDAD_ID, ACTIVIDAD  , OBJETO_ID) values (55, 'Voolia', 37);
insert into ACTIVIDAD (ACTIVIDAD_ID, ACTIVIDAD  , OBJETO_ID) values (56, 'Roomm', 27);
insert into ACTIVIDAD (ACTIVIDAD_ID, ACTIVIDAD  , OBJETO_ID) values (57, 'Minyx', 35);
insert into ACTIVIDAD (ACTIVIDAD_ID, ACTIVIDAD  , OBJETO_ID) values (58, 'Mudo', 48);
insert into ACTIVIDAD (ACTIVIDAD_ID, ACTIVIDAD  , OBJETO_ID) values (59, 'Viva', 41);
insert into ACTIVIDAD (ACTIVIDAD_ID, ACTIVIDAD  , OBJETO_ID) values (60, 'Brainverse', 25);
insert into ACTIVIDAD (ACTIVIDAD_ID, ACTIVIDAD  , OBJETO_ID) values (61, 'Zoomdog', 16);
insert into ACTIVIDAD (ACTIVIDAD_ID, ACTIVIDAD  , OBJETO_ID) values (62, 'Chatterpoint', 21);
insert into ACTIVIDAD (ACTIVIDAD_ID, ACTIVIDAD  , OBJETO_ID) values (63, 'Topicware', 20);
insert into ACTIVIDAD (ACTIVIDAD_ID, ACTIVIDAD  , OBJETO_ID) values (64, 'Latz', 24);
insert into ACTIVIDAD (ACTIVIDAD_ID, ACTIVIDAD  , OBJETO_ID) values (65, 'Meemm', 40);
insert into ACTIVIDAD (ACTIVIDAD_ID, ACTIVIDAD  , OBJETO_ID) values (66, 'Ailane', 45);
insert into ACTIVIDAD (ACTIVIDAD_ID, ACTIVIDAD  , OBJETO_ID) values (67, 'Feedfire', 9);
insert into ACTIVIDAD (ACTIVIDAD_ID, ACTIVIDAD  , OBJETO_ID) values (68, 'Edgeclub', 26);
insert into ACTIVIDAD (ACTIVIDAD_ID, ACTIVIDAD  , OBJETO_ID) values (69, 'Devbug', 38);
insert into ACTIVIDAD (ACTIVIDAD_ID, ACTIVIDAD  , OBJETO_ID) values (70, 'Devshare', 45);
insert into ACTIVIDAD (ACTIVIDAD_ID, ACTIVIDAD  , OBJETO_ID) values (71, 'Vimbo', 32);
insert into ACTIVIDAD (ACTIVIDAD_ID, ACTIVIDAD  , OBJETO_ID) values (72, 'Gabvine', 11);
insert into ACTIVIDAD (ACTIVIDAD_ID, ACTIVIDAD  , OBJETO_ID) values (73, 'Skidoo', 42);
insert into ACTIVIDAD (ACTIVIDAD_ID, ACTIVIDAD  , OBJETO_ID) values (74, 'Izio', 23);
insert into ACTIVIDAD (ACTIVIDAD_ID, ACTIVIDAD  , OBJETO_ID) values (75, 'Blogtag', 35);
insert into ACTIVIDAD (ACTIVIDAD_ID, ACTIVIDAD  , OBJETO_ID) values (76, 'Zoomzone', 35);
insert into ACTIVIDAD (ACTIVIDAD_ID, ACTIVIDAD  , OBJETO_ID) values (77, 'Topiclounge', 4);
insert into ACTIVIDAD (ACTIVIDAD_ID, ACTIVIDAD  , OBJETO_ID) values (78, 'Skaboo', 37);
insert into ACTIVIDAD (ACTIVIDAD_ID, ACTIVIDAD  , OBJETO_ID) values (79, 'Flipopia', 11);
insert into ACTIVIDAD (ACTIVIDAD_ID, ACTIVIDAD  , OBJETO_ID) values (80, 'Topicware', 1);
insert into ACTIVIDAD (ACTIVIDAD_ID, ACTIVIDAD  , OBJETO_ID) values (81, 'Shuffletag', 21);
insert into ACTIVIDAD (ACTIVIDAD_ID, ACTIVIDAD  , OBJETO_ID) values (82, 'Voonix', 43);
insert into ACTIVIDAD (ACTIVIDAD_ID, ACTIVIDAD  , OBJETO_ID) values (83, 'Eimbee', 7);
insert into ACTIVIDAD (ACTIVIDAD_ID, ACTIVIDAD  , OBJETO_ID) values (84, 'Flipbug', 13);
insert into ACTIVIDAD (ACTIVIDAD_ID, ACTIVIDAD  , OBJETO_ID) values (85, 'Browseblab', 27);
insert into ACTIVIDAD (ACTIVIDAD_ID, ACTIVIDAD  , OBJETO_ID) values (86, 'Twitterbridge', 39);
insert into ACTIVIDAD (ACTIVIDAD_ID, ACTIVIDAD  , OBJETO_ID) values (87, 'Ntags', 50);
insert into ACTIVIDAD (ACTIVIDAD_ID, ACTIVIDAD  , OBJETO_ID) values (88, 'Oyope', 17);
insert into ACTIVIDAD (ACTIVIDAD_ID, ACTIVIDAD  , OBJETO_ID) values (89, 'Skipstorm', 10);
insert into ACTIVIDAD (ACTIVIDAD_ID, ACTIVIDAD  , OBJETO_ID) values (90, 'Camimbo', 23);
insert into ACTIVIDAD (ACTIVIDAD_ID, ACTIVIDAD  , OBJETO_ID) values (91, 'Thoughtstorm', 42);
insert into ACTIVIDAD (ACTIVIDAD_ID, ACTIVIDAD  , OBJETO_ID) values (92, 'Flashset', 3);
insert into ACTIVIDAD (ACTIVIDAD_ID, ACTIVIDAD  , OBJETO_ID) values (93, 'Babbleset', 48);
insert into ACTIVIDAD (ACTIVIDAD_ID, ACTIVIDAD  , OBJETO_ID) values (94, 'Cogilith', 33);
insert into ACTIVIDAD (ACTIVIDAD_ID, ACTIVIDAD  , OBJETO_ID) values (95, 'Meetz', 1);
insert into ACTIVIDAD (ACTIVIDAD_ID, ACTIVIDAD  , OBJETO_ID) values (96, 'Jabbersphere', 49);
insert into ACTIVIDAD (ACTIVIDAD_ID, ACTIVIDAD  , OBJETO_ID) values (97, 'Roomm', 30);
insert into ACTIVIDAD (ACTIVIDAD_ID, ACTIVIDAD  , OBJETO_ID) values (98, 'Snaptags', 18);
insert into ACTIVIDAD (ACTIVIDAD_ID, ACTIVIDAD  , OBJETO_ID) values (99, 'Eamia', 6);
insert into ACTIVIDAD (ACTIVIDAD_ID, ACTIVIDAD  , OBJETO_ID) values (100, 'Zoovu', 19);
alter table ACTIVIDAD logging;

-- 
-- TABLE: MARCA_AUTO 
--
alter table MARCA_AUTO nologging;
insert into MARCA_AUTO (MARCA_AUTO_ID , NOMBRE_MARCA) values (1, 'Pontiac');
insert into MARCA_AUTO (MARCA_AUTO_ID , NOMBRE_MARCA) values (2, 'Audi');
insert into MARCA_AUTO (MARCA_AUTO_ID , NOMBRE_MARCA) values (3, 'Mitsubishi');
insert into MARCA_AUTO (MARCA_AUTO_ID , NOMBRE_MARCA) values (4, 'Mercedes-Benz');
insert into MARCA_AUTO (MARCA_AUTO_ID , NOMBRE_MARCA) values (5, 'Toyota');
insert into MARCA_AUTO (MARCA_AUTO_ID , NOMBRE_MARCA) values (6, 'Nissan');
insert into MARCA_AUTO (MARCA_AUTO_ID , NOMBRE_MARCA) values (7, 'Subaru');
insert into MARCA_AUTO (MARCA_AUTO_ID , NOMBRE_MARCA) values (8, 'Bugatti');
insert into MARCA_AUTO (MARCA_AUTO_ID , NOMBRE_MARCA) values (9, 'Hyundai');
insert into MARCA_AUTO (MARCA_AUTO_ID , NOMBRE_MARCA) values (10, 'Volvo');
insert into MARCA_AUTO (MARCA_AUTO_ID , NOMBRE_MARCA) values (11, 'Ford');
insert into MARCA_AUTO (MARCA_AUTO_ID , NOMBRE_MARCA) values (12, 'Audi');
insert into MARCA_AUTO (MARCA_AUTO_ID , NOMBRE_MARCA) values (13, 'GMC');
insert into MARCA_AUTO (MARCA_AUTO_ID , NOMBRE_MARCA) values (14, 'Kia');
insert into MARCA_AUTO (MARCA_AUTO_ID , NOMBRE_MARCA) values (15, 'Ford');
insert into MARCA_AUTO (MARCA_AUTO_ID , NOMBRE_MARCA) values (16, 'Dodge');
insert into MARCA_AUTO (MARCA_AUTO_ID , NOMBRE_MARCA) values (17, 'Fillmore');
insert into MARCA_AUTO (MARCA_AUTO_ID , NOMBRE_MARCA) values (18, 'BMW');
insert into MARCA_AUTO (MARCA_AUTO_ID , NOMBRE_MARCA) values (19, 'Lexus');
insert into MARCA_AUTO (MARCA_AUTO_ID , NOMBRE_MARCA) values (20, 'Suzuki');
insert into MARCA_AUTO (MARCA_AUTO_ID , NOMBRE_MARCA) values (21, 'Pontiac');
insert into MARCA_AUTO (MARCA_AUTO_ID , NOMBRE_MARCA) values (22, 'Mercedes-Benz');
insert into MARCA_AUTO (MARCA_AUTO_ID , NOMBRE_MARCA) values (23, 'Ford');
insert into MARCA_AUTO (MARCA_AUTO_ID , NOMBRE_MARCA) values (24, 'Audi');
insert into MARCA_AUTO (MARCA_AUTO_ID , NOMBRE_MARCA) values (25, 'Lamborghini');
insert into MARCA_AUTO (MARCA_AUTO_ID , NOMBRE_MARCA) values (26, 'Mercury');
insert into MARCA_AUTO (MARCA_AUTO_ID , NOMBRE_MARCA) values (27, 'Jeep');
insert into MARCA_AUTO (MARCA_AUTO_ID , NOMBRE_MARCA) values (28, 'Porsche');
insert into MARCA_AUTO (MARCA_AUTO_ID , NOMBRE_MARCA) values (29, 'Subaru');
insert into MARCA_AUTO (MARCA_AUTO_ID , NOMBRE_MARCA) values (30, 'Acura');
insert into MARCA_AUTO (MARCA_AUTO_ID , NOMBRE_MARCA) values (31, 'Lotus');
insert into MARCA_AUTO (MARCA_AUTO_ID , NOMBRE_MARCA) values (32, 'Cadillac');
insert into MARCA_AUTO (MARCA_AUTO_ID , NOMBRE_MARCA) values (33, 'Acura');
insert into MARCA_AUTO (MARCA_AUTO_ID , NOMBRE_MARCA) values (34, 'Ford');
insert into MARCA_AUTO (MARCA_AUTO_ID , NOMBRE_MARCA) values (35, 'Scion');
insert into MARCA_AUTO (MARCA_AUTO_ID , NOMBRE_MARCA) values (36, 'Toyota');
insert into MARCA_AUTO (MARCA_AUTO_ID , NOMBRE_MARCA) values (37, 'Mitsubishi');
insert into MARCA_AUTO (MARCA_AUTO_ID , NOMBRE_MARCA) values (38, 'Jeep');
insert into MARCA_AUTO (MARCA_AUTO_ID , NOMBRE_MARCA) values (39, 'Toyota');
insert into MARCA_AUTO (MARCA_AUTO_ID , NOMBRE_MARCA) values (40, 'Oldsmobile');
insert into MARCA_AUTO (MARCA_AUTO_ID , NOMBRE_MARCA) values (41, 'Mitsubishi');
insert into MARCA_AUTO (MARCA_AUTO_ID , NOMBRE_MARCA) values (42, 'Jaguar');
insert into MARCA_AUTO (MARCA_AUTO_ID , NOMBRE_MARCA) values (43, 'Ford');
insert into MARCA_AUTO (MARCA_AUTO_ID , NOMBRE_MARCA) values (44, 'Saab');
insert into MARCA_AUTO (MARCA_AUTO_ID , NOMBRE_MARCA) values (45, 'Dodge');
insert into MARCA_AUTO (MARCA_AUTO_ID , NOMBRE_MARCA) values (46, 'Audi');
insert into MARCA_AUTO (MARCA_AUTO_ID , NOMBRE_MARCA) values (47, 'Ford');
insert into MARCA_AUTO (MARCA_AUTO_ID , NOMBRE_MARCA) values (48, 'Honda');
insert into MARCA_AUTO (MARCA_AUTO_ID , NOMBRE_MARCA) values (49, 'Chevrolet');
insert into MARCA_AUTO (MARCA_AUTO_ID , NOMBRE_MARCA) values (50, 'Saturn');
insert into MARCA_AUTO (MARCA_AUTO_ID , NOMBRE_MARCA) values (51, 'BMW');
insert into MARCA_AUTO (MARCA_AUTO_ID , NOMBRE_MARCA) values (52, 'Buick');
insert into MARCA_AUTO (MARCA_AUTO_ID , NOMBRE_MARCA) values (53, 'BMW');
insert into MARCA_AUTO (MARCA_AUTO_ID , NOMBRE_MARCA) values (54, 'Volvo');
insert into MARCA_AUTO (MARCA_AUTO_ID , NOMBRE_MARCA) values (55, 'Honda');
insert into MARCA_AUTO (MARCA_AUTO_ID , NOMBRE_MARCA) values (56, 'Mitsubishi');
insert into MARCA_AUTO (MARCA_AUTO_ID , NOMBRE_MARCA) values (57, 'Mitsubishi');
insert into MARCA_AUTO (MARCA_AUTO_ID , NOMBRE_MARCA) values (58, 'Dodge');
insert into MARCA_AUTO (MARCA_AUTO_ID , NOMBRE_MARCA) values (59, 'Volkswagen');
insert into MARCA_AUTO (MARCA_AUTO_ID , NOMBRE_MARCA) values (60, 'Audi');
insert into MARCA_AUTO (MARCA_AUTO_ID , NOMBRE_MARCA) values (61, 'Subaru');
insert into MARCA_AUTO (MARCA_AUTO_ID , NOMBRE_MARCA) values (62, 'Pontiac');
insert into MARCA_AUTO (MARCA_AUTO_ID , NOMBRE_MARCA) values (63, 'Dodge');
insert into MARCA_AUTO (MARCA_AUTO_ID , NOMBRE_MARCA) values (64, 'Cadillac');
insert into MARCA_AUTO (MARCA_AUTO_ID , NOMBRE_MARCA) values (65, 'Subaru');
insert into MARCA_AUTO (MARCA_AUTO_ID , NOMBRE_MARCA) values (66, 'Suzuki');
insert into MARCA_AUTO (MARCA_AUTO_ID , NOMBRE_MARCA) values (67, 'Mercedes-Benz');
insert into MARCA_AUTO (MARCA_AUTO_ID , NOMBRE_MARCA) values (68, 'Toyota');
insert into MARCA_AUTO (MARCA_AUTO_ID , NOMBRE_MARCA) values (69, 'Mitsubishi');
insert into MARCA_AUTO (MARCA_AUTO_ID , NOMBRE_MARCA) values (70, 'Mitsubishi');
insert into MARCA_AUTO (MARCA_AUTO_ID , NOMBRE_MARCA) values (71, 'Chevrolet');
insert into MARCA_AUTO (MARCA_AUTO_ID , NOMBRE_MARCA) values (72, 'Volvo');
insert into MARCA_AUTO (MARCA_AUTO_ID , NOMBRE_MARCA) values (73, 'Lotus');
insert into MARCA_AUTO (MARCA_AUTO_ID , NOMBRE_MARCA) values (74, 'Mercedes-Benz');
insert into MARCA_AUTO (MARCA_AUTO_ID , NOMBRE_MARCA) values (75, 'Pontiac');
insert into MARCA_AUTO (MARCA_AUTO_ID , NOMBRE_MARCA) values (76, 'Mitsubishi');
insert into MARCA_AUTO (MARCA_AUTO_ID , NOMBRE_MARCA) values (77, 'Ford');
insert into MARCA_AUTO (MARCA_AUTO_ID , NOMBRE_MARCA) values (78, 'Mazda');
insert into MARCA_AUTO (MARCA_AUTO_ID , NOMBRE_MARCA) values (79, 'Ford');
insert into MARCA_AUTO (MARCA_AUTO_ID , NOMBRE_MARCA) values (80, 'Aston Martin');
insert into MARCA_AUTO (MARCA_AUTO_ID , NOMBRE_MARCA) values (81, 'Chrysler');
insert into MARCA_AUTO (MARCA_AUTO_ID , NOMBRE_MARCA) values (82, 'Toyota');
insert into MARCA_AUTO (MARCA_AUTO_ID , NOMBRE_MARCA) values (83, 'Ford');
insert into MARCA_AUTO (MARCA_AUTO_ID , NOMBRE_MARCA) values (84, 'Mazda');
insert into MARCA_AUTO (MARCA_AUTO_ID , NOMBRE_MARCA) values (85, 'Mazda');
insert into MARCA_AUTO (MARCA_AUTO_ID , NOMBRE_MARCA) values (86, 'GMC');
insert into MARCA_AUTO (MARCA_AUTO_ID , NOMBRE_MARCA) values (87, 'Nissan');
insert into MARCA_AUTO (MARCA_AUTO_ID , NOMBRE_MARCA) values (88, 'Lexus');
insert into MARCA_AUTO (MARCA_AUTO_ID , NOMBRE_MARCA) values (89, 'Mercedes-Benz');
insert into MARCA_AUTO (MARCA_AUTO_ID , NOMBRE_MARCA) values (90, 'Dodge');
insert into MARCA_AUTO (MARCA_AUTO_ID , NOMBRE_MARCA) values (91, 'Volkswagen');
insert into MARCA_AUTO (MARCA_AUTO_ID , NOMBRE_MARCA) values (92, 'Jeep');
insert into MARCA_AUTO (MARCA_AUTO_ID , NOMBRE_MARCA) values (93, 'Plymouth');
insert into MARCA_AUTO (MARCA_AUTO_ID , NOMBRE_MARCA) values (94, 'Mercedes-Benz');
insert into MARCA_AUTO (MARCA_AUTO_ID , NOMBRE_MARCA) values (95, 'Mercedes-Benz');
insert into MARCA_AUTO (MARCA_AUTO_ID , NOMBRE_MARCA) values (96, 'Buick');
insert into MARCA_AUTO (MARCA_AUTO_ID , NOMBRE_MARCA) values (97, 'GMC');
insert into MARCA_AUTO (MARCA_AUTO_ID , NOMBRE_MARCA) values (98, 'GMC');
insert into MARCA_AUTO (MARCA_AUTO_ID , NOMBRE_MARCA) values (99, 'Acura');
insert into MARCA_AUTO (MARCA_AUTO_ID , NOMBRE_MARCA) values (100, 'Porsche');
alter table MARCA_AUTO logging;

-- 
-- TABLE: MODELO_AUTO 
--
alter table MODELO_AUTO nologging;
insert into MODELO_AUTO (MODELO_AUTO_ID, NOMBRE_MODELO , MARCA_AUTO_ID) values (1, 'Fairlane', 52);
insert into MODELO_AUTO (MODELO_AUTO_ID, NOMBRE_MODELO , MARCA_AUTO_ID) values (2, 'Durango', 68);
insert into MODELO_AUTO (MODELO_AUTO_ID, NOMBRE_MODELO , MARCA_AUTO_ID) values (3, 'Continental Mark VII', 91);
insert into MODELO_AUTO (MODELO_AUTO_ID, NOMBRE_MODELO , MARCA_AUTO_ID) values (4, 'Freestyle', 95);
insert into MODELO_AUTO (MODELO_AUTO_ID, NOMBRE_MODELO , MARCA_AUTO_ID) values (5, '940', 54);
insert into MODELO_AUTO (MODELO_AUTO_ID, NOMBRE_MODELO , MARCA_AUTO_ID) values (6, 'ES', 80);
insert into MODELO_AUTO (MODELO_AUTO_ID, NOMBRE_MODELO , MARCA_AUTO_ID) values (7, 'Prelude', 67);
insert into MODELO_AUTO (MODELO_AUTO_ID, NOMBRE_MODELO , MARCA_AUTO_ID) values (8, 'Cooper', 82);
insert into MODELO_AUTO (MODELO_AUTO_ID, NOMBRE_MODELO , MARCA_AUTO_ID) values (9, 'Ram 2500', 19);
insert into MODELO_AUTO (MODELO_AUTO_ID, NOMBRE_MODELO , MARCA_AUTO_ID) values (10, 'Titan', 42);
insert into MODELO_AUTO (MODELO_AUTO_ID, NOMBRE_MODELO , MARCA_AUTO_ID) values (11, 'Passport', 66);
insert into MODELO_AUTO (MODELO_AUTO_ID, NOMBRE_MODELO , MARCA_AUTO_ID) values (12, 'Yukon XL 1500', 70);
insert into MODELO_AUTO (MODELO_AUTO_ID, NOMBRE_MODELO , MARCA_AUTO_ID) values (13, 'Neon', 9);
insert into MODELO_AUTO (MODELO_AUTO_ID, NOMBRE_MODELO , MARCA_AUTO_ID) values (14, '900', 3);
insert into MODELO_AUTO (MODELO_AUTO_ID, NOMBRE_MODELO , MARCA_AUTO_ID) values (15, 'H1', 54);
insert into MODELO_AUTO (MODELO_AUTO_ID, NOMBRE_MODELO , MARCA_AUTO_ID) values (16, 'S40', 53);
insert into MODELO_AUTO (MODELO_AUTO_ID, NOMBRE_MODELO , MARCA_AUTO_ID) values (17, 'EXP', 65);
insert into MODELO_AUTO (MODELO_AUTO_ID, NOMBRE_MODELO , MARCA_AUTO_ID) values (18, 'FJ Cruiser', 78);
insert into MODELO_AUTO (MODELO_AUTO_ID, NOMBRE_MODELO , MARCA_AUTO_ID) values (19, 'CX-9', 71);
insert into MODELO_AUTO (MODELO_AUTO_ID, NOMBRE_MODELO , MARCA_AUTO_ID) values (20, '323', 41);
insert into MODELO_AUTO (MODELO_AUTO_ID, NOMBRE_MODELO , MARCA_AUTO_ID) values (21, 'A8', 28);
insert into MODELO_AUTO (MODELO_AUTO_ID, NOMBRE_MODELO , MARCA_AUTO_ID) values (22, 'Z4', 67);
insert into MODELO_AUTO (MODELO_AUTO_ID, NOMBRE_MODELO , MARCA_AUTO_ID) values (23, 'F-Series', 21);
insert into MODELO_AUTO (MODELO_AUTO_ID, NOMBRE_MODELO , MARCA_AUTO_ID) values (24, 'GTO', 97);
insert into MODELO_AUTO (MODELO_AUTO_ID, NOMBRE_MODELO , MARCA_AUTO_ID) values (25, 'Expedition', 17);
insert into MODELO_AUTO (MODELO_AUTO_ID, NOMBRE_MODELO , MARCA_AUTO_ID) values (26, 'Mustang', 45);
insert into MODELO_AUTO (MODELO_AUTO_ID, NOMBRE_MODELO , MARCA_AUTO_ID) values (27, 'Ranger', 56);
insert into MODELO_AUTO (MODELO_AUTO_ID, NOMBRE_MODELO , MARCA_AUTO_ID) values (28, 'Sebring', 1);
insert into MODELO_AUTO (MODELO_AUTO_ID, NOMBRE_MODELO , MARCA_AUTO_ID) values (29, 'A4', 90);
insert into MODELO_AUTO (MODELO_AUTO_ID, NOMBRE_MODELO , MARCA_AUTO_ID) values (30, 'Grand Marquis', 90);
insert into MODELO_AUTO (MODELO_AUTO_ID, NOMBRE_MODELO , MARCA_AUTO_ID) values (31, 'Bronco', 29);
insert into MODELO_AUTO (MODELO_AUTO_ID, NOMBRE_MODELO , MARCA_AUTO_ID) values (32, 'Lumina', 82);
insert into MODELO_AUTO (MODELO_AUTO_ID, NOMBRE_MODELO , MARCA_AUTO_ID) values (33, 'RAV4', 62);
insert into MODELO_AUTO (MODELO_AUTO_ID, NOMBRE_MODELO , MARCA_AUTO_ID) values (34, 'S-Class', 85);
insert into MODELO_AUTO (MODELO_AUTO_ID, NOMBRE_MODELO , MARCA_AUTO_ID) values (35, 'Yukon XL 2500', 95);
insert into MODELO_AUTO (MODELO_AUTO_ID, NOMBRE_MODELO , MARCA_AUTO_ID) values (36, 'Sonoma', 2);
insert into MODELO_AUTO (MODELO_AUTO_ID, NOMBRE_MODELO , MARCA_AUTO_ID) values (37, 'F-Series', 68);
insert into MODELO_AUTO (MODELO_AUTO_ID, NOMBRE_MODELO , MARCA_AUTO_ID) values (38, 'Z3', 48);
insert into MODELO_AUTO (MODELO_AUTO_ID, NOMBRE_MODELO , MARCA_AUTO_ID) values (39, 'LS', 75);
insert into MODELO_AUTO (MODELO_AUTO_ID, NOMBRE_MODELO , MARCA_AUTO_ID) values (40, 'Tribute', 89);
insert into MODELO_AUTO (MODELO_AUTO_ID, NOMBRE_MODELO , MARCA_AUTO_ID) values (41, 'Corolla', 57);
insert into MODELO_AUTO (MODELO_AUTO_ID, NOMBRE_MODELO , MARCA_AUTO_ID) values (42, 'Tribeca', 53);
insert into MODELO_AUTO (MODELO_AUTO_ID, NOMBRE_MODELO , MARCA_AUTO_ID) values (43, 'Grand Vitara', 22);
insert into MODELO_AUTO (MODELO_AUTO_ID, NOMBRE_MODELO , MARCA_AUTO_ID) values (44, '1500', 46);
insert into MODELO_AUTO (MODELO_AUTO_ID, NOMBRE_MODELO , MARCA_AUTO_ID) values (45, 'Yukon', 28);
insert into MODELO_AUTO (MODELO_AUTO_ID, NOMBRE_MODELO , MARCA_AUTO_ID) values (46, 'Lumina', 55);
insert into MODELO_AUTO (MODELO_AUTO_ID, NOMBRE_MODELO , MARCA_AUTO_ID) values (47, 'Mazda5', 97);
insert into MODELO_AUTO (MODELO_AUTO_ID, NOMBRE_MODELO , MARCA_AUTO_ID) values (48, 'G8', 19);
insert into MODELO_AUTO (MODELO_AUTO_ID, NOMBRE_MODELO , MARCA_AUTO_ID) values (49, 'Type 2', 94);
insert into MODELO_AUTO (MODELO_AUTO_ID, NOMBRE_MODELO , MARCA_AUTO_ID) values (50, 'Carens', 20);
insert into MODELO_AUTO (MODELO_AUTO_ID, NOMBRE_MODELO , MARCA_AUTO_ID) values (51, 'Compass', 75);
insert into MODELO_AUTO (MODELO_AUTO_ID, NOMBRE_MODELO , MARCA_AUTO_ID) values (52, 'Ram 2500 Club', 86);
insert into MODELO_AUTO (MODELO_AUTO_ID, NOMBRE_MODELO , MARCA_AUTO_ID) values (53, '1 Series', 53);
insert into MODELO_AUTO (MODELO_AUTO_ID, NOMBRE_MODELO , MARCA_AUTO_ID) values (54, 'Daytona', 34);
insert into MODELO_AUTO (MODELO_AUTO_ID, NOMBRE_MODELO , MARCA_AUTO_ID) values (55, 'ES', 85);
insert into MODELO_AUTO (MODELO_AUTO_ID, NOMBRE_MODELO , MARCA_AUTO_ID) values (56, 'Grand Am', 58);
insert into MODELO_AUTO (MODELO_AUTO_ID, NOMBRE_MODELO , MARCA_AUTO_ID) values (57, 'Legacy', 43);
insert into MODELO_AUTO (MODELO_AUTO_ID, NOMBRE_MODELO , MARCA_AUTO_ID) values (58, 'Vandura G2500', 39);
insert into MODELO_AUTO (MODELO_AUTO_ID, NOMBRE_MODELO , MARCA_AUTO_ID) values (59, '6 Series', 77);
insert into MODELO_AUTO (MODELO_AUTO_ID, NOMBRE_MODELO , MARCA_AUTO_ID) values (60, '928', 82);
insert into MODELO_AUTO (MODELO_AUTO_ID, NOMBRE_MODELO , MARCA_AUTO_ID) values (61, '9000', 5);
insert into MODELO_AUTO (MODELO_AUTO_ID, NOMBRE_MODELO , MARCA_AUTO_ID) values (62, 'Samurai', 42);
insert into MODELO_AUTO (MODELO_AUTO_ID, NOMBRE_MODELO , MARCA_AUTO_ID) values (63, '525', 52);
insert into MODELO_AUTO (MODELO_AUTO_ID, NOMBRE_MODELO , MARCA_AUTO_ID) values (64, 'Freestyle', 46);
insert into MODELO_AUTO (MODELO_AUTO_ID, NOMBRE_MODELO , MARCA_AUTO_ID) values (65, 'Corolla', 43);
insert into MODELO_AUTO (MODELO_AUTO_ID, NOMBRE_MODELO , MARCA_AUTO_ID) values (66, 'Entourage', 36);
insert into MODELO_AUTO (MODELO_AUTO_ID, NOMBRE_MODELO , MARCA_AUTO_ID) values (67, 'Thunderbird', 30);
insert into MODELO_AUTO (MODELO_AUTO_ID, NOMBRE_MODELO , MARCA_AUTO_ID) values (68, 'Vantage', 61);
insert into MODELO_AUTO (MODELO_AUTO_ID, NOMBRE_MODELO , MARCA_AUTO_ID) values (69, 'Land Cruiser', 5);
insert into MODELO_AUTO (MODELO_AUTO_ID, NOMBRE_MODELO , MARCA_AUTO_ID) values (70, 'F-Series', 9);
insert into MODELO_AUTO (MODELO_AUTO_ID, NOMBRE_MODELO , MARCA_AUTO_ID) values (71, 'Suburban 2500', 96);
insert into MODELO_AUTO (MODELO_AUTO_ID, NOMBRE_MODELO , MARCA_AUTO_ID) values (72, 'Vigor', 49);
insert into MODELO_AUTO (MODELO_AUTO_ID, NOMBRE_MODELO , MARCA_AUTO_ID) values (73, 'Grand Cherokee', 96);
insert into MODELO_AUTO (MODELO_AUTO_ID, NOMBRE_MODELO , MARCA_AUTO_ID) values (74, 'FJ Cruiser', 32);
insert into MODELO_AUTO (MODELO_AUTO_ID, NOMBRE_MODELO , MARCA_AUTO_ID) values (75, 'Camaro', 91);
insert into MODELO_AUTO (MODELO_AUTO_ID, NOMBRE_MODELO , MARCA_AUTO_ID) values (76, 'E-Series', 3);
insert into MODELO_AUTO (MODELO_AUTO_ID, NOMBRE_MODELO , MARCA_AUTO_ID) values (77, 'Diablo', 89);
insert into MODELO_AUTO (MODELO_AUTO_ID, NOMBRE_MODELO , MARCA_AUTO_ID) values (78, 'Q5', 61);
insert into MODELO_AUTO (MODELO_AUTO_ID, NOMBRE_MODELO , MARCA_AUTO_ID) values (79, 'Cougar', 34);
insert into MODELO_AUTO (MODELO_AUTO_ID, NOMBRE_MODELO , MARCA_AUTO_ID) values (80, 'TT', 94);
insert into MODELO_AUTO (MODELO_AUTO_ID, NOMBRE_MODELO , MARCA_AUTO_ID) values (81, 'Cherokee', 5);
insert into MODELO_AUTO (MODELO_AUTO_ID, NOMBRE_MODELO , MARCA_AUTO_ID) values (82, '2500', 98);
insert into MODELO_AUTO (MODELO_AUTO_ID, NOMBRE_MODELO , MARCA_AUTO_ID) values (83, 'Alpina B7', 54);
insert into MODELO_AUTO (MODELO_AUTO_ID, NOMBRE_MODELO , MARCA_AUTO_ID) values (84, 'DeVille', 20);
insert into MODELO_AUTO (MODELO_AUTO_ID, NOMBRE_MODELO , MARCA_AUTO_ID) values (85, 'Cougar', 28);
insert into MODELO_AUTO (MODELO_AUTO_ID, NOMBRE_MODELO , MARCA_AUTO_ID) values (86, 'L300', 11);
insert into MODELO_AUTO (MODELO_AUTO_ID, NOMBRE_MODELO , MARCA_AUTO_ID) values (87, 'Electra', 10);
insert into MODELO_AUTO (MODELO_AUTO_ID, NOMBRE_MODELO , MARCA_AUTO_ID) values (88, 'Cavalier', 24);
insert into MODELO_AUTO (MODELO_AUTO_ID, NOMBRE_MODELO , MARCA_AUTO_ID) values (89, 'Express 2500', 15);
insert into MODELO_AUTO (MODELO_AUTO_ID, NOMBRE_MODELO , MARCA_AUTO_ID) values (90, 'Wrangler', 40);
insert into MODELO_AUTO (MODELO_AUTO_ID, NOMBRE_MODELO , MARCA_AUTO_ID) values (91, 'Sunfire', 72);
insert into MODELO_AUTO (MODELO_AUTO_ID, NOMBRE_MODELO , MARCA_AUTO_ID) values (92, 'Continental Flying Spur', 36);
insert into MODELO_AUTO (MODELO_AUTO_ID, NOMBRE_MODELO , MARCA_AUTO_ID) values (93, 'A3', 8);
insert into MODELO_AUTO (MODELO_AUTO_ID, NOMBRE_MODELO , MARCA_AUTO_ID) values (94, 'F-Series', 2);
insert into MODELO_AUTO (MODELO_AUTO_ID, NOMBRE_MODELO , MARCA_AUTO_ID) values (95, 'E250', 58);
insert into MODELO_AUTO (MODELO_AUTO_ID, NOMBRE_MODELO , MARCA_AUTO_ID) values (96, '300', 62);
insert into MODELO_AUTO (MODELO_AUTO_ID, NOMBRE_MODELO , MARCA_AUTO_ID) values (97, 'Trans Sport', 79);
insert into MODELO_AUTO (MODELO_AUTO_ID, NOMBRE_MODELO , MARCA_AUTO_ID) values (98, 'W201', 48);
insert into MODELO_AUTO (MODELO_AUTO_ID, NOMBRE_MODELO , MARCA_AUTO_ID) values (99, 'Mariner', 91);
insert into MODELO_AUTO (MODELO_AUTO_ID, NOMBRE_MODELO , MARCA_AUTO_ID) values (100, 'Z3', 43);
alter table MODELO_AUTO logging;

-- 
-- TABLE: AUTO 
--
alter table AUTO nologging;
insert into AUTO (OBJETO_ID, ANIO , NUM_SERIE , NUM_CILINDROS , MODELO_AUTO_ID) values (51, 1998, 'JTEBU4BF7BK262994', 4, 39);
insert into AUTO (OBJETO_ID, ANIO , NUM_SERIE , NUM_CILINDROS , MODELO_AUTO_ID) values (52, 2008, 'JM1NC2LF1E0287929', 1, 44);
insert into AUTO (OBJETO_ID, ANIO , NUM_SERIE , NUM_CILINDROS , MODELO_AUTO_ID) values (53, 2008, 'WAUEFBFL4AN523847', 1, 28);
insert into AUTO (OBJETO_ID, ANIO , NUM_SERIE , NUM_CILINDROS , MODELO_AUTO_ID) values (54, 2013, '3VW217AU5FM149023', 1, 12);
insert into AUTO (OBJETO_ID, ANIO , NUM_SERIE , NUM_CILINDROS , MODELO_AUTO_ID) values (55, 2005, '1D4PT5GK6BW607467', 2, 97);
insert into AUTO (OBJETO_ID, ANIO , NUM_SERIE , NUM_CILINDROS , MODELO_AUTO_ID) values (56, 1992, '1FTDS3EL1AD974870', 3, 54);
insert into AUTO (OBJETO_ID, ANIO , NUM_SERIE , NUM_CILINDROS , MODELO_AUTO_ID) values (57, 1997, 'WA1MMBFE4AD685631', 2, 82);
insert into AUTO (OBJETO_ID, ANIO , NUM_SERIE , NUM_CILINDROS , MODELO_AUTO_ID) values (58, 2003, 'JM3TB2BA5F0260080', 1, 59);
insert into AUTO (OBJETO_ID, ANIO , NUM_SERIE , NUM_CILINDROS , MODELO_AUTO_ID) values (59, 2001, 'SCBBR93W89C972639', 1, 81);
insert into AUTO (OBJETO_ID, ANIO , NUM_SERIE , NUM_CILINDROS , MODELO_AUTO_ID) values (60, 2012, '1N6AF0KY6EN111374', 1, 45);
insert into AUTO (OBJETO_ID, ANIO , NUM_SERIE , NUM_CILINDROS , MODELO_AUTO_ID) values (61, 2009, '5J6TF2H53DL947300', 3, 35);
insert into AUTO (OBJETO_ID, ANIO , NUM_SERIE , NUM_CILINDROS , MODELO_AUTO_ID) values (62, 2013, 'WAUPFBFM4BA022600', 4, 49);
insert into AUTO (OBJETO_ID, ANIO , NUM_SERIE , NUM_CILINDROS , MODELO_AUTO_ID) values (63, 1994, 'KMHTC6AD8CU116225', 3, 62);
insert into AUTO (OBJETO_ID, ANIO , NUM_SERIE , NUM_CILINDROS , MODELO_AUTO_ID) values (64, 2001, 'WBA3A5C59EP502645', 2, 97);
insert into AUTO (OBJETO_ID, ANIO , NUM_SERIE , NUM_CILINDROS , MODELO_AUTO_ID) values (65, 1986, '1FTSX2B55AE446445', 4, 84);
insert into AUTO (OBJETO_ID, ANIO , NUM_SERIE , NUM_CILINDROS , MODELO_AUTO_ID) values (66, 2010, 'JTDKN3DP2C3785594', 4, 33);
insert into AUTO (OBJETO_ID, ANIO , NUM_SERIE , NUM_CILINDROS , MODELO_AUTO_ID) values (67, 2008, 'WBAGL63555D007619', 1, 82);
insert into AUTO (OBJETO_ID, ANIO , NUM_SERIE , NUM_CILINDROS , MODELO_AUTO_ID) values (68, 1995, '1FBNE3BL6DD092652', 2, 89);
insert into AUTO (OBJETO_ID, ANIO , NUM_SERIE , NUM_CILINDROS , MODELO_AUTO_ID) values (69, 1978, 'WBSKG9C50DE507756', 4, 13);
insert into AUTO (OBJETO_ID, ANIO , NUM_SERIE , NUM_CILINDROS , MODELO_AUTO_ID) values (70, 2009, '1FTFW1E80AF835220', 3, 23);
insert into AUTO (OBJETO_ID, ANIO , NUM_SERIE , NUM_CILINDROS , MODELO_AUTO_ID) values (71, 1984, '1FTFW1E83AF061688', 3, 16);
insert into AUTO (OBJETO_ID, ANIO , NUM_SERIE , NUM_CILINDROS , MODELO_AUTO_ID) values (72, 1996, 'JH4CW2H5XCC526631', 4, 69);
insert into AUTO (OBJETO_ID, ANIO , NUM_SERIE , NUM_CILINDROS , MODELO_AUTO_ID) values (73, 1993, '1G6DV5EP5C0151686', 2, 34);
insert into AUTO (OBJETO_ID, ANIO , NUM_SERIE , NUM_CILINDROS , MODELO_AUTO_ID) values (74, 2005, 'SALCT2BG1FH711901', 4, 40);
insert into AUTO (OBJETO_ID, ANIO , NUM_SERIE , NUM_CILINDROS , MODELO_AUTO_ID) values (75, 2002, '1N4AL3AP1DC076748', 3, 11);
insert into AUTO (OBJETO_ID, ANIO , NUM_SERIE , NUM_CILINDROS , MODELO_AUTO_ID) values (76, 2011, '1GD12ZCG5CF876300', 2, 61);
insert into AUTO (OBJETO_ID, ANIO , NUM_SERIE , NUM_CILINDROS , MODELO_AUTO_ID) values (77, 2012, 'JTHKD5BHXC2155076', 4, 71);
insert into AUTO (OBJETO_ID, ANIO , NUM_SERIE , NUM_CILINDROS , MODELO_AUTO_ID) values (78, 1993, 'JN1CV6AP4CM947927', 4, 35);
insert into AUTO (OBJETO_ID, ANIO , NUM_SERIE , NUM_CILINDROS , MODELO_AUTO_ID) values (79, 1998, 'KNAFU6A24A5990864', 1, 78);
insert into AUTO (OBJETO_ID, ANIO , NUM_SERIE , NUM_CILINDROS , MODELO_AUTO_ID) values (80, 2008, 'WA1VMBFE3CD533492', 1, 61);
insert into AUTO (OBJETO_ID, ANIO , NUM_SERIE , NUM_CILINDROS , MODELO_AUTO_ID) values (81, 2000, 'ZHWGU6BZ8CL544404', 1, 96);
insert into AUTO (OBJETO_ID, ANIO , NUM_SERIE , NUM_CILINDROS , MODELO_AUTO_ID) values (82, 1995, 'WBA3D3C55FK290711', 4, 79);
insert into AUTO (OBJETO_ID, ANIO , NUM_SERIE , NUM_CILINDROS , MODELO_AUTO_ID) values (83, 2000, 'WVGEG9BP1CD664865', 4, 72);
insert into AUTO (OBJETO_ID, ANIO , NUM_SERIE , NUM_CILINDROS , MODELO_AUTO_ID) values (84, 1986, '2C3CDXBG0CH239685', 2, 46);
insert into AUTO (OBJETO_ID, ANIO , NUM_SERIE , NUM_CILINDROS , MODELO_AUTO_ID) values (85, 1998, '1HGCP2E79CA687960', 4, 76);
insert into AUTO (OBJETO_ID, ANIO , NUM_SERIE , NUM_CILINDROS , MODELO_AUTO_ID) values (86, 2011, '1HGCR2E57EA400031', 3, 100);
insert into AUTO (OBJETO_ID, ANIO , NUM_SERIE , NUM_CILINDROS , MODELO_AUTO_ID) values (87, 1995, '1D7RE3BK4BS738020', 4, 31);
insert into AUTO (OBJETO_ID, ANIO , NUM_SERIE , NUM_CILINDROS , MODELO_AUTO_ID) values (88, 2009, '1GYS3DEF8BR670022', 2, 98);
insert into AUTO (OBJETO_ID, ANIO , NUM_SERIE , NUM_CILINDROS , MODELO_AUTO_ID) values (89, 2000, 'KL4CJDSB3EB954781', 3, 10);
insert into AUTO (OBJETO_ID, ANIO , NUM_SERIE , NUM_CILINDROS , MODELO_AUTO_ID) values (90, 1995, 'WDDHF0EB4EA417298', 1, 88);
insert into AUTO (OBJETO_ID, ANIO , NUM_SERIE , NUM_CILINDROS , MODELO_AUTO_ID) values (91, 2001, 'WBA3R5C56FF556064', 3, 35);
insert into AUTO (OBJETO_ID, ANIO , NUM_SERIE , NUM_CILINDROS , MODELO_AUTO_ID) values (92, 2012, 'WAULC68E25A062960', 3, 91);
insert into AUTO (OBJETO_ID, ANIO , NUM_SERIE , NUM_CILINDROS , MODELO_AUTO_ID) values (93, 1993, '5FRYD3H40EB249874', 4, 29);
insert into AUTO (OBJETO_ID, ANIO , NUM_SERIE , NUM_CILINDROS , MODELO_AUTO_ID) values (94, 2011, 'WVGAV7AXXAW858371', 2, 98);
insert into AUTO (OBJETO_ID, ANIO , NUM_SERIE , NUM_CILINDROS , MODELO_AUTO_ID) values (95, 1992, '2G61T5S32E9335177', 4, 66);
insert into AUTO (OBJETO_ID, ANIO , NUM_SERIE , NUM_CILINDROS , MODELO_AUTO_ID) values (96, 2012, '1G6DC1E35D0179632', 2, 78);
insert into AUTO (OBJETO_ID, ANIO , NUM_SERIE , NUM_CILINDROS , MODELO_AUTO_ID) values (97, 2009, '1GYS3FEJ6BR791583', 2, 13);
insert into AUTO (OBJETO_ID, ANIO , NUM_SERIE , NUM_CILINDROS , MODELO_AUTO_ID) values (98, 1988, '1FTEW1E89AF164688', 2, 47);
insert into AUTO (OBJETO_ID, ANIO , NUM_SERIE , NUM_CILINDROS , MODELO_AUTO_ID) values (99, 1997, 'WVGEF9BP0DD127540', 4, 55);
insert into AUTO (OBJETO_ID, ANIO , NUM_SERIE , NUM_CILINDROS , MODELO_AUTO_ID) values (100, 2013, 'WAULC58EX2A956145', 4, 95);
insert into AUTO (OBJETO_ID, ANIO , NUM_SERIE , NUM_CILINDROS , MODELO_AUTO_ID) values (101, 1998, 'JN1CV6EK4EM720318', 2, 54);
insert into AUTO (OBJETO_ID, ANIO , NUM_SERIE , NUM_CILINDROS , MODELO_AUTO_ID) values (102, 2004, '1FADP5AU0DL173331', 4, 41);
insert into AUTO (OBJETO_ID, ANIO , NUM_SERIE , NUM_CILINDROS , MODELO_AUTO_ID) values (103, 1996, 'WBA3N5C50EF213339', 3, 47);
insert into AUTO (OBJETO_ID, ANIO , NUM_SERIE , NUM_CILINDROS , MODELO_AUTO_ID) values (104, 2010, '5UXKR2C54E0508950', 1, 60);
insert into AUTO (OBJETO_ID, ANIO , NUM_SERIE , NUM_CILINDROS , MODELO_AUTO_ID) values (105, 2009, '5GALRBED9AJ476108', 1, 24);
insert into AUTO (OBJETO_ID, ANIO , NUM_SERIE , NUM_CILINDROS , MODELO_AUTO_ID) values (106, 2007, '3GYFNDE35ES100918', 3, 95);
insert into AUTO (OBJETO_ID, ANIO , NUM_SERIE , NUM_CILINDROS , MODELO_AUTO_ID) values (107, 1993, '1GYFC26239R293997', 2, 12);
insert into AUTO (OBJETO_ID, ANIO , NUM_SERIE , NUM_CILINDROS , MODELO_AUTO_ID) values (108, 1988, '2G4WC552571876386', 3, 86);
insert into AUTO (OBJETO_ID, ANIO , NUM_SERIE , NUM_CILINDROS , MODELO_AUTO_ID) values (109, 1989, 'WAUEFAFLXAN667882', 2, 31);
insert into AUTO (OBJETO_ID, ANIO , NUM_SERIE , NUM_CILINDROS , MODELO_AUTO_ID) values (110, 1990, 'JN8AZ1MU1CW285035', 3, 52);
insert into AUTO (OBJETO_ID, ANIO , NUM_SERIE , NUM_CILINDROS , MODELO_AUTO_ID) values (111, 2012, '1G4HC5EM2BU695284', 2, 15);
insert into AUTO (OBJETO_ID, ANIO , NUM_SERIE , NUM_CILINDROS , MODELO_AUTO_ID) values (112, 2009, 'JN1AZ4EH7CM493093', 2, 57);
insert into AUTO (OBJETO_ID, ANIO , NUM_SERIE , NUM_CILINDROS , MODELO_AUTO_ID) values (113, 2003, '2GKALMEK4D6417636', 1, 1);
insert into AUTO (OBJETO_ID, ANIO , NUM_SERIE , NUM_CILINDROS , MODELO_AUTO_ID) values (114, 2008, 'WAUDGAFL7EA215667', 3, 4);
insert into AUTO (OBJETO_ID, ANIO , NUM_SERIE , NUM_CILINDROS , MODELO_AUTO_ID) values (115, 2005, '19XFB2E5XEE163306', 3, 20);
insert into AUTO (OBJETO_ID, ANIO , NUM_SERIE , NUM_CILINDROS , MODELO_AUTO_ID) values (116, 2011, 'JN8AZ2NC2C9404642', 1, 39);
insert into AUTO (OBJETO_ID, ANIO , NUM_SERIE , NUM_CILINDROS , MODELO_AUTO_ID) values (117, 1987, '5J6TF2H54FL974038', 3, 32);
insert into AUTO (OBJETO_ID, ANIO , NUM_SERIE , NUM_CILINDROS , MODELO_AUTO_ID) values (118, 2005, 'WBAVA33508K070364', 2, 13);
insert into AUTO (OBJETO_ID, ANIO , NUM_SERIE , NUM_CILINDROS , MODELO_AUTO_ID) values (119, 2006, 'WAULH54B71N566415', 1, 54);
insert into AUTO (OBJETO_ID, ANIO , NUM_SERIE , NUM_CILINDROS , MODELO_AUTO_ID) values (120, 1996, 'YV1672MC0CJ849768', 3, 39);
insert into AUTO (OBJETO_ID, ANIO , NUM_SERIE , NUM_CILINDROS , MODELO_AUTO_ID) values (121, 1995, 'WAUAC48H25K300970', 4, 64);
insert into AUTO (OBJETO_ID, ANIO , NUM_SERIE , NUM_CILINDROS , MODELO_AUTO_ID) values (122, 2010, '1ZVBP8AN2A5824242', 2, 68);
insert into AUTO (OBJETO_ID, ANIO , NUM_SERIE , NUM_CILINDROS , MODELO_AUTO_ID) values (123, 1997, '3VW467AT4DM226379', 4, 55);
insert into AUTO (OBJETO_ID, ANIO , NUM_SERIE , NUM_CILINDROS , MODELO_AUTO_ID) values (124, 2011, '1GKS1AKC6FR198000', 1, 42);
insert into AUTO (OBJETO_ID, ANIO , NUM_SERIE , NUM_CILINDROS , MODELO_AUTO_ID) values (125, 1992, '1N4AL3AP7EC370754', 4, 78);
insert into AUTO (OBJETO_ID, ANIO , NUM_SERIE , NUM_CILINDROS , MODELO_AUTO_ID) values (126, 2008, 'WBSWD9C55AP162315', 3, 61);
insert into AUTO (OBJETO_ID, ANIO , NUM_SERIE , NUM_CILINDROS , MODELO_AUTO_ID) values (127, 1998, '3C4PDCGB0FT405332', 3, 29);
insert into AUTO (OBJETO_ID, ANIO , NUM_SERIE , NUM_CILINDROS , MODELO_AUTO_ID) values (128, 2009, '3GYFNEE34CS592442', 4, 45);
insert into AUTO (OBJETO_ID, ANIO , NUM_SERIE , NUM_CILINDROS , MODELO_AUTO_ID) values (129, 1993, '1N6AD0CU0AC285934', 4, 51);
insert into AUTO (OBJETO_ID, ANIO , NUM_SERIE , NUM_CILINDROS , MODELO_AUTO_ID) values (130, 2009, '2D4RN4DG9BR644681', 1, 94);
insert into AUTO (OBJETO_ID, ANIO , NUM_SERIE , NUM_CILINDROS , MODELO_AUTO_ID) values (131, 2000, 'WBSBL93416P285450', 2, 70);
insert into AUTO (OBJETO_ID, ANIO , NUM_SERIE , NUM_CILINDROS , MODELO_AUTO_ID) values (132, 2000, '19UYA41613A522677', 4, 10);
insert into AUTO (OBJETO_ID, ANIO , NUM_SERIE , NUM_CILINDROS , MODELO_AUTO_ID) values (133, 2009, '19UUA9E54CA968948', 2, 92);
insert into AUTO (OBJETO_ID, ANIO , NUM_SERIE , NUM_CILINDROS , MODELO_AUTO_ID) values (134, 1994, '3VWF17AT4FM814924', 4, 49);
insert into AUTO (OBJETO_ID, ANIO , NUM_SERIE , NUM_CILINDROS , MODELO_AUTO_ID) values (135, 1998, 'WBA3B5C55DF220195', 1, 53);
insert into AUTO (OBJETO_ID, ANIO , NUM_SERIE , NUM_CILINDROS , MODELO_AUTO_ID) values (136, 1997, 'WBXPC93407W807895', 2, 74);
insert into AUTO (OBJETO_ID, ANIO , NUM_SERIE , NUM_CILINDROS , MODELO_AUTO_ID) values (137, 1998, '5UXFG8C52EL077761', 3, 2);
insert into AUTO (OBJETO_ID, ANIO , NUM_SERIE , NUM_CILINDROS , MODELO_AUTO_ID) values (138, 2006, '1D7RV1CP7AS750921', 3, 34);
insert into AUTO (OBJETO_ID, ANIO , NUM_SERIE , NUM_CILINDROS , MODELO_AUTO_ID) values (139, 2012, '3GYFNHE32DS407534', 3, 72);
insert into AUTO (OBJETO_ID, ANIO , NUM_SERIE , NUM_CILINDROS , MODELO_AUTO_ID) values (140, 2012, '1FMEU7EE0AU911875', 2, 16);
insert into AUTO (OBJETO_ID, ANIO , NUM_SERIE , NUM_CILINDROS , MODELO_AUTO_ID) values (141, 2000, 'SCFFDAAE8CG321666', 4, 19);
insert into AUTO (OBJETO_ID, ANIO , NUM_SERIE , NUM_CILINDROS , MODELO_AUTO_ID) values (142, 2006, 'JN1AZ4FH4FM515506', 2, 34);
insert into AUTO (OBJETO_ID, ANIO , NUM_SERIE , NUM_CILINDROS , MODELO_AUTO_ID) values (143, 1999, '1GD12ZCGXBF528670', 1, 39);
insert into AUTO (OBJETO_ID, ANIO , NUM_SERIE , NUM_CILINDROS , MODELO_AUTO_ID) values (144, 1993, '3C63D3NL8CG050948', 2, 85);
insert into AUTO (OBJETO_ID, ANIO , NUM_SERIE , NUM_CILINDROS , MODELO_AUTO_ID) values (145, 2010, '1G6KF549X5U658280', 2, 52);
insert into AUTO (OBJETO_ID, ANIO , NUM_SERIE , NUM_CILINDROS , MODELO_AUTO_ID) values (146, 1997, '4USBT33575L637914', 1, 36);
insert into AUTO (OBJETO_ID, ANIO , NUM_SERIE , NUM_CILINDROS , MODELO_AUTO_ID) values (147, 2011, 'WAUAF48H88K172925', 3, 23);
insert into AUTO (OBJETO_ID, ANIO , NUM_SERIE , NUM_CILINDROS , MODELO_AUTO_ID) values (148, 1995, 'SCFAB05D79G553406', 3, 20);
insert into AUTO (OBJETO_ID, ANIO , NUM_SERIE , NUM_CILINDROS , MODELO_AUTO_ID) values (149, 2004, '3D7TT2HT7BG207875', 3, 54);
insert into AUTO (OBJETO_ID, ANIO , NUM_SERIE , NUM_CILINDROS , MODELO_AUTO_ID) values (150, 1991, '1FTEW1C80AK012406', 2, 73);
alter table AUTO logging;
-- 
-- TABLE: CASA 
--

alter table CASA nologging;
insert into CASA (OBJETO_ID, LATITUD , LONGITUD ,  DIRECCION, DESCRIPCION) values (151, '41.0953745', '-7.8123805', '43 Arapahoe Court', 'Europe/Lisbon');
insert into CASA (OBJETO_ID, LATITUD , LONGITUD ,  DIRECCION, DESCRIPCION) values (152, '54.36667', '24.33333', '2 Starling Trail', 'Europe/Vilnius');
insert into CASA (OBJETO_ID, LATITUD , LONGITUD ,  DIRECCION, DESCRIPCION) values (153, '-17.9164482', '15.0937378', '68 Havey Alley', 'Africa/Windhoek');
insert into CASA (OBJETO_ID, LATITUD , LONGITUD ,  DIRECCION, DESCRIPCION) values (154, '-22.3463487', '-48.7862736', '16 Summer Ridge Avenue', 'America/Sao_Paulo');
insert into CASA (OBJETO_ID, LATITUD , LONGITUD ,  DIRECCION, DESCRIPCION) values (155, '47.9894676', '-4.1116493', '6 Hanover Parkway', 'Europe/Paris');
insert into CASA (OBJETO_ID, LATITUD , LONGITUD ,  DIRECCION, DESCRIPCION) values (156, '5.0172519', '-72.189', '9807 Pennsylvania Park', 'America/Bogota');
insert into CASA (OBJETO_ID, LATITUD , LONGITUD ,  DIRECCION, DESCRIPCION) values (157, '31.3657303', '121.3729026', '107 6th Road', 'Asia/Chongqing');
insert into CASA (OBJETO_ID, LATITUD , LONGITUD ,  DIRECCION, DESCRIPCION) values (158, '27.791393', '110.864121', '73 Tomscot Place', 'Asia/Chongqing');
insert into CASA (OBJETO_ID, LATITUD , LONGITUD ,  DIRECCION, DESCRIPCION) values (159, '-6.7676998', '108.167660'7, '254 Westend Hill', 'Asia/Jakarta');
insert into CASA (OBJETO_ID, LATITUD , LONGITUD ,  DIRECCION, DESCRIPCION) values (160, '-10.5733141', '121.7235066', '0117 Rusk Avenue', 'Asia/Makassar');
insert into CASA (OBJETO_ID, LATITUD , LONGITUD ,  DIRECCION, DESCRIPCION) values (161, '-8.2030974', '113.7329154', '686 Del Sol Parkway', 'Asia/Jakarta');
insert into CASA (OBJETO_ID, LATITUD , LONGITUD ,  DIRECCION, DESCRIPCION) values (162, '11.3410027', '-14.935965', '9251 Grayhawk Park', 'Africa/Conakry');
insert into CASA (OBJETO_ID, LATITUD , LONGITUD ,  DIRECCION, DESCRIPCION) values (163, '51.3531567', '39.3015305', '689 Memorial Lane', 'Europe/Moscow');
insert into CASA (OBJETO_ID, LATITUD , LONGITUD ,  DIRECCION, DESCRIPCION) values (164, '38.3613687', '140.2790754', '027 1st Plaza', 'Asia/Tokyo');
insert into CASA (OBJETO_ID, LATITUD , LONGITUD ,  DIRECCION, DESCRIPCION) values (165, '31.471686', '119.934764', '496 Sheridan Junction', 'Asia/Shanghai');
insert into CASA (OBJETO_ID, LATITUD , LONGITUD ,  DIRECCION, DESCRIPCION) values (166, '49.7859606', '-112.1496533', '61075 Burrows Way', 'America/Edmonton');
insert into CASA (OBJETO_ID, LATITUD , LONGITUD ,  DIRECCION, DESCRIPCION) values (167, '20.5083303', '-97.6724456', '2 Sunnyside Parkway', 'America/Mexico_City');
insert into CASA (OBJETO_ID, LATITUD , LONGITUD ,  DIRECCION, DESCRIPCION) values (168, '33.7311229', '130.5200852', '05254 Kennedy Road', 'Asia/Tokyo');
insert into CASA (OBJETO_ID, LATITUD , LONGITUD ,  DIRECCION, DESCRIPCION) values (169, '30.199389', '115.035151', '8 Sycamore Road', 'Asia/Shanghai');
insert into CASA (OBJETO_ID, LATITUD , LONGITUD ,  DIRECCION, DESCRIPCION) values (170, '18.250185', '101.0259275', '781 Bartillon Drive', 'Asia/Bangkok');
insert into CASA (OBJETO_ID, LATITUD , LONGITUD ,  DIRECCION, DESCRIPCION) values (171, '45.417087', '-0.302506', '9227 Bashford Road', 'Europe/Paris');
insert into CASA (OBJETO_ID, LATITUD , LONGITUD ,  DIRECCION, DESCRIPCION) values (172, '-17.6680839', '-71.3468091', '7 Fremont Drive', 'America/Lima');
insert into CASA (OBJETO_ID, LATITUD , LONGITUD ,  DIRECCION, DESCRIPCION) values (173, '15.7326916', '120.4346499', '328 Bluejay Drive', 'Asia/Manila');
insert into CASA (OBJETO_ID, LATITUD , LONGITUD ,  DIRECCION, DESCRIPCION) values (174, '41.7467513', '125.4067749', '9780 Johnson Parkway', 'Asia/Harbin');
insert into CASA (OBJETO_ID, LATITUD , LONGITUD ,  DIRECCION, DESCRIPCION) values (175, '56.4245513', '12.869882', '2 Dunning Way', 'Europe/Stockholm');
insert into CASA (OBJETO_ID, LATITUD , LONGITUD ,  DIRECCION, DESCRIPCION) values (176, '41.2505888', '-75.8520879', '99042 Bluestem Center', 'America/New_York');
insert into CASA (OBJETO_ID, LATITUD , LONGITUD ,  DIRECCION, DESCRIPCION) values (177, '33.2811677', '50.3172249', '22980 Killdeer Point', 'Asia/Tehran');
insert into CASA (OBJETO_ID, LATITUD , LONGITUD ,  DIRECCION, DESCRIPCION) values (178, '-30.5148445', '-53.4832383', '404 Division Circle', 'America/Sao_Paulo');
insert into CASA (OBJETO_ID, LATITUD , LONGITUD ,  DIRECCION, DESCRIPCION) values (179, '8.6076919', '124.4695397', '1 Kensington Alley', 'Asia/Manila');
insert into CASA (OBJETO_ID, LATITUD , LONGITUD ,  DIRECCION, DESCRIPCION) values (180, '57.3579277', '61.6905815', '617 John Wall Parkway', 'Asia/Yekaterinburg');
insert into CASA (OBJETO_ID, LATITUD , LONGITUD ,  DIRECCION, DESCRIPCION) values (181, '37.8519345', '23.8408158', '993 Quincy Center', 'Europe/Athens');
insert into CASA (OBJETO_ID, LATITUD , LONGITUD ,  DIRECCION, DESCRIPCION) values (182, '37.7162538', '-97.2983363', '275 Banding Center', 'America/Chicago');
insert into CASA (OBJETO_ID, LATITUD , LONGITUD ,  DIRECCION, DESCRIPCION) values (183, '-8.0119417', '111.8941208', '0 Maywood Circle', 'Asia/Jakarta');
insert into CASA (OBJETO_ID, LATITUD , LONGITUD ,  DIRECCION, DESCRIPCION) values (184, '53.0852774', '82.3454181', '5134 Riverside Point', 'Asia/Novosibirsk');
insert into CASA (OBJETO_ID, LATITUD , LONGITUD ,  DIRECCION, DESCRIPCION) values (185, '32.158702', '35.224177', '22 Bowman Parkway', 'Asia/Hebron');
insert into CASA (OBJETO_ID, LATITUD , LONGITUD ,  DIRECCION, DESCRIPCION) values (186, '48.7277622', '100.7724281', '6986 Florence Place', 'Asia/Ulaanbaatar');
insert into CASA (OBJETO_ID, LATITUD , LONGITUD ,  DIRECCION, DESCRIPCION) values (187, '-8.1495', '113.2778', '152 4th Court', 'Asia/Jakarta');
insert into CASA (OBJETO_ID, LATITUD , LONGITUD ,  DIRECCION, DESCRIPCION) values (188, '7.9047781', '98.3512841', '0 High Crossing Hill', 'Asia/Bangkok');
insert into CASA (OBJETO_ID, LATITUD , LONGITUD ,  DIRECCION, DESCRIPCION) values (189, '35.0032213', '102.913526', '876 Merry Alley', 'Asia/Chongqing');
insert into CASA (OBJETO_ID, LATITUD , LONGITUD ,  DIRECCION, DESCRIPCION) values (190, '-8.0088871', '111.9030636', '73388 Coolidge Terrace', 'Asia/Jakarta');
insert into CASA (OBJETO_ID, LATITUD , LONGITUD ,  DIRECCION, DESCRIPCION) values (191, '41.6089452', '20.006257', '6193 8th Street', 'Europe/Tirane');
insert into CASA (OBJETO_ID, LATITUD , LONGITUD ,  DIRECCION, DESCRIPCION) values (192, '57.6734511', '46.6107277', '7672 Clemons Place', 'Europe/Moscow');
insert into CASA (OBJETO_ID, LATITUD , LONGITUD ,  DIRECCION, DESCRIPCION) values (193, '56.6444907', '14.224297', '8 Bowman Terrace', 'Europe/Stockholm');
insert into CASA (OBJETO_ID, LATITUD , LONGITUD ,  DIRECCION, DESCRIPCION) values (194, '50.9486162', '30.8786768', '159 Helena Court', 'Europe/Kiev');
insert into CASA (OBJETO_ID, LATITUD , LONGITUD ,  DIRECCION, DESCRIPCION) values (195, '46.4270739', '16.5473979', '9600 Sage Plaza', 'Europe/Zagreb');
insert into CASA (OBJETO_ID, LATITUD , LONGITUD ,  DIRECCION, DESCRIPCION) values (196, '34.5021072', '135.3785556', '6 Hansons Place', 'Asia/Tokyo');
insert into CASA (OBJETO_ID, LATITUD , LONGITUD ,  DIRECCION, DESCRIPCION) values (197, '37.5673173', '22.8015531', '01536 Starling Lane', 'Europe/Athens');
insert into CASA (OBJETO_ID, LATITUD , LONGITUD ,  DIRECCION, DESCRIPCION) values (198, '-15.1662376', '-49.8052085', '41 Oakridge Hill', 'America/Sao_Paulo');
insert into CASA (OBJETO_ID, LATITUD , LONGITUD ,  DIRECCION, DESCRIPCION) values (199, '59.3634364', '18.0099272', '41170 Westridge Trail', 'Europe/Stockholm');
insert into CASA (OBJETO_ID, LATITUD , LONGITUD ,  DIRECCION, DESCRIPCION) values (200, '30.6569282', '104.0779484', '3367 Mitchell Place', 'Asia/Shanghai');
alter table CASA logging;

-- 
-- TABLE: FOTOGRAFIA_OBJETO 
--
alter table FOTOGRAFIA_OBJETO nologging;
insert into FOTOGRAFIA_OBJETO (FOTOGRAFIA_OBJETO_ID, FOTOGRAFIA , OBJETO_ID ) values (1, null, 129);
insert into FOTOGRAFIA_OBJETO (FOTOGRAFIA_OBJETO_ID, FOTOGRAFIA , OBJETO_ID ) values (2, null, 6);
insert into FOTOGRAFIA_OBJETO (FOTOGRAFIA_OBJETO_ID, FOTOGRAFIA , OBJETO_ID ) values (3, null, 162);
insert into FOTOGRAFIA_OBJETO (FOTOGRAFIA_OBJETO_ID, FOTOGRAFIA , OBJETO_ID ) values (4, null, 73);
insert into FOTOGRAFIA_OBJETO (FOTOGRAFIA_OBJETO_ID, FOTOGRAFIA , OBJETO_ID ) values (5, null, 98);
insert into FOTOGRAFIA_OBJETO (FOTOGRAFIA_OBJETO_ID, FOTOGRAFIA , OBJETO_ID ) values (6, null, 95);
insert into FOTOGRAFIA_OBJETO (FOTOGRAFIA_OBJETO_ID, FOTOGRAFIA , OBJETO_ID ) values (7, null, 189);
insert into FOTOGRAFIA_OBJETO (FOTOGRAFIA_OBJETO_ID, FOTOGRAFIA , OBJETO_ID ) values (8, null, 21);
insert into FOTOGRAFIA_OBJETO (FOTOGRAFIA_OBJETO_ID, FOTOGRAFIA , OBJETO_ID ) values (9, null, 114);
insert into FOTOGRAFIA_OBJETO (FOTOGRAFIA_OBJETO_ID, FOTOGRAFIA , OBJETO_ID ) values (10, null, 97);
insert into FOTOGRAFIA_OBJETO (FOTOGRAFIA_OBJETO_ID, FOTOGRAFIA , OBJETO_ID ) values (11, null, 72);
insert into FOTOGRAFIA_OBJETO (FOTOGRAFIA_OBJETO_ID, FOTOGRAFIA , OBJETO_ID ) values (12, null, 100);
insert into FOTOGRAFIA_OBJETO (FOTOGRAFIA_OBJETO_ID, FOTOGRAFIA , OBJETO_ID ) values (13, null, 76);
insert into FOTOGRAFIA_OBJETO (FOTOGRAFIA_OBJETO_ID, FOTOGRAFIA , OBJETO_ID ) values (14, null, 179);
insert into FOTOGRAFIA_OBJETO (FOTOGRAFIA_OBJETO_ID, FOTOGRAFIA , OBJETO_ID ) values (15, null, 27);
insert into FOTOGRAFIA_OBJETO (FOTOGRAFIA_OBJETO_ID, FOTOGRAFIA , OBJETO_ID ) values (16, null, 151);
insert into FOTOGRAFIA_OBJETO (FOTOGRAFIA_OBJETO_ID, FOTOGRAFIA , OBJETO_ID ) values (17, null, 93);
insert into FOTOGRAFIA_OBJETO (FOTOGRAFIA_OBJETO_ID, FOTOGRAFIA , OBJETO_ID ) values (18, null, 27);
insert into FOTOGRAFIA_OBJETO (FOTOGRAFIA_OBJETO_ID, FOTOGRAFIA , OBJETO_ID ) values (19, null, 125);
insert into FOTOGRAFIA_OBJETO (FOTOGRAFIA_OBJETO_ID, FOTOGRAFIA , OBJETO_ID ) values (20, null, 140);
insert into FOTOGRAFIA_OBJETO (FOTOGRAFIA_OBJETO_ID, FOTOGRAFIA , OBJETO_ID ) values (21, null, 108);
insert into FOTOGRAFIA_OBJETO (FOTOGRAFIA_OBJETO_ID, FOTOGRAFIA , OBJETO_ID ) values (22, null, 44);
insert into FOTOGRAFIA_OBJETO (FOTOGRAFIA_OBJETO_ID, FOTOGRAFIA , OBJETO_ID ) values (23, null, 126);
insert into FOTOGRAFIA_OBJETO (FOTOGRAFIA_OBJETO_ID, FOTOGRAFIA , OBJETO_ID ) values (24, null, 135);
insert into FOTOGRAFIA_OBJETO (FOTOGRAFIA_OBJETO_ID, FOTOGRAFIA , OBJETO_ID ) values (25, null, 122);
insert into FOTOGRAFIA_OBJETO (FOTOGRAFIA_OBJETO_ID, FOTOGRAFIA , OBJETO_ID ) values (26, null, 68);
insert into FOTOGRAFIA_OBJETO (FOTOGRAFIA_OBJETO_ID, FOTOGRAFIA , OBJETO_ID ) values (27, null, 73);
insert into FOTOGRAFIA_OBJETO (FOTOGRAFIA_OBJETO_ID, FOTOGRAFIA , OBJETO_ID ) values (28, null, 194);
insert into FOTOGRAFIA_OBJETO (FOTOGRAFIA_OBJETO_ID, FOTOGRAFIA , OBJETO_ID ) values (29, null, 50);
insert into FOTOGRAFIA_OBJETO (FOTOGRAFIA_OBJETO_ID, FOTOGRAFIA , OBJETO_ID ) values (30, null, 172);
insert into FOTOGRAFIA_OBJETO (FOTOGRAFIA_OBJETO_ID, FOTOGRAFIA , OBJETO_ID ) values (31, null, 121);
insert into FOTOGRAFIA_OBJETO (FOTOGRAFIA_OBJETO_ID, FOTOGRAFIA , OBJETO_ID ) values (32, null, 112);
insert into FOTOGRAFIA_OBJETO (FOTOGRAFIA_OBJETO_ID, FOTOGRAFIA , OBJETO_ID ) values (33, null, 94);
insert into FOTOGRAFIA_OBJETO (FOTOGRAFIA_OBJETO_ID, FOTOGRAFIA , OBJETO_ID ) values (34, null, 136);
insert into FOTOGRAFIA_OBJETO (FOTOGRAFIA_OBJETO_ID, FOTOGRAFIA , OBJETO_ID ) values (35, null, 51);
insert into FOTOGRAFIA_OBJETO (FOTOGRAFIA_OBJETO_ID, FOTOGRAFIA , OBJETO_ID ) values (36, null, 164);
insert into FOTOGRAFIA_OBJETO (FOTOGRAFIA_OBJETO_ID, FOTOGRAFIA , OBJETO_ID ) values (37, null, 22);
insert into FOTOGRAFIA_OBJETO (FOTOGRAFIA_OBJETO_ID, FOTOGRAFIA , OBJETO_ID ) values (38, null, 149);
insert into FOTOGRAFIA_OBJETO (FOTOGRAFIA_OBJETO_ID, FOTOGRAFIA , OBJETO_ID ) values (39, null, 42);
insert into FOTOGRAFIA_OBJETO (FOTOGRAFIA_OBJETO_ID, FOTOGRAFIA , OBJETO_ID ) values (40, null, 85);
insert into FOTOGRAFIA_OBJETO (FOTOGRAFIA_OBJETO_ID, FOTOGRAFIA , OBJETO_ID ) values (41, null, 85);
insert into FOTOGRAFIA_OBJETO (FOTOGRAFIA_OBJETO_ID, FOTOGRAFIA , OBJETO_ID ) values (42, null, 182);
insert into FOTOGRAFIA_OBJETO (FOTOGRAFIA_OBJETO_ID, FOTOGRAFIA , OBJETO_ID ) values (43, null, 72);
insert into FOTOGRAFIA_OBJETO (FOTOGRAFIA_OBJETO_ID, FOTOGRAFIA , OBJETO_ID ) values (44, null, 115);
insert into FOTOGRAFIA_OBJETO (FOTOGRAFIA_OBJETO_ID, FOTOGRAFIA , OBJETO_ID ) values (45, null, 95);
insert into FOTOGRAFIA_OBJETO (FOTOGRAFIA_OBJETO_ID, FOTOGRAFIA , OBJETO_ID ) values (46, null, 196);
insert into FOTOGRAFIA_OBJETO (FOTOGRAFIA_OBJETO_ID, FOTOGRAFIA , OBJETO_ID ) values (47, null, 161);
insert into FOTOGRAFIA_OBJETO (FOTOGRAFIA_OBJETO_ID, FOTOGRAFIA , OBJETO_ID ) values (48, null, 90);
insert into FOTOGRAFIA_OBJETO (FOTOGRAFIA_OBJETO_ID, FOTOGRAFIA , OBJETO_ID ) values (49, null, 21);
insert into FOTOGRAFIA_OBJETO (FOTOGRAFIA_OBJETO_ID, FOTOGRAFIA , OBJETO_ID ) values (50, null, 191);
insert into FOTOGRAFIA_OBJETO (FOTOGRAFIA_OBJETO_ID, FOTOGRAFIA , OBJETO_ID ) values (51, null, 155);
insert into FOTOGRAFIA_OBJETO (FOTOGRAFIA_OBJETO_ID, FOTOGRAFIA , OBJETO_ID ) values (52, null, 13);
insert into FOTOGRAFIA_OBJETO (FOTOGRAFIA_OBJETO_ID, FOTOGRAFIA , OBJETO_ID ) values (53, null, 55);
insert into FOTOGRAFIA_OBJETO (FOTOGRAFIA_OBJETO_ID, FOTOGRAFIA , OBJETO_ID ) values (54, null, 75);
insert into FOTOGRAFIA_OBJETO (FOTOGRAFIA_OBJETO_ID, FOTOGRAFIA , OBJETO_ID ) values (55, null, 109);
insert into FOTOGRAFIA_OBJETO (FOTOGRAFIA_OBJETO_ID, FOTOGRAFIA , OBJETO_ID ) values (56, null, 131);
insert into FOTOGRAFIA_OBJETO (FOTOGRAFIA_OBJETO_ID, FOTOGRAFIA , OBJETO_ID ) values (57, null, 94);
insert into FOTOGRAFIA_OBJETO (FOTOGRAFIA_OBJETO_ID, FOTOGRAFIA , OBJETO_ID ) values (58, null, 158);
insert into FOTOGRAFIA_OBJETO (FOTOGRAFIA_OBJETO_ID, FOTOGRAFIA , OBJETO_ID ) values (59, null, 8);
insert into FOTOGRAFIA_OBJETO (FOTOGRAFIA_OBJETO_ID, FOTOGRAFIA , OBJETO_ID ) values (60, null, 54);
insert into FOTOGRAFIA_OBJETO (FOTOGRAFIA_OBJETO_ID, FOTOGRAFIA , OBJETO_ID ) values (61, null, 29);
insert into FOTOGRAFIA_OBJETO (FOTOGRAFIA_OBJETO_ID, FOTOGRAFIA , OBJETO_ID ) values (62, null, 61);
insert into FOTOGRAFIA_OBJETO (FOTOGRAFIA_OBJETO_ID, FOTOGRAFIA , OBJETO_ID ) values (63, null, 87);
insert into FOTOGRAFIA_OBJETO (FOTOGRAFIA_OBJETO_ID, FOTOGRAFIA , OBJETO_ID ) values (64, null, 167);
insert into FOTOGRAFIA_OBJETO (FOTOGRAFIA_OBJETO_ID, FOTOGRAFIA , OBJETO_ID ) values (65, null, 25);
insert into FOTOGRAFIA_OBJETO (FOTOGRAFIA_OBJETO_ID, FOTOGRAFIA , OBJETO_ID ) values (66, null, 181);
insert into FOTOGRAFIA_OBJETO (FOTOGRAFIA_OBJETO_ID, FOTOGRAFIA , OBJETO_ID ) values (67, null, 194);
insert into FOTOGRAFIA_OBJETO (FOTOGRAFIA_OBJETO_ID, FOTOGRAFIA , OBJETO_ID ) values (68, null, 74);
insert into FOTOGRAFIA_OBJETO (FOTOGRAFIA_OBJETO_ID, FOTOGRAFIA , OBJETO_ID ) values (69, null, 94);
insert into FOTOGRAFIA_OBJETO (FOTOGRAFIA_OBJETO_ID, FOTOGRAFIA , OBJETO_ID ) values (70, null, 167);
insert into FOTOGRAFIA_OBJETO (FOTOGRAFIA_OBJETO_ID, FOTOGRAFIA , OBJETO_ID ) values (71, null, 198);
insert into FOTOGRAFIA_OBJETO (FOTOGRAFIA_OBJETO_ID, FOTOGRAFIA , OBJETO_ID ) values (72, null, 197);
insert into FOTOGRAFIA_OBJETO (FOTOGRAFIA_OBJETO_ID, FOTOGRAFIA , OBJETO_ID ) values (73, null, 156);
insert into FOTOGRAFIA_OBJETO (FOTOGRAFIA_OBJETO_ID, FOTOGRAFIA , OBJETO_ID ) values (74, null, 23);
insert into FOTOGRAFIA_OBJETO (FOTOGRAFIA_OBJETO_ID, FOTOGRAFIA , OBJETO_ID ) values (75, null, 103);
insert into FOTOGRAFIA_OBJETO (FOTOGRAFIA_OBJETO_ID, FOTOGRAFIA , OBJETO_ID ) values (76, null, 13);
insert into FOTOGRAFIA_OBJETO (FOTOGRAFIA_OBJETO_ID, FOTOGRAFIA , OBJETO_ID ) values (77, null, 17);
insert into FOTOGRAFIA_OBJETO (FOTOGRAFIA_OBJETO_ID, FOTOGRAFIA , OBJETO_ID ) values (78, null, 88);
insert into FOTOGRAFIA_OBJETO (FOTOGRAFIA_OBJETO_ID, FOTOGRAFIA , OBJETO_ID ) values (79, null, 65);
insert into FOTOGRAFIA_OBJETO (FOTOGRAFIA_OBJETO_ID, FOTOGRAFIA , OBJETO_ID ) values (80, null, 107);
insert into FOTOGRAFIA_OBJETO (FOTOGRAFIA_OBJETO_ID, FOTOGRAFIA , OBJETO_ID ) values (81, null, 35);
insert into FOTOGRAFIA_OBJETO (FOTOGRAFIA_OBJETO_ID, FOTOGRAFIA , OBJETO_ID ) values (82, null, 118);
insert into FOTOGRAFIA_OBJETO (FOTOGRAFIA_OBJETO_ID, FOTOGRAFIA , OBJETO_ID ) values (83, null, 69);
insert into FOTOGRAFIA_OBJETO (FOTOGRAFIA_OBJETO_ID, FOTOGRAFIA , OBJETO_ID ) values (84, null, 197);
insert into FOTOGRAFIA_OBJETO (FOTOGRAFIA_OBJETO_ID, FOTOGRAFIA , OBJETO_ID ) values (85, null, 90);
insert into FOTOGRAFIA_OBJETO (FOTOGRAFIA_OBJETO_ID, FOTOGRAFIA , OBJETO_ID ) values (86, null, 86);
insert into FOTOGRAFIA_OBJETO (FOTOGRAFIA_OBJETO_ID, FOTOGRAFIA , OBJETO_ID ) values (87, null, 180);
insert into FOTOGRAFIA_OBJETO (FOTOGRAFIA_OBJETO_ID, FOTOGRAFIA , OBJETO_ID ) values (88, null, 139);
insert into FOTOGRAFIA_OBJETO (FOTOGRAFIA_OBJETO_ID, FOTOGRAFIA , OBJETO_ID ) values (89, null, 5);
insert into FOTOGRAFIA_OBJETO (FOTOGRAFIA_OBJETO_ID, FOTOGRAFIA , OBJETO_ID ) values (90, null, 67);
insert into FOTOGRAFIA_OBJETO (FOTOGRAFIA_OBJETO_ID, FOTOGRAFIA , OBJETO_ID ) values (91, null, 19);
insert into FOTOGRAFIA_OBJETO (FOTOGRAFIA_OBJETO_ID, FOTOGRAFIA , OBJETO_ID ) values (92, null, 38);
insert into FOTOGRAFIA_OBJETO (FOTOGRAFIA_OBJETO_ID, FOTOGRAFIA , OBJETO_ID ) values (93, null, 70);
insert into FOTOGRAFIA_OBJETO (FOTOGRAFIA_OBJETO_ID, FOTOGRAFIA , OBJETO_ID ) values (94, null, 70);
insert into FOTOGRAFIA_OBJETO (FOTOGRAFIA_OBJETO_ID, FOTOGRAFIA , OBJETO_ID ) values (95, null, 85);
insert into FOTOGRAFIA_OBJETO (FOTOGRAFIA_OBJETO_ID, FOTOGRAFIA , OBJETO_ID ) values (96, null, 10);
insert into FOTOGRAFIA_OBJETO (FOTOGRAFIA_OBJETO_ID, FOTOGRAFIA , OBJETO_ID ) values (97, null, 41);
insert into FOTOGRAFIA_OBJETO (FOTOGRAFIA_OBJETO_ID, FOTOGRAFIA , OBJETO_ID ) values (98, null, 52);
insert into FOTOGRAFIA_OBJETO (FOTOGRAFIA_OBJETO_ID, FOTOGRAFIA , OBJETO_ID ) values (99, null, 194);
insert into FOTOGRAFIA_OBJETO (FOTOGRAFIA_OBJETO_ID, FOTOGRAFIA , OBJETO_ID ) values (100, null, 67);
insert into FOTOGRAFIA_OBJETO (FOTOGRAFIA_OBJETO_ID, FOTOGRAFIA , OBJETO_ID ) values (101, null, 74);
insert into FOTOGRAFIA_OBJETO (FOTOGRAFIA_OBJETO_ID, FOTOGRAFIA , OBJETO_ID ) values (102, null, 168);
insert into FOTOGRAFIA_OBJETO (FOTOGRAFIA_OBJETO_ID, FOTOGRAFIA , OBJETO_ID ) values (103, null, 1);
insert into FOTOGRAFIA_OBJETO (FOTOGRAFIA_OBJETO_ID, FOTOGRAFIA , OBJETO_ID ) values (104, null, 61);
insert into FOTOGRAFIA_OBJETO (FOTOGRAFIA_OBJETO_ID, FOTOGRAFIA , OBJETO_ID ) values (105, null, 105);
insert into FOTOGRAFIA_OBJETO (FOTOGRAFIA_OBJETO_ID, FOTOGRAFIA , OBJETO_ID ) values (106, null, 164);
insert into FOTOGRAFIA_OBJETO (FOTOGRAFIA_OBJETO_ID, FOTOGRAFIA , OBJETO_ID ) values (107, null, 64);
insert into FOTOGRAFIA_OBJETO (FOTOGRAFIA_OBJETO_ID, FOTOGRAFIA , OBJETO_ID ) values (108, null, 126);
insert into FOTOGRAFIA_OBJETO (FOTOGRAFIA_OBJETO_ID, FOTOGRAFIA , OBJETO_ID ) values (109, null, 187);
insert into FOTOGRAFIA_OBJETO (FOTOGRAFIA_OBJETO_ID, FOTOGRAFIA , OBJETO_ID ) values (110, null, 139);
insert into FOTOGRAFIA_OBJETO (FOTOGRAFIA_OBJETO_ID, FOTOGRAFIA , OBJETO_ID ) values (111, null, 50);
insert into FOTOGRAFIA_OBJETO (FOTOGRAFIA_OBJETO_ID, FOTOGRAFIA , OBJETO_ID ) values (112, null, 186);
insert into FOTOGRAFIA_OBJETO (FOTOGRAFIA_OBJETO_ID, FOTOGRAFIA , OBJETO_ID ) values (113, null, 45);
insert into FOTOGRAFIA_OBJETO (FOTOGRAFIA_OBJETO_ID, FOTOGRAFIA , OBJETO_ID ) values (114, null, 26);
insert into FOTOGRAFIA_OBJETO (FOTOGRAFIA_OBJETO_ID, FOTOGRAFIA , OBJETO_ID ) values (115, null, 49);
insert into FOTOGRAFIA_OBJETO (FOTOGRAFIA_OBJETO_ID, FOTOGRAFIA , OBJETO_ID ) values (116, null, 55);
insert into FOTOGRAFIA_OBJETO (FOTOGRAFIA_OBJETO_ID, FOTOGRAFIA , OBJETO_ID ) values (117, null, 145);
insert into FOTOGRAFIA_OBJETO (FOTOGRAFIA_OBJETO_ID, FOTOGRAFIA , OBJETO_ID ) values (118, null, 109);
insert into FOTOGRAFIA_OBJETO (FOTOGRAFIA_OBJETO_ID, FOTOGRAFIA , OBJETO_ID ) values (119, null, 112);
insert into FOTOGRAFIA_OBJETO (FOTOGRAFIA_OBJETO_ID, FOTOGRAFIA , OBJETO_ID ) values (120, null, 139);
insert into FOTOGRAFIA_OBJETO (FOTOGRAFIA_OBJETO_ID, FOTOGRAFIA , OBJETO_ID ) values (121, null, 10);
insert into FOTOGRAFIA_OBJETO (FOTOGRAFIA_OBJETO_ID, FOTOGRAFIA , OBJETO_ID ) values (122, null, 17);
insert into FOTOGRAFIA_OBJETO (FOTOGRAFIA_OBJETO_ID, FOTOGRAFIA , OBJETO_ID ) values (123, null, 106);
insert into FOTOGRAFIA_OBJETO (FOTOGRAFIA_OBJETO_ID, FOTOGRAFIA , OBJETO_ID ) values (124, null, 138);
insert into FOTOGRAFIA_OBJETO (FOTOGRAFIA_OBJETO_ID, FOTOGRAFIA , OBJETO_ID ) values (125, null, 49);
insert into FOTOGRAFIA_OBJETO (FOTOGRAFIA_OBJETO_ID, FOTOGRAFIA , OBJETO_ID ) values (126, null, 156);
insert into FOTOGRAFIA_OBJETO (FOTOGRAFIA_OBJETO_ID, FOTOGRAFIA , OBJETO_ID ) values (127, null, 119);
insert into FOTOGRAFIA_OBJETO (FOTOGRAFIA_OBJETO_ID, FOTOGRAFIA , OBJETO_ID ) values (128, null, 192);
insert into FOTOGRAFIA_OBJETO (FOTOGRAFIA_OBJETO_ID, FOTOGRAFIA , OBJETO_ID ) values (129, null, 197);
insert into FOTOGRAFIA_OBJETO (FOTOGRAFIA_OBJETO_ID, FOTOGRAFIA , OBJETO_ID ) values (130, null, 8);
insert into FOTOGRAFIA_OBJETO (FOTOGRAFIA_OBJETO_ID, FOTOGRAFIA , OBJETO_ID ) values (131, null, 51);
insert into FOTOGRAFIA_OBJETO (FOTOGRAFIA_OBJETO_ID, FOTOGRAFIA , OBJETO_ID ) values (132, null, 111);
insert into FOTOGRAFIA_OBJETO (FOTOGRAFIA_OBJETO_ID, FOTOGRAFIA , OBJETO_ID ) values (133, null, 105);
insert into FOTOGRAFIA_OBJETO (FOTOGRAFIA_OBJETO_ID, FOTOGRAFIA , OBJETO_ID ) values (134, null, 102);
insert into FOTOGRAFIA_OBJETO (FOTOGRAFIA_OBJETO_ID, FOTOGRAFIA , OBJETO_ID ) values (135, null, 170);
insert into FOTOGRAFIA_OBJETO (FOTOGRAFIA_OBJETO_ID, FOTOGRAFIA , OBJETO_ID ) values (136, null, 48);
insert into FOTOGRAFIA_OBJETO (FOTOGRAFIA_OBJETO_ID, FOTOGRAFIA , OBJETO_ID ) values (137, null, 115);
insert into FOTOGRAFIA_OBJETO (FOTOGRAFIA_OBJETO_ID, FOTOGRAFIA , OBJETO_ID ) values (138, null, 118);
insert into FOTOGRAFIA_OBJETO (FOTOGRAFIA_OBJETO_ID, FOTOGRAFIA , OBJETO_ID ) values (139, null, 30);
insert into FOTOGRAFIA_OBJETO (FOTOGRAFIA_OBJETO_ID, FOTOGRAFIA , OBJETO_ID ) values (140, null, 73);
insert into FOTOGRAFIA_OBJETO (FOTOGRAFIA_OBJETO_ID, FOTOGRAFIA , OBJETO_ID ) values (141, null, 140);
insert into FOTOGRAFIA_OBJETO (FOTOGRAFIA_OBJETO_ID, FOTOGRAFIA , OBJETO_ID ) values (142, null, 143);
insert into FOTOGRAFIA_OBJETO (FOTOGRAFIA_OBJETO_ID, FOTOGRAFIA , OBJETO_ID ) values (143, null, 185);
insert into FOTOGRAFIA_OBJETO (FOTOGRAFIA_OBJETO_ID, FOTOGRAFIA , OBJETO_ID ) values (144, null, 178);
insert into FOTOGRAFIA_OBJETO (FOTOGRAFIA_OBJETO_ID, FOTOGRAFIA , OBJETO_ID ) values (145, null, 20);
insert into FOTOGRAFIA_OBJETO (FOTOGRAFIA_OBJETO_ID, FOTOGRAFIA , OBJETO_ID ) values (146, null, 38);
insert into FOTOGRAFIA_OBJETO (FOTOGRAFIA_OBJETO_ID, FOTOGRAFIA , OBJETO_ID ) values (147, null, 50);
insert into FOTOGRAFIA_OBJETO (FOTOGRAFIA_OBJETO_ID, FOTOGRAFIA , OBJETO_ID ) values (148, null, 121);
insert into FOTOGRAFIA_OBJETO (FOTOGRAFIA_OBJETO_ID, FOTOGRAFIA , OBJETO_ID ) values (149, null, 110);
insert into FOTOGRAFIA_OBJETO (FOTOGRAFIA_OBJETO_ID, FOTOGRAFIA , OBJETO_ID ) values (150, null, 58);
insert into FOTOGRAFIA_OBJETO (FOTOGRAFIA_OBJETO_ID, FOTOGRAFIA , OBJETO_ID ) values (151, null, 157);
insert into FOTOGRAFIA_OBJETO (FOTOGRAFIA_OBJETO_ID, FOTOGRAFIA , OBJETO_ID ) values (152, null, 24);
insert into FOTOGRAFIA_OBJETO (FOTOGRAFIA_OBJETO_ID, FOTOGRAFIA , OBJETO_ID ) values (153, null, 190);
insert into FOTOGRAFIA_OBJETO (FOTOGRAFIA_OBJETO_ID, FOTOGRAFIA , OBJETO_ID ) values (154, null, 164);
insert into FOTOGRAFIA_OBJETO (FOTOGRAFIA_OBJETO_ID, FOTOGRAFIA , OBJETO_ID ) values (155, null, 145);
insert into FOTOGRAFIA_OBJETO (FOTOGRAFIA_OBJETO_ID, FOTOGRAFIA , OBJETO_ID ) values (156, null, 7);
insert into FOTOGRAFIA_OBJETO (FOTOGRAFIA_OBJETO_ID, FOTOGRAFIA , OBJETO_ID ) values (157, null, 19);
insert into FOTOGRAFIA_OBJETO (FOTOGRAFIA_OBJETO_ID, FOTOGRAFIA , OBJETO_ID ) values (158, null, 109);
insert into FOTOGRAFIA_OBJETO (FOTOGRAFIA_OBJETO_ID, FOTOGRAFIA , OBJETO_ID ) values (159, null, 132);
insert into FOTOGRAFIA_OBJETO (FOTOGRAFIA_OBJETO_ID, FOTOGRAFIA , OBJETO_ID ) values (160, null, 106);
insert into FOTOGRAFIA_OBJETO (FOTOGRAFIA_OBJETO_ID, FOTOGRAFIA , OBJETO_ID ) values (161, null, 117);
insert into FOTOGRAFIA_OBJETO (FOTOGRAFIA_OBJETO_ID, FOTOGRAFIA , OBJETO_ID ) values (162, null, 147);
insert into FOTOGRAFIA_OBJETO (FOTOGRAFIA_OBJETO_ID, FOTOGRAFIA , OBJETO_ID ) values (163, null, 97);
insert into FOTOGRAFIA_OBJETO (FOTOGRAFIA_OBJETO_ID, FOTOGRAFIA , OBJETO_ID ) values (164, null, 163);
insert into FOTOGRAFIA_OBJETO (FOTOGRAFIA_OBJETO_ID, FOTOGRAFIA , OBJETO_ID ) values (165, null, 101);
insert into FOTOGRAFIA_OBJETO (FOTOGRAFIA_OBJETO_ID, FOTOGRAFIA , OBJETO_ID ) values (166, null, 67);
insert into FOTOGRAFIA_OBJETO (FOTOGRAFIA_OBJETO_ID, FOTOGRAFIA , OBJETO_ID ) values (167, null, 145);
insert into FOTOGRAFIA_OBJETO (FOTOGRAFIA_OBJETO_ID, FOTOGRAFIA , OBJETO_ID ) values (168, null, 148);
insert into FOTOGRAFIA_OBJETO (FOTOGRAFIA_OBJETO_ID, FOTOGRAFIA , OBJETO_ID ) values (169, null, 67);
insert into FOTOGRAFIA_OBJETO (FOTOGRAFIA_OBJETO_ID, FOTOGRAFIA , OBJETO_ID ) values (170, null, 183);
insert into FOTOGRAFIA_OBJETO (FOTOGRAFIA_OBJETO_ID, FOTOGRAFIA , OBJETO_ID ) values (171, null, 96);
insert into FOTOGRAFIA_OBJETO (FOTOGRAFIA_OBJETO_ID, FOTOGRAFIA , OBJETO_ID ) values (172, null, 53);
insert into FOTOGRAFIA_OBJETO (FOTOGRAFIA_OBJETO_ID, FOTOGRAFIA , OBJETO_ID ) values (173, null, 191);
insert into FOTOGRAFIA_OBJETO (FOTOGRAFIA_OBJETO_ID, FOTOGRAFIA , OBJETO_ID ) values (174, null, 182);
insert into FOTOGRAFIA_OBJETO (FOTOGRAFIA_OBJETO_ID, FOTOGRAFIA , OBJETO_ID ) values (175, null, 120);
insert into FOTOGRAFIA_OBJETO (FOTOGRAFIA_OBJETO_ID, FOTOGRAFIA , OBJETO_ID ) values (176, null, 121);
insert into FOTOGRAFIA_OBJETO (FOTOGRAFIA_OBJETO_ID, FOTOGRAFIA , OBJETO_ID ) values (177, null, 162);
insert into FOTOGRAFIA_OBJETO (FOTOGRAFIA_OBJETO_ID, FOTOGRAFIA , OBJETO_ID ) values (178, null, 52);
insert into FOTOGRAFIA_OBJETO (FOTOGRAFIA_OBJETO_ID, FOTOGRAFIA , OBJETO_ID ) values (179, null, 48);
insert into FOTOGRAFIA_OBJETO (FOTOGRAFIA_OBJETO_ID, FOTOGRAFIA , OBJETO_ID ) values (180, null, 119);
insert into FOTOGRAFIA_OBJETO (FOTOGRAFIA_OBJETO_ID, FOTOGRAFIA , OBJETO_ID ) values (181, null, 99);
insert into FOTOGRAFIA_OBJETO (FOTOGRAFIA_OBJETO_ID, FOTOGRAFIA , OBJETO_ID ) values (182, null, 125);
insert into FOTOGRAFIA_OBJETO (FOTOGRAFIA_OBJETO_ID, FOTOGRAFIA , OBJETO_ID ) values (183, null, 166);
insert into FOTOGRAFIA_OBJETO (FOTOGRAFIA_OBJETO_ID, FOTOGRAFIA , OBJETO_ID ) values (184, null, 122);
insert into FOTOGRAFIA_OBJETO (FOTOGRAFIA_OBJETO_ID, FOTOGRAFIA , OBJETO_ID ) values (185, null, 27);
insert into FOTOGRAFIA_OBJETO (FOTOGRAFIA_OBJETO_ID, FOTOGRAFIA , OBJETO_ID ) values (186, null, 192);
insert into FOTOGRAFIA_OBJETO (FOTOGRAFIA_OBJETO_ID, FOTOGRAFIA , OBJETO_ID ) values (187, null, 181);
insert into FOTOGRAFIA_OBJETO (FOTOGRAFIA_OBJETO_ID, FOTOGRAFIA , OBJETO_ID ) values (188, null, 141);
insert into FOTOGRAFIA_OBJETO (FOTOGRAFIA_OBJETO_ID, FOTOGRAFIA , OBJETO_ID ) values (189, null, 44);
insert into FOTOGRAFIA_OBJETO (FOTOGRAFIA_OBJETO_ID, FOTOGRAFIA , OBJETO_ID ) values (190, null, 102);
insert into FOTOGRAFIA_OBJETO (FOTOGRAFIA_OBJETO_ID, FOTOGRAFIA , OBJETO_ID ) values (191, null, 46);
insert into FOTOGRAFIA_OBJETO (FOTOGRAFIA_OBJETO_ID, FOTOGRAFIA , OBJETO_ID ) values (192, null, 30);
insert into FOTOGRAFIA_OBJETO (FOTOGRAFIA_OBJETO_ID, FOTOGRAFIA , OBJETO_ID ) values (193, null, 188);
insert into FOTOGRAFIA_OBJETO (FOTOGRAFIA_OBJETO_ID, FOTOGRAFIA , OBJETO_ID ) values (194, null, 184);
insert into FOTOGRAFIA_OBJETO (FOTOGRAFIA_OBJETO_ID, FOTOGRAFIA , OBJETO_ID ) values (195, null, 173);
insert into FOTOGRAFIA_OBJETO (FOTOGRAFIA_OBJETO_ID, FOTOGRAFIA , OBJETO_ID ) values (196, null, 82);
insert into FOTOGRAFIA_OBJETO (FOTOGRAFIA_OBJETO_ID, FOTOGRAFIA , OBJETO_ID ) values (197, null, 142);
insert into FOTOGRAFIA_OBJETO (FOTOGRAFIA_OBJETO_ID, FOTOGRAFIA , OBJETO_ID ) values (198, null, 126);
insert into FOTOGRAFIA_OBJETO (FOTOGRAFIA_OBJETO_ID, FOTOGRAFIA , OBJETO_ID ) values (199, null, 125);
insert into FOTOGRAFIA_OBJETO (FOTOGRAFIA_OBJETO_ID, FOTOGRAFIA , OBJETO_ID ) values (200, null, 199);
insert into FOTOGRAFIA_OBJETO (FOTOGRAFIA_OBJETO_ID, FOTOGRAFIA , OBJETO_ID ) values (201, null, 10);
insert into FOTOGRAFIA_OBJETO (FOTOGRAFIA_OBJETO_ID, FOTOGRAFIA , OBJETO_ID ) values (202, null, 39);
insert into FOTOGRAFIA_OBJETO (FOTOGRAFIA_OBJETO_ID, FOTOGRAFIA , OBJETO_ID ) values (203, null, 26);
insert into FOTOGRAFIA_OBJETO (FOTOGRAFIA_OBJETO_ID, FOTOGRAFIA , OBJETO_ID ) values (204, null, 91);
insert into FOTOGRAFIA_OBJETO (FOTOGRAFIA_OBJETO_ID, FOTOGRAFIA , OBJETO_ID ) values (205, null, 198);
insert into FOTOGRAFIA_OBJETO (FOTOGRAFIA_OBJETO_ID, FOTOGRAFIA , OBJETO_ID ) values (206, null, 89);
insert into FOTOGRAFIA_OBJETO (FOTOGRAFIA_OBJETO_ID, FOTOGRAFIA , OBJETO_ID ) values (207, null, 76);
insert into FOTOGRAFIA_OBJETO (FOTOGRAFIA_OBJETO_ID, FOTOGRAFIA , OBJETO_ID ) values (208, null, 176);
insert into FOTOGRAFIA_OBJETO (FOTOGRAFIA_OBJETO_ID, FOTOGRAFIA , OBJETO_ID ) values (209, null, 102);
insert into FOTOGRAFIA_OBJETO (FOTOGRAFIA_OBJETO_ID, FOTOGRAFIA , OBJETO_ID ) values (210, null, 149);
insert into FOTOGRAFIA_OBJETO (FOTOGRAFIA_OBJETO_ID, FOTOGRAFIA , OBJETO_ID ) values (211, null, 51);
insert into FOTOGRAFIA_OBJETO (FOTOGRAFIA_OBJETO_ID, FOTOGRAFIA , OBJETO_ID ) values (212, null, 3);
insert into FOTOGRAFIA_OBJETO (FOTOGRAFIA_OBJETO_ID, FOTOGRAFIA , OBJETO_ID ) values (213, null, 12);
insert into FOTOGRAFIA_OBJETO (FOTOGRAFIA_OBJETO_ID, FOTOGRAFIA , OBJETO_ID ) values (214, null, 179);
insert into FOTOGRAFIA_OBJETO (FOTOGRAFIA_OBJETO_ID, FOTOGRAFIA , OBJETO_ID ) values (215, null, 154);
insert into FOTOGRAFIA_OBJETO (FOTOGRAFIA_OBJETO_ID, FOTOGRAFIA , OBJETO_ID ) values (216, null, 170);
insert into FOTOGRAFIA_OBJETO (FOTOGRAFIA_OBJETO_ID, FOTOGRAFIA , OBJETO_ID ) values (217, null, 34);
insert into FOTOGRAFIA_OBJETO (FOTOGRAFIA_OBJETO_ID, FOTOGRAFIA , OBJETO_ID ) values (218, null, 25);
insert into FOTOGRAFIA_OBJETO (FOTOGRAFIA_OBJETO_ID, FOTOGRAFIA , OBJETO_ID ) values (219, null, 97);
insert into FOTOGRAFIA_OBJETO (FOTOGRAFIA_OBJETO_ID, FOTOGRAFIA , OBJETO_ID ) values (220, null, 16);
insert into FOTOGRAFIA_OBJETO (FOTOGRAFIA_OBJETO_ID, FOTOGRAFIA , OBJETO_ID ) values (221, null, 57);
insert into FOTOGRAFIA_OBJETO (FOTOGRAFIA_OBJETO_ID, FOTOGRAFIA , OBJETO_ID ) values (222, null, 34);
insert into FOTOGRAFIA_OBJETO (FOTOGRAFIA_OBJETO_ID, FOTOGRAFIA , OBJETO_ID ) values (223, null, 25);
insert into FOTOGRAFIA_OBJETO (FOTOGRAFIA_OBJETO_ID, FOTOGRAFIA , OBJETO_ID ) values (224, null, 163);
insert into FOTOGRAFIA_OBJETO (FOTOGRAFIA_OBJETO_ID, FOTOGRAFIA , OBJETO_ID ) values (225, null, 52);
insert into FOTOGRAFIA_OBJETO (FOTOGRAFIA_OBJETO_ID, FOTOGRAFIA , OBJETO_ID ) values (226, null, 93);
insert into FOTOGRAFIA_OBJETO (FOTOGRAFIA_OBJETO_ID, FOTOGRAFIA , OBJETO_ID ) values (227, null, 181);
insert into FOTOGRAFIA_OBJETO (FOTOGRAFIA_OBJETO_ID, FOTOGRAFIA , OBJETO_ID ) values (228, null, 43);
insert into FOTOGRAFIA_OBJETO (FOTOGRAFIA_OBJETO_ID, FOTOGRAFIA , OBJETO_ID ) values (229, null, 86);
insert into FOTOGRAFIA_OBJETO (FOTOGRAFIA_OBJETO_ID, FOTOGRAFIA , OBJETO_ID ) values (230, null, 84);
insert into FOTOGRAFIA_OBJETO (FOTOGRAFIA_OBJETO_ID, FOTOGRAFIA , OBJETO_ID ) values (231, null, 97);
insert into FOTOGRAFIA_OBJETO (FOTOGRAFIA_OBJETO_ID, FOTOGRAFIA , OBJETO_ID ) values (232, null, 155);
insert into FOTOGRAFIA_OBJETO (FOTOGRAFIA_OBJETO_ID, FOTOGRAFIA , OBJETO_ID ) values (233, null, 185);
insert into FOTOGRAFIA_OBJETO (FOTOGRAFIA_OBJETO_ID, FOTOGRAFIA , OBJETO_ID ) values (234, null, 27);
insert into FOTOGRAFIA_OBJETO (FOTOGRAFIA_OBJETO_ID, FOTOGRAFIA , OBJETO_ID ) values (235, null, 162);
insert into FOTOGRAFIA_OBJETO (FOTOGRAFIA_OBJETO_ID, FOTOGRAFIA , OBJETO_ID ) values (236, null, 43);
insert into FOTOGRAFIA_OBJETO (FOTOGRAFIA_OBJETO_ID, FOTOGRAFIA , OBJETO_ID ) values (237, null, 92);
insert into FOTOGRAFIA_OBJETO (FOTOGRAFIA_OBJETO_ID, FOTOGRAFIA , OBJETO_ID ) values (238, null, 15);
insert into FOTOGRAFIA_OBJETO (FOTOGRAFIA_OBJETO_ID, FOTOGRAFIA , OBJETO_ID ) values (239, null, 188);
insert into FOTOGRAFIA_OBJETO (FOTOGRAFIA_OBJETO_ID, FOTOGRAFIA , OBJETO_ID ) values (240, null, 6);
insert into FOTOGRAFIA_OBJETO (FOTOGRAFIA_OBJETO_ID, FOTOGRAFIA , OBJETO_ID ) values (241, null, 166);
insert into FOTOGRAFIA_OBJETO (FOTOGRAFIA_OBJETO_ID, FOTOGRAFIA , OBJETO_ID ) values (242, null, 153);
insert into FOTOGRAFIA_OBJETO (FOTOGRAFIA_OBJETO_ID, FOTOGRAFIA , OBJETO_ID ) values (243, null, 180);
insert into FOTOGRAFIA_OBJETO (FOTOGRAFIA_OBJETO_ID, FOTOGRAFIA , OBJETO_ID ) values (244, null, 164);
insert into FOTOGRAFIA_OBJETO (FOTOGRAFIA_OBJETO_ID, FOTOGRAFIA , OBJETO_ID ) values (245, null, 75);
insert into FOTOGRAFIA_OBJETO (FOTOGRAFIA_OBJETO_ID, FOTOGRAFIA , OBJETO_ID ) values (246, null, 159);
insert into FOTOGRAFIA_OBJETO (FOTOGRAFIA_OBJETO_ID, FOTOGRAFIA , OBJETO_ID ) values (247, null, 88);
insert into FOTOGRAFIA_OBJETO (FOTOGRAFIA_OBJETO_ID, FOTOGRAFIA , OBJETO_ID ) values (248, null, 61);
insert into FOTOGRAFIA_OBJETO (FOTOGRAFIA_OBJETO_ID, FOTOGRAFIA , OBJETO_ID ) values (249, null, 72);
insert into FOTOGRAFIA_OBJETO (FOTOGRAFIA_OBJETO_ID, FOTOGRAFIA , OBJETO_ID ) values (250, null, 145);
insert into FOTOGRAFIA_OBJETO (FOTOGRAFIA_OBJETO_ID, FOTOGRAFIA , OBJETO_ID ) values (251, null, 180);
insert into FOTOGRAFIA_OBJETO (FOTOGRAFIA_OBJETO_ID, FOTOGRAFIA , OBJETO_ID ) values (252, null, 117);
insert into FOTOGRAFIA_OBJETO (FOTOGRAFIA_OBJETO_ID, FOTOGRAFIA , OBJETO_ID ) values (253, null, 178);
insert into FOTOGRAFIA_OBJETO (FOTOGRAFIA_OBJETO_ID, FOTOGRAFIA , OBJETO_ID ) values (254, null, 128);
insert into FOTOGRAFIA_OBJETO (FOTOGRAFIA_OBJETO_ID, FOTOGRAFIA , OBJETO_ID ) values (255, null, 136);
insert into FOTOGRAFIA_OBJETO (FOTOGRAFIA_OBJETO_ID, FOTOGRAFIA , OBJETO_ID ) values (256, null, 91);
insert into FOTOGRAFIA_OBJETO (FOTOGRAFIA_OBJETO_ID, FOTOGRAFIA , OBJETO_ID ) values (257, null, 66);
insert into FOTOGRAFIA_OBJETO (FOTOGRAFIA_OBJETO_ID, FOTOGRAFIA , OBJETO_ID ) values (258, null, 93);
insert into FOTOGRAFIA_OBJETO (FOTOGRAFIA_OBJETO_ID, FOTOGRAFIA , OBJETO_ID ) values (259, null, 192);
insert into FOTOGRAFIA_OBJETO (FOTOGRAFIA_OBJETO_ID, FOTOGRAFIA , OBJETO_ID ) values (260, null, 125);
insert into FOTOGRAFIA_OBJETO (FOTOGRAFIA_OBJETO_ID, FOTOGRAFIA , OBJETO_ID ) values (261, null, 166);
insert into FOTOGRAFIA_OBJETO (FOTOGRAFIA_OBJETO_ID, FOTOGRAFIA , OBJETO_ID ) values (262, null, 31);
insert into FOTOGRAFIA_OBJETO (FOTOGRAFIA_OBJETO_ID, FOTOGRAFIA , OBJETO_ID ) values (263, null, 155);
insert into FOTOGRAFIA_OBJETO (FOTOGRAFIA_OBJETO_ID, FOTOGRAFIA , OBJETO_ID ) values (264, null, 127);
insert into FOTOGRAFIA_OBJETO (FOTOGRAFIA_OBJETO_ID, FOTOGRAFIA , OBJETO_ID ) values (265, null, 22);
insert into FOTOGRAFIA_OBJETO (FOTOGRAFIA_OBJETO_ID, FOTOGRAFIA , OBJETO_ID ) values (266, null, 103);
insert into FOTOGRAFIA_OBJETO (FOTOGRAFIA_OBJETO_ID, FOTOGRAFIA , OBJETO_ID ) values (267, null, 173);
insert into FOTOGRAFIA_OBJETO (FOTOGRAFIA_OBJETO_ID, FOTOGRAFIA , OBJETO_ID ) values (268, null, 68);
insert into FOTOGRAFIA_OBJETO (FOTOGRAFIA_OBJETO_ID, FOTOGRAFIA , OBJETO_ID ) values (269, null, 26);
insert into FOTOGRAFIA_OBJETO (FOTOGRAFIA_OBJETO_ID, FOTOGRAFIA , OBJETO_ID ) values (270, null, 42);
insert into FOTOGRAFIA_OBJETO (FOTOGRAFIA_OBJETO_ID, FOTOGRAFIA , OBJETO_ID ) values (271, null, 57);
insert into FOTOGRAFIA_OBJETO (FOTOGRAFIA_OBJETO_ID, FOTOGRAFIA , OBJETO_ID ) values (272, null, 12);
insert into FOTOGRAFIA_OBJETO (FOTOGRAFIA_OBJETO_ID, FOTOGRAFIA , OBJETO_ID ) values (273, null, 22);
insert into FOTOGRAFIA_OBJETO (FOTOGRAFIA_OBJETO_ID, FOTOGRAFIA , OBJETO_ID ) values (274, null, 5);
insert into FOTOGRAFIA_OBJETO (FOTOGRAFIA_OBJETO_ID, FOTOGRAFIA , OBJETO_ID ) values (275, null, 83);
insert into FOTOGRAFIA_OBJETO (FOTOGRAFIA_OBJETO_ID, FOTOGRAFIA , OBJETO_ID ) values (276, null, 11);
insert into FOTOGRAFIA_OBJETO (FOTOGRAFIA_OBJETO_ID, FOTOGRAFIA , OBJETO_ID ) values (277, null, 44);
insert into FOTOGRAFIA_OBJETO (FOTOGRAFIA_OBJETO_ID, FOTOGRAFIA , OBJETO_ID ) values (278, null, 137);
insert into FOTOGRAFIA_OBJETO (FOTOGRAFIA_OBJETO_ID, FOTOGRAFIA , OBJETO_ID ) values (279, null, 76);
insert into FOTOGRAFIA_OBJETO (FOTOGRAFIA_OBJETO_ID, FOTOGRAFIA , OBJETO_ID ) values (280, null, 74);
insert into FOTOGRAFIA_OBJETO (FOTOGRAFIA_OBJETO_ID, FOTOGRAFIA , OBJETO_ID ) values (281, null, 51);
insert into FOTOGRAFIA_OBJETO (FOTOGRAFIA_OBJETO_ID, FOTOGRAFIA , OBJETO_ID ) values (282, null, 54);
insert into FOTOGRAFIA_OBJETO (FOTOGRAFIA_OBJETO_ID, FOTOGRAFIA , OBJETO_ID ) values (283, null, 147);
insert into FOTOGRAFIA_OBJETO (FOTOGRAFIA_OBJETO_ID, FOTOGRAFIA , OBJETO_ID ) values (284, null, 36);
insert into FOTOGRAFIA_OBJETO (FOTOGRAFIA_OBJETO_ID, FOTOGRAFIA , OBJETO_ID ) values (285, null, 144);
insert into FOTOGRAFIA_OBJETO (FOTOGRAFIA_OBJETO_ID, FOTOGRAFIA , OBJETO_ID ) values (286, null, 53);
insert into FOTOGRAFIA_OBJETO (FOTOGRAFIA_OBJETO_ID, FOTOGRAFIA , OBJETO_ID ) values (287, null, 185);
insert into FOTOGRAFIA_OBJETO (FOTOGRAFIA_OBJETO_ID, FOTOGRAFIA , OBJETO_ID ) values (288, null, 161);
insert into FOTOGRAFIA_OBJETO (FOTOGRAFIA_OBJETO_ID, FOTOGRAFIA , OBJETO_ID ) values (289, null, 155);
insert into FOTOGRAFIA_OBJETO (FOTOGRAFIA_OBJETO_ID, FOTOGRAFIA , OBJETO_ID ) values (290, null, 110);
insert into FOTOGRAFIA_OBJETO (FOTOGRAFIA_OBJETO_ID, FOTOGRAFIA , OBJETO_ID ) values (291, null, 100);
insert into FOTOGRAFIA_OBJETO (FOTOGRAFIA_OBJETO_ID, FOTOGRAFIA , OBJETO_ID ) values (292, null, 94);
insert into FOTOGRAFIA_OBJETO (FOTOGRAFIA_OBJETO_ID, FOTOGRAFIA , OBJETO_ID ) values (293, null, 10);
insert into FOTOGRAFIA_OBJETO (FOTOGRAFIA_OBJETO_ID, FOTOGRAFIA , OBJETO_ID ) values (294, null, 149);
insert into FOTOGRAFIA_OBJETO (FOTOGRAFIA_OBJETO_ID, FOTOGRAFIA , OBJETO_ID ) values (295, null, 140);
insert into FOTOGRAFIA_OBJETO (FOTOGRAFIA_OBJETO_ID, FOTOGRAFIA , OBJETO_ID ) values (296, null, 3);
insert into FOTOGRAFIA_OBJETO (FOTOGRAFIA_OBJETO_ID, FOTOGRAFIA , OBJETO_ID ) values (297, null, 162);
insert into FOTOGRAFIA_OBJETO (FOTOGRAFIA_OBJETO_ID, FOTOGRAFIA , OBJETO_ID ) values (298, null, 193);
insert into FOTOGRAFIA_OBJETO (FOTOGRAFIA_OBJETO_ID, FOTOGRAFIA , OBJETO_ID ) values (299, null, 46);
insert into FOTOGRAFIA_OBJETO (FOTOGRAFIA_OBJETO_ID, FOTOGRAFIA , OBJETO_ID ) values (300, null, 43);
insert into FOTOGRAFIA_OBJETO (FOTOGRAFIA_OBJETO_ID, FOTOGRAFIA , OBJETO_ID ) values (301, null, 108);
insert into FOTOGRAFIA_OBJETO (FOTOGRAFIA_OBJETO_ID, FOTOGRAFIA , OBJETO_ID ) values (302, null, 191);
insert into FOTOGRAFIA_OBJETO (FOTOGRAFIA_OBJETO_ID, FOTOGRAFIA , OBJETO_ID ) values (303, null, 20);
insert into FOTOGRAFIA_OBJETO (FOTOGRAFIA_OBJETO_ID, FOTOGRAFIA , OBJETO_ID ) values (304, null, 96);
insert into FOTOGRAFIA_OBJETO (FOTOGRAFIA_OBJETO_ID, FOTOGRAFIA , OBJETO_ID ) values (305, null, 14);
insert into FOTOGRAFIA_OBJETO (FOTOGRAFIA_OBJETO_ID, FOTOGRAFIA , OBJETO_ID ) values (306, null, 79);
insert into FOTOGRAFIA_OBJETO (FOTOGRAFIA_OBJETO_ID, FOTOGRAFIA , OBJETO_ID ) values (307, null, 93);
insert into FOTOGRAFIA_OBJETO (FOTOGRAFIA_OBJETO_ID, FOTOGRAFIA , OBJETO_ID ) values (308, null, 126);
insert into FOTOGRAFIA_OBJETO (FOTOGRAFIA_OBJETO_ID, FOTOGRAFIA , OBJETO_ID ) values (309, null, 15);
insert into FOTOGRAFIA_OBJETO (FOTOGRAFIA_OBJETO_ID, FOTOGRAFIA , OBJETO_ID ) values (310, null, 113);
insert into FOTOGRAFIA_OBJETO (FOTOGRAFIA_OBJETO_ID, FOTOGRAFIA , OBJETO_ID ) values (311, null, 2);
insert into FOTOGRAFIA_OBJETO (FOTOGRAFIA_OBJETO_ID, FOTOGRAFIA , OBJETO_ID ) values (312, null, 161);
insert into FOTOGRAFIA_OBJETO (FOTOGRAFIA_OBJETO_ID, FOTOGRAFIA , OBJETO_ID ) values (313, null, 83);
insert into FOTOGRAFIA_OBJETO (FOTOGRAFIA_OBJETO_ID, FOTOGRAFIA , OBJETO_ID ) values (314, null, 105);
insert into FOTOGRAFIA_OBJETO (FOTOGRAFIA_OBJETO_ID, FOTOGRAFIA , OBJETO_ID ) values (315, null, 131);
insert into FOTOGRAFIA_OBJETO (FOTOGRAFIA_OBJETO_ID, FOTOGRAFIA , OBJETO_ID ) values (316, null, 132);
insert into FOTOGRAFIA_OBJETO (FOTOGRAFIA_OBJETO_ID, FOTOGRAFIA , OBJETO_ID ) values (317, null, 40);
insert into FOTOGRAFIA_OBJETO (FOTOGRAFIA_OBJETO_ID, FOTOGRAFIA , OBJETO_ID ) values (318, null, 196);
insert into FOTOGRAFIA_OBJETO (FOTOGRAFIA_OBJETO_ID, FOTOGRAFIA , OBJETO_ID ) values (319, null, 64);
insert into FOTOGRAFIA_OBJETO (FOTOGRAFIA_OBJETO_ID, FOTOGRAFIA , OBJETO_ID ) values (320, null, 186);
insert into FOTOGRAFIA_OBJETO (FOTOGRAFIA_OBJETO_ID, FOTOGRAFIA , OBJETO_ID ) values (321, null, 123);
insert into FOTOGRAFIA_OBJETO (FOTOGRAFIA_OBJETO_ID, FOTOGRAFIA , OBJETO_ID ) values (322, null, 61);
insert into FOTOGRAFIA_OBJETO (FOTOGRAFIA_OBJETO_ID, FOTOGRAFIA , OBJETO_ID ) values (323, null, 30);
insert into FOTOGRAFIA_OBJETO (FOTOGRAFIA_OBJETO_ID, FOTOGRAFIA , OBJETO_ID ) values (324, null, 126);
insert into FOTOGRAFIA_OBJETO (FOTOGRAFIA_OBJETO_ID, FOTOGRAFIA , OBJETO_ID ) values (325, null, 113);
insert into FOTOGRAFIA_OBJETO (FOTOGRAFIA_OBJETO_ID, FOTOGRAFIA , OBJETO_ID ) values (326, null, 135);
insert into FOTOGRAFIA_OBJETO (FOTOGRAFIA_OBJETO_ID, FOTOGRAFIA , OBJETO_ID ) values (327, null, 117);
insert into FOTOGRAFIA_OBJETO (FOTOGRAFIA_OBJETO_ID, FOTOGRAFIA , OBJETO_ID ) values (328, null, 18);
insert into FOTOGRAFIA_OBJETO (FOTOGRAFIA_OBJETO_ID, FOTOGRAFIA , OBJETO_ID ) values (329, null, 162);
insert into FOTOGRAFIA_OBJETO (FOTOGRAFIA_OBJETO_ID, FOTOGRAFIA , OBJETO_ID ) values (330, null, 45);
insert into FOTOGRAFIA_OBJETO (FOTOGRAFIA_OBJETO_ID, FOTOGRAFIA , OBJETO_ID ) values (331, null, 76);
insert into FOTOGRAFIA_OBJETO (FOTOGRAFIA_OBJETO_ID, FOTOGRAFIA , OBJETO_ID ) values (332, null, 141);
insert into FOTOGRAFIA_OBJETO (FOTOGRAFIA_OBJETO_ID, FOTOGRAFIA , OBJETO_ID ) values (333, null, 169);
insert into FOTOGRAFIA_OBJETO (FOTOGRAFIA_OBJETO_ID, FOTOGRAFIA , OBJETO_ID ) values (334, null, 193);
insert into FOTOGRAFIA_OBJETO (FOTOGRAFIA_OBJETO_ID, FOTOGRAFIA , OBJETO_ID ) values (335, null, 99);
insert into FOTOGRAFIA_OBJETO (FOTOGRAFIA_OBJETO_ID, FOTOGRAFIA , OBJETO_ID ) values (336, null, 170);
insert into FOTOGRAFIA_OBJETO (FOTOGRAFIA_OBJETO_ID, FOTOGRAFIA , OBJETO_ID ) values (337, null, 186);
insert into FOTOGRAFIA_OBJETO (FOTOGRAFIA_OBJETO_ID, FOTOGRAFIA , OBJETO_ID ) values (338, null, 57);
insert into FOTOGRAFIA_OBJETO (FOTOGRAFIA_OBJETO_ID, FOTOGRAFIA , OBJETO_ID ) values (339, null, 115);
insert into FOTOGRAFIA_OBJETO (FOTOGRAFIA_OBJETO_ID, FOTOGRAFIA , OBJETO_ID ) values (340, null, 55);
insert into FOTOGRAFIA_OBJETO (FOTOGRAFIA_OBJETO_ID, FOTOGRAFIA , OBJETO_ID ) values (341, null, 172);
insert into FOTOGRAFIA_OBJETO (FOTOGRAFIA_OBJETO_ID, FOTOGRAFIA , OBJETO_ID ) values (342, null, 37);
insert into FOTOGRAFIA_OBJETO (FOTOGRAFIA_OBJETO_ID, FOTOGRAFIA , OBJETO_ID ) values (343, null, 190);
insert into FOTOGRAFIA_OBJETO (FOTOGRAFIA_OBJETO_ID, FOTOGRAFIA , OBJETO_ID ) values (344, null, 33);
insert into FOTOGRAFIA_OBJETO (FOTOGRAFIA_OBJETO_ID, FOTOGRAFIA , OBJETO_ID ) values (345, null, 86);
insert into FOTOGRAFIA_OBJETO (FOTOGRAFIA_OBJETO_ID, FOTOGRAFIA , OBJETO_ID ) values (346, null, 93);
insert into FOTOGRAFIA_OBJETO (FOTOGRAFIA_OBJETO_ID, FOTOGRAFIA , OBJETO_ID ) values (347, null, 68);
insert into FOTOGRAFIA_OBJETO (FOTOGRAFIA_OBJETO_ID, FOTOGRAFIA , OBJETO_ID ) values (348, null, 74);
insert into FOTOGRAFIA_OBJETO (FOTOGRAFIA_OBJETO_ID, FOTOGRAFIA , OBJETO_ID ) values (349, null, 195);
insert into FOTOGRAFIA_OBJETO (FOTOGRAFIA_OBJETO_ID, FOTOGRAFIA , OBJETO_ID ) values (350, null, 157);
insert into FOTOGRAFIA_OBJETO (FOTOGRAFIA_OBJETO_ID, FOTOGRAFIA , OBJETO_ID ) values (351, null, 183);
insert into FOTOGRAFIA_OBJETO (FOTOGRAFIA_OBJETO_ID, FOTOGRAFIA , OBJETO_ID ) values (352, null, 38);
insert into FOTOGRAFIA_OBJETO (FOTOGRAFIA_OBJETO_ID, FOTOGRAFIA , OBJETO_ID ) values (353, null, 89);
insert into FOTOGRAFIA_OBJETO (FOTOGRAFIA_OBJETO_ID, FOTOGRAFIA , OBJETO_ID ) values (354, null, 97);
insert into FOTOGRAFIA_OBJETO (FOTOGRAFIA_OBJETO_ID, FOTOGRAFIA , OBJETO_ID ) values (355, null, 20);
insert into FOTOGRAFIA_OBJETO (FOTOGRAFIA_OBJETO_ID, FOTOGRAFIA , OBJETO_ID ) values (356, null, 87);
insert into FOTOGRAFIA_OBJETO (FOTOGRAFIA_OBJETO_ID, FOTOGRAFIA , OBJETO_ID ) values (357, null, 75);
insert into FOTOGRAFIA_OBJETO (FOTOGRAFIA_OBJETO_ID, FOTOGRAFIA , OBJETO_ID ) values (358, null, 15);
insert into FOTOGRAFIA_OBJETO (FOTOGRAFIA_OBJETO_ID, FOTOGRAFIA , OBJETO_ID ) values (359, null, 65);
insert into FOTOGRAFIA_OBJETO (FOTOGRAFIA_OBJETO_ID, FOTOGRAFIA , OBJETO_ID ) values (360, null, 27);
insert into FOTOGRAFIA_OBJETO (FOTOGRAFIA_OBJETO_ID, FOTOGRAFIA , OBJETO_ID ) values (361, null, 6);
insert into FOTOGRAFIA_OBJETO (FOTOGRAFIA_OBJETO_ID, FOTOGRAFIA , OBJETO_ID ) values (362, null, 190);
insert into FOTOGRAFIA_OBJETO (FOTOGRAFIA_OBJETO_ID, FOTOGRAFIA , OBJETO_ID ) values (363, null, 48);
insert into FOTOGRAFIA_OBJETO (FOTOGRAFIA_OBJETO_ID, FOTOGRAFIA , OBJETO_ID ) values (364, null, 169);
insert into FOTOGRAFIA_OBJETO (FOTOGRAFIA_OBJETO_ID, FOTOGRAFIA , OBJETO_ID ) values (365, null, 85);
insert into FOTOGRAFIA_OBJETO (FOTOGRAFIA_OBJETO_ID, FOTOGRAFIA , OBJETO_ID ) values (366, null, 109);
insert into FOTOGRAFIA_OBJETO (FOTOGRAFIA_OBJETO_ID, FOTOGRAFIA , OBJETO_ID ) values (367, null, 160);
insert into FOTOGRAFIA_OBJETO (FOTOGRAFIA_OBJETO_ID, FOTOGRAFIA , OBJETO_ID ) values (368, null, 8);
insert into FOTOGRAFIA_OBJETO (FOTOGRAFIA_OBJETO_ID, FOTOGRAFIA , OBJETO_ID ) values (369, null, 23);
insert into FOTOGRAFIA_OBJETO (FOTOGRAFIA_OBJETO_ID, FOTOGRAFIA , OBJETO_ID ) values (370, null, 108);
insert into FOTOGRAFIA_OBJETO (FOTOGRAFIA_OBJETO_ID, FOTOGRAFIA , OBJETO_ID ) values (371, null, 80);
insert into FOTOGRAFIA_OBJETO (FOTOGRAFIA_OBJETO_ID, FOTOGRAFIA , OBJETO_ID ) values (372, null, 184);
insert into FOTOGRAFIA_OBJETO (FOTOGRAFIA_OBJETO_ID, FOTOGRAFIA , OBJETO_ID ) values (373, null, 122);
insert into FOTOGRAFIA_OBJETO (FOTOGRAFIA_OBJETO_ID, FOTOGRAFIA , OBJETO_ID ) values (374, null, 127);
insert into FOTOGRAFIA_OBJETO (FOTOGRAFIA_OBJETO_ID, FOTOGRAFIA , OBJETO_ID ) values (375, null, 85);
insert into FOTOGRAFIA_OBJETO (FOTOGRAFIA_OBJETO_ID, FOTOGRAFIA , OBJETO_ID ) values (376, null, 9);
insert into FOTOGRAFIA_OBJETO (FOTOGRAFIA_OBJETO_ID, FOTOGRAFIA , OBJETO_ID ) values (377, null, 58);
insert into FOTOGRAFIA_OBJETO (FOTOGRAFIA_OBJETO_ID, FOTOGRAFIA , OBJETO_ID ) values (378, null, 33);
insert into FOTOGRAFIA_OBJETO (FOTOGRAFIA_OBJETO_ID, FOTOGRAFIA , OBJETO_ID ) values (379, null, 43);
insert into FOTOGRAFIA_OBJETO (FOTOGRAFIA_OBJETO_ID, FOTOGRAFIA , OBJETO_ID ) values (380, null, 57);
insert into FOTOGRAFIA_OBJETO (FOTOGRAFIA_OBJETO_ID, FOTOGRAFIA , OBJETO_ID ) values (381, null, 28);
insert into FOTOGRAFIA_OBJETO (FOTOGRAFIA_OBJETO_ID, FOTOGRAFIA , OBJETO_ID ) values (382, null, 128);
insert into FOTOGRAFIA_OBJETO (FOTOGRAFIA_OBJETO_ID, FOTOGRAFIA , OBJETO_ID ) values (383, null, 91);
insert into FOTOGRAFIA_OBJETO (FOTOGRAFIA_OBJETO_ID, FOTOGRAFIA , OBJETO_ID ) values (384, null, 39);
insert into FOTOGRAFIA_OBJETO (FOTOGRAFIA_OBJETO_ID, FOTOGRAFIA , OBJETO_ID ) values (385, null, 176);
insert into FOTOGRAFIA_OBJETO (FOTOGRAFIA_OBJETO_ID, FOTOGRAFIA , OBJETO_ID ) values (386, null, 165);
insert into FOTOGRAFIA_OBJETO (FOTOGRAFIA_OBJETO_ID, FOTOGRAFIA , OBJETO_ID ) values (387, null, 118);
insert into FOTOGRAFIA_OBJETO (FOTOGRAFIA_OBJETO_ID, FOTOGRAFIA , OBJETO_ID ) values (388, null, 145);
insert into FOTOGRAFIA_OBJETO (FOTOGRAFIA_OBJETO_ID, FOTOGRAFIA , OBJETO_ID ) values (389, null, 108);
insert into FOTOGRAFIA_OBJETO (FOTOGRAFIA_OBJETO_ID, FOTOGRAFIA , OBJETO_ID ) values (390, null, 21);
insert into FOTOGRAFIA_OBJETO (FOTOGRAFIA_OBJETO_ID, FOTOGRAFIA , OBJETO_ID ) values (391, null, 130);
insert into FOTOGRAFIA_OBJETO (FOTOGRAFIA_OBJETO_ID, FOTOGRAFIA , OBJETO_ID ) values (392, null, 134);
insert into FOTOGRAFIA_OBJETO (FOTOGRAFIA_OBJETO_ID, FOTOGRAFIA , OBJETO_ID ) values (393, null, 136);
insert into FOTOGRAFIA_OBJETO (FOTOGRAFIA_OBJETO_ID, FOTOGRAFIA , OBJETO_ID ) values (394, null, 177);
insert into FOTOGRAFIA_OBJETO (FOTOGRAFIA_OBJETO_ID, FOTOGRAFIA , OBJETO_ID ) values (395, null, 143);
insert into FOTOGRAFIA_OBJETO (FOTOGRAFIA_OBJETO_ID, FOTOGRAFIA , OBJETO_ID ) values (396, null, 95);
insert into FOTOGRAFIA_OBJETO (FOTOGRAFIA_OBJETO_ID, FOTOGRAFIA , OBJETO_ID ) values (397, null, 16);
insert into FOTOGRAFIA_OBJETO (FOTOGRAFIA_OBJETO_ID, FOTOGRAFIA , OBJETO_ID ) values (398, null, 196);
insert into FOTOGRAFIA_OBJETO (FOTOGRAFIA_OBJETO_ID, FOTOGRAFIA , OBJETO_ID ) values (399, null, 101);
insert into FOTOGRAFIA_OBJETO (FOTOGRAFIA_OBJETO_ID, FOTOGRAFIA , OBJETO_ID ) values (400, null, 172);
insert into FOTOGRAFIA_OBJETO (FOTOGRAFIA_OBJETO_ID, FOTOGRAFIA , OBJETO_ID ) values (401, null, 27);
insert into FOTOGRAFIA_OBJETO (FOTOGRAFIA_OBJETO_ID, FOTOGRAFIA , OBJETO_ID ) values (402, null, 106);
insert into FOTOGRAFIA_OBJETO (FOTOGRAFIA_OBJETO_ID, FOTOGRAFIA , OBJETO_ID ) values (403, null, 34);
insert into FOTOGRAFIA_OBJETO (FOTOGRAFIA_OBJETO_ID, FOTOGRAFIA , OBJETO_ID ) values (404, null, 72);
insert into FOTOGRAFIA_OBJETO (FOTOGRAFIA_OBJETO_ID, FOTOGRAFIA , OBJETO_ID ) values (405, null, 77);
insert into FOTOGRAFIA_OBJETO (FOTOGRAFIA_OBJETO_ID, FOTOGRAFIA , OBJETO_ID ) values (406, null, 21);
insert into FOTOGRAFIA_OBJETO (FOTOGRAFIA_OBJETO_ID, FOTOGRAFIA , OBJETO_ID ) values (407, null, 32);
insert into FOTOGRAFIA_OBJETO (FOTOGRAFIA_OBJETO_ID, FOTOGRAFIA , OBJETO_ID ) values (408, null, 1);
insert into FOTOGRAFIA_OBJETO (FOTOGRAFIA_OBJETO_ID, FOTOGRAFIA , OBJETO_ID ) values (409, null, 2);
insert into FOTOGRAFIA_OBJETO (FOTOGRAFIA_OBJETO_ID, FOTOGRAFIA , OBJETO_ID ) values (410, null, 78);
insert into FOTOGRAFIA_OBJETO (FOTOGRAFIA_OBJETO_ID, FOTOGRAFIA , OBJETO_ID ) values (411, null, 150);
insert into FOTOGRAFIA_OBJETO (FOTOGRAFIA_OBJETO_ID, FOTOGRAFIA , OBJETO_ID ) values (412, null, 11);
insert into FOTOGRAFIA_OBJETO (FOTOGRAFIA_OBJETO_ID, FOTOGRAFIA , OBJETO_ID ) values (413, null, 20);
insert into FOTOGRAFIA_OBJETO (FOTOGRAFIA_OBJETO_ID, FOTOGRAFIA , OBJETO_ID ) values (414, null, 115);
insert into FOTOGRAFIA_OBJETO (FOTOGRAFIA_OBJETO_ID, FOTOGRAFIA , OBJETO_ID ) values (415, null, 44);
insert into FOTOGRAFIA_OBJETO (FOTOGRAFIA_OBJETO_ID, FOTOGRAFIA , OBJETO_ID ) values (416, null, 90);
insert into FOTOGRAFIA_OBJETO (FOTOGRAFIA_OBJETO_ID, FOTOGRAFIA , OBJETO_ID ) values (417, null, 139);
insert into FOTOGRAFIA_OBJETO (FOTOGRAFIA_OBJETO_ID, FOTOGRAFIA , OBJETO_ID ) values (418, null, 194);
insert into FOTOGRAFIA_OBJETO (FOTOGRAFIA_OBJETO_ID, FOTOGRAFIA , OBJETO_ID ) values (419, null, 49);
insert into FOTOGRAFIA_OBJETO (FOTOGRAFIA_OBJETO_ID, FOTOGRAFIA , OBJETO_ID ) values (420, null, 114);
insert into FOTOGRAFIA_OBJETO (FOTOGRAFIA_OBJETO_ID, FOTOGRAFIA , OBJETO_ID ) values (421, null, 101);
insert into FOTOGRAFIA_OBJETO (FOTOGRAFIA_OBJETO_ID, FOTOGRAFIA , OBJETO_ID ) values (422, null, 17);
insert into FOTOGRAFIA_OBJETO (FOTOGRAFIA_OBJETO_ID, FOTOGRAFIA , OBJETO_ID ) values (423, null, 155);
insert into FOTOGRAFIA_OBJETO (FOTOGRAFIA_OBJETO_ID, FOTOGRAFIA , OBJETO_ID ) values (424, null, 55);
insert into FOTOGRAFIA_OBJETO (FOTOGRAFIA_OBJETO_ID, FOTOGRAFIA , OBJETO_ID ) values (425, null, 78);
insert into FOTOGRAFIA_OBJETO (FOTOGRAFIA_OBJETO_ID, FOTOGRAFIA , OBJETO_ID ) values (426, null, 74);
insert into FOTOGRAFIA_OBJETO (FOTOGRAFIA_OBJETO_ID, FOTOGRAFIA , OBJETO_ID ) values (427, null, 187);
insert into FOTOGRAFIA_OBJETO (FOTOGRAFIA_OBJETO_ID, FOTOGRAFIA , OBJETO_ID ) values (428, null, 96);
insert into FOTOGRAFIA_OBJETO (FOTOGRAFIA_OBJETO_ID, FOTOGRAFIA , OBJETO_ID ) values (429, null, 98);
insert into FOTOGRAFIA_OBJETO (FOTOGRAFIA_OBJETO_ID, FOTOGRAFIA , OBJETO_ID ) values (430, null, 59);
insert into FOTOGRAFIA_OBJETO (FOTOGRAFIA_OBJETO_ID, FOTOGRAFIA , OBJETO_ID ) values (431, null, 159);
insert into FOTOGRAFIA_OBJETO (FOTOGRAFIA_OBJETO_ID, FOTOGRAFIA , OBJETO_ID ) values (432, null, 11);
insert into FOTOGRAFIA_OBJETO (FOTOGRAFIA_OBJETO_ID, FOTOGRAFIA , OBJETO_ID ) values (433, null, 43);
insert into FOTOGRAFIA_OBJETO (FOTOGRAFIA_OBJETO_ID, FOTOGRAFIA , OBJETO_ID ) values (434, null, 122);
insert into FOTOGRAFIA_OBJETO (FOTOGRAFIA_OBJETO_ID, FOTOGRAFIA , OBJETO_ID ) values (435, null, 87);
insert into FOTOGRAFIA_OBJETO (FOTOGRAFIA_OBJETO_ID, FOTOGRAFIA , OBJETO_ID ) values (436, null, 134);
insert into FOTOGRAFIA_OBJETO (FOTOGRAFIA_OBJETO_ID, FOTOGRAFIA , OBJETO_ID ) values (437, null, 175);
insert into FOTOGRAFIA_OBJETO (FOTOGRAFIA_OBJETO_ID, FOTOGRAFIA , OBJETO_ID ) values (438, null, 123);
insert into FOTOGRAFIA_OBJETO (FOTOGRAFIA_OBJETO_ID, FOTOGRAFIA , OBJETO_ID ) values (439, null, 12);
insert into FOTOGRAFIA_OBJETO (FOTOGRAFIA_OBJETO_ID, FOTOGRAFIA , OBJETO_ID ) values (440, null, 68);
insert into FOTOGRAFIA_OBJETO (FOTOGRAFIA_OBJETO_ID, FOTOGRAFIA , OBJETO_ID ) values (441, null, 51);
insert into FOTOGRAFIA_OBJETO (FOTOGRAFIA_OBJETO_ID, FOTOGRAFIA , OBJETO_ID ) values (442, null, 150);
insert into FOTOGRAFIA_OBJETO (FOTOGRAFIA_OBJETO_ID, FOTOGRAFIA , OBJETO_ID ) values (443, null, 129);
insert into FOTOGRAFIA_OBJETO (FOTOGRAFIA_OBJETO_ID, FOTOGRAFIA , OBJETO_ID ) values (444, null, 133);
insert into FOTOGRAFIA_OBJETO (FOTOGRAFIA_OBJETO_ID, FOTOGRAFIA , OBJETO_ID ) values (445, null, 95);
insert into FOTOGRAFIA_OBJETO (FOTOGRAFIA_OBJETO_ID, FOTOGRAFIA , OBJETO_ID ) values (446, null, 111);
insert into FOTOGRAFIA_OBJETO (FOTOGRAFIA_OBJETO_ID, FOTOGRAFIA , OBJETO_ID ) values (447, null, 103);
insert into FOTOGRAFIA_OBJETO (FOTOGRAFIA_OBJETO_ID, FOTOGRAFIA , OBJETO_ID ) values (448, null, 92);
insert into FOTOGRAFIA_OBJETO (FOTOGRAFIA_OBJETO_ID, FOTOGRAFIA , OBJETO_ID ) values (449, null, 80);
insert into FOTOGRAFIA_OBJETO (FOTOGRAFIA_OBJETO_ID, FOTOGRAFIA , OBJETO_ID ) values (450, null, 120);
insert into FOTOGRAFIA_OBJETO (FOTOGRAFIA_OBJETO_ID, FOTOGRAFIA , OBJETO_ID ) values (451, null, 194);
insert into FOTOGRAFIA_OBJETO (FOTOGRAFIA_OBJETO_ID, FOTOGRAFIA , OBJETO_ID ) values (452, null, 159);
insert into FOTOGRAFIA_OBJETO (FOTOGRAFIA_OBJETO_ID, FOTOGRAFIA , OBJETO_ID ) values (453, null, 184);
insert into FOTOGRAFIA_OBJETO (FOTOGRAFIA_OBJETO_ID, FOTOGRAFIA , OBJETO_ID ) values (454, null, 57);
insert into FOTOGRAFIA_OBJETO (FOTOGRAFIA_OBJETO_ID, FOTOGRAFIA , OBJETO_ID ) values (455, null, 186);
insert into FOTOGRAFIA_OBJETO (FOTOGRAFIA_OBJETO_ID, FOTOGRAFIA , OBJETO_ID ) values (456, null, 48);
insert into FOTOGRAFIA_OBJETO (FOTOGRAFIA_OBJETO_ID, FOTOGRAFIA , OBJETO_ID ) values (457, null, 19);
insert into FOTOGRAFIA_OBJETO (FOTOGRAFIA_OBJETO_ID, FOTOGRAFIA , OBJETO_ID ) values (458, null, 145);
insert into FOTOGRAFIA_OBJETO (FOTOGRAFIA_OBJETO_ID, FOTOGRAFIA , OBJETO_ID ) values (459, null, 197);
insert into FOTOGRAFIA_OBJETO (FOTOGRAFIA_OBJETO_ID, FOTOGRAFIA , OBJETO_ID ) values (460, null, 195);
insert into FOTOGRAFIA_OBJETO (FOTOGRAFIA_OBJETO_ID, FOTOGRAFIA , OBJETO_ID ) values (461, null, 164);
insert into FOTOGRAFIA_OBJETO (FOTOGRAFIA_OBJETO_ID, FOTOGRAFIA , OBJETO_ID ) values (462, null, 77);
insert into FOTOGRAFIA_OBJETO (FOTOGRAFIA_OBJETO_ID, FOTOGRAFIA , OBJETO_ID ) values (463, null, 38);
insert into FOTOGRAFIA_OBJETO (FOTOGRAFIA_OBJETO_ID, FOTOGRAFIA , OBJETO_ID ) values (464, null, 33);
insert into FOTOGRAFIA_OBJETO (FOTOGRAFIA_OBJETO_ID, FOTOGRAFIA , OBJETO_ID ) values (465, null, 149);
insert into FOTOGRAFIA_OBJETO (FOTOGRAFIA_OBJETO_ID, FOTOGRAFIA , OBJETO_ID ) values (466, null, 19);
insert into FOTOGRAFIA_OBJETO (FOTOGRAFIA_OBJETO_ID, FOTOGRAFIA , OBJETO_ID ) values (467, null, 12);
insert into FOTOGRAFIA_OBJETO (FOTOGRAFIA_OBJETO_ID, FOTOGRAFIA , OBJETO_ID ) values (468, null, 52);
insert into FOTOGRAFIA_OBJETO (FOTOGRAFIA_OBJETO_ID, FOTOGRAFIA , OBJETO_ID ) values (469, null, 153);
insert into FOTOGRAFIA_OBJETO (FOTOGRAFIA_OBJETO_ID, FOTOGRAFIA , OBJETO_ID ) values (470, null, 176);
insert into FOTOGRAFIA_OBJETO (FOTOGRAFIA_OBJETO_ID, FOTOGRAFIA , OBJETO_ID ) values (471, null, 48);
insert into FOTOGRAFIA_OBJETO (FOTOGRAFIA_OBJETO_ID, FOTOGRAFIA , OBJETO_ID ) values (472, null, 172);
insert into FOTOGRAFIA_OBJETO (FOTOGRAFIA_OBJETO_ID, FOTOGRAFIA , OBJETO_ID ) values (473, null, 133);
insert into FOTOGRAFIA_OBJETO (FOTOGRAFIA_OBJETO_ID, FOTOGRAFIA , OBJETO_ID ) values (474, null, 143);
insert into FOTOGRAFIA_OBJETO (FOTOGRAFIA_OBJETO_ID, FOTOGRAFIA , OBJETO_ID ) values (475, null, 16);
insert into FOTOGRAFIA_OBJETO (FOTOGRAFIA_OBJETO_ID, FOTOGRAFIA , OBJETO_ID ) values (476, null, 108);
insert into FOTOGRAFIA_OBJETO (FOTOGRAFIA_OBJETO_ID, FOTOGRAFIA , OBJETO_ID ) values (477, null, 147);
insert into FOTOGRAFIA_OBJETO (FOTOGRAFIA_OBJETO_ID, FOTOGRAFIA , OBJETO_ID ) values (478, null, 100);
insert into FOTOGRAFIA_OBJETO (FOTOGRAFIA_OBJETO_ID, FOTOGRAFIA , OBJETO_ID ) values (479, null, 195);
insert into FOTOGRAFIA_OBJETO (FOTOGRAFIA_OBJETO_ID, FOTOGRAFIA , OBJETO_ID ) values (480, null, 166);
insert into FOTOGRAFIA_OBJETO (FOTOGRAFIA_OBJETO_ID, FOTOGRAFIA , OBJETO_ID ) values (481, null, 19);
insert into FOTOGRAFIA_OBJETO (FOTOGRAFIA_OBJETO_ID, FOTOGRAFIA , OBJETO_ID ) values (482, null, 16);
insert into FOTOGRAFIA_OBJETO (FOTOGRAFIA_OBJETO_ID, FOTOGRAFIA , OBJETO_ID ) values (483, null, 15);
insert into FOTOGRAFIA_OBJETO (FOTOGRAFIA_OBJETO_ID, FOTOGRAFIA , OBJETO_ID ) values (484, null, 170);
insert into FOTOGRAFIA_OBJETO (FOTOGRAFIA_OBJETO_ID, FOTOGRAFIA , OBJETO_ID ) values (485, null, 161);
insert into FOTOGRAFIA_OBJETO (FOTOGRAFIA_OBJETO_ID, FOTOGRAFIA , OBJETO_ID ) values (486, null, 158);
insert into FOTOGRAFIA_OBJETO (FOTOGRAFIA_OBJETO_ID, FOTOGRAFIA , OBJETO_ID ) values (487, null, 78);
insert into FOTOGRAFIA_OBJETO (FOTOGRAFIA_OBJETO_ID, FOTOGRAFIA , OBJETO_ID ) values (488, null, 78);
insert into FOTOGRAFIA_OBJETO (FOTOGRAFIA_OBJETO_ID, FOTOGRAFIA , OBJETO_ID ) values (489, null, 14);
insert into FOTOGRAFIA_OBJETO (FOTOGRAFIA_OBJETO_ID, FOTOGRAFIA , OBJETO_ID ) values (490, null, 190);
insert into FOTOGRAFIA_OBJETO (FOTOGRAFIA_OBJETO_ID, FOTOGRAFIA , OBJETO_ID ) values (491, null, 72);
insert into FOTOGRAFIA_OBJETO (FOTOGRAFIA_OBJETO_ID, FOTOGRAFIA , OBJETO_ID ) values (492, null, 35);
insert into FOTOGRAFIA_OBJETO (FOTOGRAFIA_OBJETO_ID, FOTOGRAFIA , OBJETO_ID ) values (493, null, 146);
insert into FOTOGRAFIA_OBJETO (FOTOGRAFIA_OBJETO_ID, FOTOGRAFIA , OBJETO_ID ) values (494, null, 192);
insert into FOTOGRAFIA_OBJETO (FOTOGRAFIA_OBJETO_ID, FOTOGRAFIA , OBJETO_ID ) values (495, null, 14);
insert into FOTOGRAFIA_OBJETO (FOTOGRAFIA_OBJETO_ID, FOTOGRAFIA , OBJETO_ID ) values (496, null, 197);
insert into FOTOGRAFIA_OBJETO (FOTOGRAFIA_OBJETO_ID, FOTOGRAFIA , OBJETO_ID ) values (497, null, 197);
insert into FOTOGRAFIA_OBJETO (FOTOGRAFIA_OBJETO_ID, FOTOGRAFIA , OBJETO_ID ) values (498, null, 138);
insert into FOTOGRAFIA_OBJETO (FOTOGRAFIA_OBJETO_ID, FOTOGRAFIA , OBJETO_ID ) values (499, null, 167);
insert into FOTOGRAFIA_OBJETO (FOTOGRAFIA_OBJETO_ID, FOTOGRAFIA , OBJETO_ID ) values (500, null, 191);
insert into FOTOGRAFIA_OBJETO (FOTOGRAFIA_OBJETO_ID, FOTOGRAFIA , OBJETO_ID ) values (501, null, 23);
insert into FOTOGRAFIA_OBJETO (FOTOGRAFIA_OBJETO_ID, FOTOGRAFIA , OBJETO_ID ) values (502, null, 92);
insert into FOTOGRAFIA_OBJETO (FOTOGRAFIA_OBJETO_ID, FOTOGRAFIA , OBJETO_ID ) values (503, null, 142);
insert into FOTOGRAFIA_OBJETO (FOTOGRAFIA_OBJETO_ID, FOTOGRAFIA , OBJETO_ID ) values (504, null, 15);
insert into FOTOGRAFIA_OBJETO (FOTOGRAFIA_OBJETO_ID, FOTOGRAFIA , OBJETO_ID ) values (505, null, 67);
insert into FOTOGRAFIA_OBJETO (FOTOGRAFIA_OBJETO_ID, FOTOGRAFIA , OBJETO_ID ) values (506, null, 182);
insert into FOTOGRAFIA_OBJETO (FOTOGRAFIA_OBJETO_ID, FOTOGRAFIA , OBJETO_ID ) values (507, null, 80);
insert into FOTOGRAFIA_OBJETO (FOTOGRAFIA_OBJETO_ID, FOTOGRAFIA , OBJETO_ID ) values (508, null, 174);
insert into FOTOGRAFIA_OBJETO (FOTOGRAFIA_OBJETO_ID, FOTOGRAFIA , OBJETO_ID ) values (509, null, 148);
insert into FOTOGRAFIA_OBJETO (FOTOGRAFIA_OBJETO_ID, FOTOGRAFIA , OBJETO_ID ) values (510, null, 12);
insert into FOTOGRAFIA_OBJETO (FOTOGRAFIA_OBJETO_ID, FOTOGRAFIA , OBJETO_ID ) values (511, null, 11);
insert into FOTOGRAFIA_OBJETO (FOTOGRAFIA_OBJETO_ID, FOTOGRAFIA , OBJETO_ID ) values (512, null, 97);
insert into FOTOGRAFIA_OBJETO (FOTOGRAFIA_OBJETO_ID, FOTOGRAFIA , OBJETO_ID ) values (513, null, 166);
insert into FOTOGRAFIA_OBJETO (FOTOGRAFIA_OBJETO_ID, FOTOGRAFIA , OBJETO_ID ) values (514, null, 152);
insert into FOTOGRAFIA_OBJETO (FOTOGRAFIA_OBJETO_ID, FOTOGRAFIA , OBJETO_ID ) values (515, null, 138);
insert into FOTOGRAFIA_OBJETO (FOTOGRAFIA_OBJETO_ID, FOTOGRAFIA , OBJETO_ID ) values (516, null, 158);
insert into FOTOGRAFIA_OBJETO (FOTOGRAFIA_OBJETO_ID, FOTOGRAFIA , OBJETO_ID ) values (517, null, 90);
insert into FOTOGRAFIA_OBJETO (FOTOGRAFIA_OBJETO_ID, FOTOGRAFIA , OBJETO_ID ) values (518, null, 145);
insert into FOTOGRAFIA_OBJETO (FOTOGRAFIA_OBJETO_ID, FOTOGRAFIA , OBJETO_ID ) values (519, null, 156);
insert into FOTOGRAFIA_OBJETO (FOTOGRAFIA_OBJETO_ID, FOTOGRAFIA , OBJETO_ID ) values (520, null, 129);
insert into FOTOGRAFIA_OBJETO (FOTOGRAFIA_OBJETO_ID, FOTOGRAFIA , OBJETO_ID ) values (521, null, 193);
insert into FOTOGRAFIA_OBJETO (FOTOGRAFIA_OBJETO_ID, FOTOGRAFIA , OBJETO_ID ) values (522, null, 129);
insert into FOTOGRAFIA_OBJETO (FOTOGRAFIA_OBJETO_ID, FOTOGRAFIA , OBJETO_ID ) values (523, null, 159);
insert into FOTOGRAFIA_OBJETO (FOTOGRAFIA_OBJETO_ID, FOTOGRAFIA , OBJETO_ID ) values (524, null, 173);
insert into FOTOGRAFIA_OBJETO (FOTOGRAFIA_OBJETO_ID, FOTOGRAFIA , OBJETO_ID ) values (525, null, 167);
insert into FOTOGRAFIA_OBJETO (FOTOGRAFIA_OBJETO_ID, FOTOGRAFIA , OBJETO_ID ) values (526, null, 143);
insert into FOTOGRAFIA_OBJETO (FOTOGRAFIA_OBJETO_ID, FOTOGRAFIA , OBJETO_ID ) values (527, null, 95);
insert into FOTOGRAFIA_OBJETO (FOTOGRAFIA_OBJETO_ID, FOTOGRAFIA , OBJETO_ID ) values (528, null, 191);
insert into FOTOGRAFIA_OBJETO (FOTOGRAFIA_OBJETO_ID, FOTOGRAFIA , OBJETO_ID ) values (529, null, 44);
insert into FOTOGRAFIA_OBJETO (FOTOGRAFIA_OBJETO_ID, FOTOGRAFIA , OBJETO_ID ) values (530, null, 60);
insert into FOTOGRAFIA_OBJETO (FOTOGRAFIA_OBJETO_ID, FOTOGRAFIA , OBJETO_ID ) values (531, null, 40);
insert into FOTOGRAFIA_OBJETO (FOTOGRAFIA_OBJETO_ID, FOTOGRAFIA , OBJETO_ID ) values (532, null, 92);
insert into FOTOGRAFIA_OBJETO (FOTOGRAFIA_OBJETO_ID, FOTOGRAFIA , OBJETO_ID ) values (533, null, 152);
insert into FOTOGRAFIA_OBJETO (FOTOGRAFIA_OBJETO_ID, FOTOGRAFIA , OBJETO_ID ) values (534, null, 135);
insert into FOTOGRAFIA_OBJETO (FOTOGRAFIA_OBJETO_ID, FOTOGRAFIA , OBJETO_ID ) values (535, null, 187);
insert into FOTOGRAFIA_OBJETO (FOTOGRAFIA_OBJETO_ID, FOTOGRAFIA , OBJETO_ID ) values (536, null, 38);
insert into FOTOGRAFIA_OBJETO (FOTOGRAFIA_OBJETO_ID, FOTOGRAFIA , OBJETO_ID ) values (537, null, 77);
insert into FOTOGRAFIA_OBJETO (FOTOGRAFIA_OBJETO_ID, FOTOGRAFIA , OBJETO_ID ) values (538, null, 56);
insert into FOTOGRAFIA_OBJETO (FOTOGRAFIA_OBJETO_ID, FOTOGRAFIA , OBJETO_ID ) values (539, null, 17);
insert into FOTOGRAFIA_OBJETO (FOTOGRAFIA_OBJETO_ID, FOTOGRAFIA , OBJETO_ID ) values (540, null, 92);
insert into FOTOGRAFIA_OBJETO (FOTOGRAFIA_OBJETO_ID, FOTOGRAFIA , OBJETO_ID ) values (541, null, 93);
insert into FOTOGRAFIA_OBJETO (FOTOGRAFIA_OBJETO_ID, FOTOGRAFIA , OBJETO_ID ) values (542, null, 136);
insert into FOTOGRAFIA_OBJETO (FOTOGRAFIA_OBJETO_ID, FOTOGRAFIA , OBJETO_ID ) values (543, null, 119);
insert into FOTOGRAFIA_OBJETO (FOTOGRAFIA_OBJETO_ID, FOTOGRAFIA , OBJETO_ID ) values (544, null, 124);
insert into FOTOGRAFIA_OBJETO (FOTOGRAFIA_OBJETO_ID, FOTOGRAFIA , OBJETO_ID ) values (545, null, 136);
insert into FOTOGRAFIA_OBJETO (FOTOGRAFIA_OBJETO_ID, FOTOGRAFIA , OBJETO_ID ) values (546, null, 51);
insert into FOTOGRAFIA_OBJETO (FOTOGRAFIA_OBJETO_ID, FOTOGRAFIA , OBJETO_ID ) values (547, null, 49);
insert into FOTOGRAFIA_OBJETO (FOTOGRAFIA_OBJETO_ID, FOTOGRAFIA , OBJETO_ID ) values (548, null, 124);
insert into FOTOGRAFIA_OBJETO (FOTOGRAFIA_OBJETO_ID, FOTOGRAFIA , OBJETO_ID ) values (549, null, 105);
insert into FOTOGRAFIA_OBJETO (FOTOGRAFIA_OBJETO_ID, FOTOGRAFIA , OBJETO_ID ) values (550, null, 11);
insert into FOTOGRAFIA_OBJETO (FOTOGRAFIA_OBJETO_ID, FOTOGRAFIA , OBJETO_ID ) values (551, null, 140);
insert into FOTOGRAFIA_OBJETO (FOTOGRAFIA_OBJETO_ID, FOTOGRAFIA , OBJETO_ID ) values (552, null, 57);
insert into FOTOGRAFIA_OBJETO (FOTOGRAFIA_OBJETO_ID, FOTOGRAFIA , OBJETO_ID ) values (553, null, 143);
insert into FOTOGRAFIA_OBJETO (FOTOGRAFIA_OBJETO_ID, FOTOGRAFIA , OBJETO_ID ) values (554, null, 65);
insert into FOTOGRAFIA_OBJETO (FOTOGRAFIA_OBJETO_ID, FOTOGRAFIA , OBJETO_ID ) values (555, null, 159);
insert into FOTOGRAFIA_OBJETO (FOTOGRAFIA_OBJETO_ID, FOTOGRAFIA , OBJETO_ID ) values (556, null, 102);
insert into FOTOGRAFIA_OBJETO (FOTOGRAFIA_OBJETO_ID, FOTOGRAFIA , OBJETO_ID ) values (557, null, 96);
insert into FOTOGRAFIA_OBJETO (FOTOGRAFIA_OBJETO_ID, FOTOGRAFIA , OBJETO_ID ) values (558, null, 22);
insert into FOTOGRAFIA_OBJETO (FOTOGRAFIA_OBJETO_ID, FOTOGRAFIA , OBJETO_ID ) values (559, null, 84);
insert into FOTOGRAFIA_OBJETO (FOTOGRAFIA_OBJETO_ID, FOTOGRAFIA , OBJETO_ID ) values (560, null, 185);
insert into FOTOGRAFIA_OBJETO (FOTOGRAFIA_OBJETO_ID, FOTOGRAFIA , OBJETO_ID ) values (561, null, 150);
insert into FOTOGRAFIA_OBJETO (FOTOGRAFIA_OBJETO_ID, FOTOGRAFIA , OBJETO_ID ) values (562, null, 138);
insert into FOTOGRAFIA_OBJETO (FOTOGRAFIA_OBJETO_ID, FOTOGRAFIA , OBJETO_ID ) values (563, null, 137);
insert into FOTOGRAFIA_OBJETO (FOTOGRAFIA_OBJETO_ID, FOTOGRAFIA , OBJETO_ID ) values (564, null, 88);
insert into FOTOGRAFIA_OBJETO (FOTOGRAFIA_OBJETO_ID, FOTOGRAFIA , OBJETO_ID ) values (565, null, 15);
insert into FOTOGRAFIA_OBJETO (FOTOGRAFIA_OBJETO_ID, FOTOGRAFIA , OBJETO_ID ) values (566, null, 12);
insert into FOTOGRAFIA_OBJETO (FOTOGRAFIA_OBJETO_ID, FOTOGRAFIA , OBJETO_ID ) values (567, null, 22);
insert into FOTOGRAFIA_OBJETO (FOTOGRAFIA_OBJETO_ID, FOTOGRAFIA , OBJETO_ID ) values (568, null, 55);
insert into FOTOGRAFIA_OBJETO (FOTOGRAFIA_OBJETO_ID, FOTOGRAFIA , OBJETO_ID ) values (569, null, 155);
insert into FOTOGRAFIA_OBJETO (FOTOGRAFIA_OBJETO_ID, FOTOGRAFIA , OBJETO_ID ) values (570, null, 98);
insert into FOTOGRAFIA_OBJETO (FOTOGRAFIA_OBJETO_ID, FOTOGRAFIA , OBJETO_ID ) values (571, null, 183);
insert into FOTOGRAFIA_OBJETO (FOTOGRAFIA_OBJETO_ID, FOTOGRAFIA , OBJETO_ID ) values (572, null, 133);
insert into FOTOGRAFIA_OBJETO (FOTOGRAFIA_OBJETO_ID, FOTOGRAFIA , OBJETO_ID ) values (573, null, 7);
insert into FOTOGRAFIA_OBJETO (FOTOGRAFIA_OBJETO_ID, FOTOGRAFIA , OBJETO_ID ) values (574, null, 185);
insert into FOTOGRAFIA_OBJETO (FOTOGRAFIA_OBJETO_ID, FOTOGRAFIA , OBJETO_ID ) values (575, null, 52);
insert into FOTOGRAFIA_OBJETO (FOTOGRAFIA_OBJETO_ID, FOTOGRAFIA , OBJETO_ID ) values (576, null, 107);
insert into FOTOGRAFIA_OBJETO (FOTOGRAFIA_OBJETO_ID, FOTOGRAFIA , OBJETO_ID ) values (577, null, 141);
insert into FOTOGRAFIA_OBJETO (FOTOGRAFIA_OBJETO_ID, FOTOGRAFIA , OBJETO_ID ) values (578, null, 43);
insert into FOTOGRAFIA_OBJETO (FOTOGRAFIA_OBJETO_ID, FOTOGRAFIA , OBJETO_ID ) values (579, null, 16);
insert into FOTOGRAFIA_OBJETO (FOTOGRAFIA_OBJETO_ID, FOTOGRAFIA , OBJETO_ID ) values (580, null, 53);
insert into FOTOGRAFIA_OBJETO (FOTOGRAFIA_OBJETO_ID, FOTOGRAFIA , OBJETO_ID ) values (581, null, 84);
insert into FOTOGRAFIA_OBJETO (FOTOGRAFIA_OBJETO_ID, FOTOGRAFIA , OBJETO_ID ) values (582, null, 15);
insert into FOTOGRAFIA_OBJETO (FOTOGRAFIA_OBJETO_ID, FOTOGRAFIA , OBJETO_ID ) values (583, null, 38);
insert into FOTOGRAFIA_OBJETO (FOTOGRAFIA_OBJETO_ID, FOTOGRAFIA , OBJETO_ID ) values (584, null, 196);
insert into FOTOGRAFIA_OBJETO (FOTOGRAFIA_OBJETO_ID, FOTOGRAFIA , OBJETO_ID ) values (585, null, 53);
insert into FOTOGRAFIA_OBJETO (FOTOGRAFIA_OBJETO_ID, FOTOGRAFIA , OBJETO_ID ) values (586, null, 197);
insert into FOTOGRAFIA_OBJETO (FOTOGRAFIA_OBJETO_ID, FOTOGRAFIA , OBJETO_ID ) values (587, null, 197);
insert into FOTOGRAFIA_OBJETO (FOTOGRAFIA_OBJETO_ID, FOTOGRAFIA , OBJETO_ID ) values (588, null, 66);
insert into FOTOGRAFIA_OBJETO (FOTOGRAFIA_OBJETO_ID, FOTOGRAFIA , OBJETO_ID ) values (589, null, 133);
insert into FOTOGRAFIA_OBJETO (FOTOGRAFIA_OBJETO_ID, FOTOGRAFIA , OBJETO_ID ) values (590, null, 16);
insert into FOTOGRAFIA_OBJETO (FOTOGRAFIA_OBJETO_ID, FOTOGRAFIA , OBJETO_ID ) values (591, null, 7);
insert into FOTOGRAFIA_OBJETO (FOTOGRAFIA_OBJETO_ID, FOTOGRAFIA , OBJETO_ID ) values (592, null, 112);
insert into FOTOGRAFIA_OBJETO (FOTOGRAFIA_OBJETO_ID, FOTOGRAFIA , OBJETO_ID ) values (593, null, 166);
insert into FOTOGRAFIA_OBJETO (FOTOGRAFIA_OBJETO_ID, FOTOGRAFIA , OBJETO_ID ) values (594, null, 43);
insert into FOTOGRAFIA_OBJETO (FOTOGRAFIA_OBJETO_ID, FOTOGRAFIA , OBJETO_ID ) values (595, null, 43);
insert into FOTOGRAFIA_OBJETO (FOTOGRAFIA_OBJETO_ID, FOTOGRAFIA , OBJETO_ID ) values (596, null, 167);
insert into FOTOGRAFIA_OBJETO (FOTOGRAFIA_OBJETO_ID, FOTOGRAFIA , OBJETO_ID ) values (597, null, 187);
insert into FOTOGRAFIA_OBJETO (FOTOGRAFIA_OBJETO_ID, FOTOGRAFIA , OBJETO_ID ) values (598, null, 196);
insert into FOTOGRAFIA_OBJETO (FOTOGRAFIA_OBJETO_ID, FOTOGRAFIA , OBJETO_ID ) values (599, null, 14);
insert into FOTOGRAFIA_OBJETO (FOTOGRAFIA_OBJETO_ID, FOTOGRAFIA , OBJETO_ID ) values (600, null, 52);
alter table FOTOGRAFIA_OBJETO logging;

-- 
-- TABLE: HISTORICO_STATUS_OBJETO 
--
ALTER session set NLS_DATE_FORMAT='YYYY MM DD hh24:mI:ss';

alter table HISTORICO_STATUS_OBJETO nologging;
insert into HISTORICO_STATUS_OBJETO (HISTORICO_STATUS_OBJETO_ID, FECHA_STATUS, OBJETO_ID  , STATUS_OBJETO_ID ) values (101, '2020 12 02 05:59:25', 8, 4);
insert into HISTORICO_STATUS_OBJETO (HISTORICO_STATUS_OBJETO_ID, FECHA_STATUS, OBJETO_ID  , STATUS_OBJETO_ID ) values (102, '2021 01 23 19:59:58', 95, 2);
insert into HISTORICO_STATUS_OBJETO (HISTORICO_STATUS_OBJETO_ID, FECHA_STATUS, OBJETO_ID  , STATUS_OBJETO_ID ) values (103, '2020 03 12 20:23:19', 172, 3);
insert into HISTORICO_STATUS_OBJETO (HISTORICO_STATUS_OBJETO_ID, FECHA_STATUS, OBJETO_ID  , STATUS_OBJETO_ID ) values (104, '2020 07 21 01:25:08', 97, 2);
insert into HISTORICO_STATUS_OBJETO (HISTORICO_STATUS_OBJETO_ID, FECHA_STATUS, OBJETO_ID  , STATUS_OBJETO_ID ) values (105, '2020 09 17 11:37:51', 27, 1);
insert into HISTORICO_STATUS_OBJETO (HISTORICO_STATUS_OBJETO_ID, FECHA_STATUS, OBJETO_ID  , STATUS_OBJETO_ID ) values (106, '2020 07 09 10:51:16', 61, 3);
insert into HISTORICO_STATUS_OBJETO (HISTORICO_STATUS_OBJETO_ID, FECHA_STATUS, OBJETO_ID  , STATUS_OBJETO_ID ) values (107, '2020 04 19 14:51:17', 114, 3);
insert into HISTORICO_STATUS_OBJETO (HISTORICO_STATUS_OBJETO_ID, FECHA_STATUS, OBJETO_ID  , STATUS_OBJETO_ID ) values (108, '2020 10 27 06:36:51', 46, 4);
insert into HISTORICO_STATUS_OBJETO (HISTORICO_STATUS_OBJETO_ID, FECHA_STATUS, OBJETO_ID  , STATUS_OBJETO_ID ) values (109, '2020 11 30 00:12:18', 34, 3);
insert into HISTORICO_STATUS_OBJETO (HISTORICO_STATUS_OBJETO_ID, FECHA_STATUS, OBJETO_ID  , STATUS_OBJETO_ID ) values (110, '2021 01 16 06:06:58', 101, 3);
insert into HISTORICO_STATUS_OBJETO (HISTORICO_STATUS_OBJETO_ID, FECHA_STATUS, OBJETO_ID  , STATUS_OBJETO_ID ) values (111, '2021 01 31 06:57:40', 150, 2);
insert into HISTORICO_STATUS_OBJETO (HISTORICO_STATUS_OBJETO_ID, FECHA_STATUS, OBJETO_ID  , STATUS_OBJETO_ID ) values (112, '2020 09 22 18:29:03', 136, 2);
insert into HISTORICO_STATUS_OBJETO (HISTORICO_STATUS_OBJETO_ID, FECHA_STATUS, OBJETO_ID  , STATUS_OBJETO_ID ) values (113, '2020 08 01 08:15:30', 38, 3);
insert into HISTORICO_STATUS_OBJETO (HISTORICO_STATUS_OBJETO_ID, FECHA_STATUS, OBJETO_ID  , STATUS_OBJETO_ID ) values (114, '2020 11 22 21:25:49', 73, 2);
insert into HISTORICO_STATUS_OBJETO (HISTORICO_STATUS_OBJETO_ID, FECHA_STATUS, OBJETO_ID  , STATUS_OBJETO_ID ) values (115, '2020 05 14 14:54:59', 63, 4);
insert into HISTORICO_STATUS_OBJETO (HISTORICO_STATUS_OBJETO_ID, FECHA_STATUS, OBJETO_ID  , STATUS_OBJETO_ID ) values (116, '2020 02 24 00:07:05', 8, 3);
insert into HISTORICO_STATUS_OBJETO (HISTORICO_STATUS_OBJETO_ID, FECHA_STATUS, OBJETO_ID  , STATUS_OBJETO_ID ) values (117, '2020 08 26 16:58:44', 11, 1);
insert into HISTORICO_STATUS_OBJETO (HISTORICO_STATUS_OBJETO_ID, FECHA_STATUS, OBJETO_ID  , STATUS_OBJETO_ID ) values (118, '2020 06 05 05:56:47', 192, 1);
insert into HISTORICO_STATUS_OBJETO (HISTORICO_STATUS_OBJETO_ID, FECHA_STATUS, OBJETO_ID  , STATUS_OBJETO_ID ) values (119, '2020 07 08 10:59:06', 181, 2);
insert into HISTORICO_STATUS_OBJETO (HISTORICO_STATUS_OBJETO_ID, FECHA_STATUS, OBJETO_ID  , STATUS_OBJETO_ID ) values (120, '2020 12 08 08:29:53', 122, 2);
insert into HISTORICO_STATUS_OBJETO (HISTORICO_STATUS_OBJETO_ID, FECHA_STATUS, OBJETO_ID  , STATUS_OBJETO_ID ) values (121, '2020 03 06 12:41:12', 180, 1);
insert into HISTORICO_STATUS_OBJETO (HISTORICO_STATUS_OBJETO_ID, FECHA_STATUS, OBJETO_ID  , STATUS_OBJETO_ID ) values (122, '2020 12 27 07:05:22', 95, 2);
insert into HISTORICO_STATUS_OBJETO (HISTORICO_STATUS_OBJETO_ID, FECHA_STATUS, OBJETO_ID  , STATUS_OBJETO_ID ) values (123, '2021 01 28 09:16:22', 104, 3);
insert into HISTORICO_STATUS_OBJETO (HISTORICO_STATUS_OBJETO_ID, FECHA_STATUS, OBJETO_ID  , STATUS_OBJETO_ID ) values (124, '2020 10 04 03:47:03', 92, 2);
insert into HISTORICO_STATUS_OBJETO (HISTORICO_STATUS_OBJETO_ID, FECHA_STATUS, OBJETO_ID  , STATUS_OBJETO_ID ) values (125, '2020 12 13 07:13:57', 51, 1);
insert into HISTORICO_STATUS_OBJETO (HISTORICO_STATUS_OBJETO_ID, FECHA_STATUS, OBJETO_ID  , STATUS_OBJETO_ID ) values (126, '2020 09 13 21:27:50', 186, 3);
insert into HISTORICO_STATUS_OBJETO (HISTORICO_STATUS_OBJETO_ID, FECHA_STATUS, OBJETO_ID  , STATUS_OBJETO_ID ) values (127, '2020 02 09 17:23:44', 41, 3);
insert into HISTORICO_STATUS_OBJETO (HISTORICO_STATUS_OBJETO_ID, FECHA_STATUS, OBJETO_ID  , STATUS_OBJETO_ID ) values (128, '2020 10 22 14:11:59', 81, 3);
insert into HISTORICO_STATUS_OBJETO (HISTORICO_STATUS_OBJETO_ID, FECHA_STATUS, OBJETO_ID  , STATUS_OBJETO_ID ) values (129, '2020 06 07 11:14:08', 121, 4);
insert into HISTORICO_STATUS_OBJETO (HISTORICO_STATUS_OBJETO_ID, FECHA_STATUS, OBJETO_ID  , STATUS_OBJETO_ID ) values (130, '2021 01 22 03:02:58', 161, 1);
insert into HISTORICO_STATUS_OBJETO (HISTORICO_STATUS_OBJETO_ID, FECHA_STATUS, OBJETO_ID  , STATUS_OBJETO_ID ) values (131, '2020 10 13 19:16:49', 92, 1);
insert into HISTORICO_STATUS_OBJETO (HISTORICO_STATUS_OBJETO_ID, FECHA_STATUS, OBJETO_ID  , STATUS_OBJETO_ID ) values (132, '2020 08 30 20:16:45', 99, 3);
insert into HISTORICO_STATUS_OBJETO (HISTORICO_STATUS_OBJETO_ID, FECHA_STATUS, OBJETO_ID  , STATUS_OBJETO_ID ) values (133, '2020 06 22 03:06:32', 47, 2);
insert into HISTORICO_STATUS_OBJETO (HISTORICO_STATUS_OBJETO_ID, FECHA_STATUS, OBJETO_ID  , STATUS_OBJETO_ID ) values (134, '2020 03 22 22:16:21', 82, 1);
insert into HISTORICO_STATUS_OBJETO (HISTORICO_STATUS_OBJETO_ID, FECHA_STATUS, OBJETO_ID  , STATUS_OBJETO_ID ) values (135, '2020 10 25 13:11:54', 3, 3);
insert into HISTORICO_STATUS_OBJETO (HISTORICO_STATUS_OBJETO_ID, FECHA_STATUS, OBJETO_ID  , STATUS_OBJETO_ID ) values (136, '2020 04 11 22:22:04', 133, 4);
insert into HISTORICO_STATUS_OBJETO (HISTORICO_STATUS_OBJETO_ID, FECHA_STATUS, OBJETO_ID  , STATUS_OBJETO_ID ) values (137, '2020 11 28 23:01:52', 12, 3);
insert into HISTORICO_STATUS_OBJETO (HISTORICO_STATUS_OBJETO_ID, FECHA_STATUS, OBJETO_ID  , STATUS_OBJETO_ID ) values (138, '2020 09 06 09:19:44', 1, 3);
insert into HISTORICO_STATUS_OBJETO (HISTORICO_STATUS_OBJETO_ID, FECHA_STATUS, OBJETO_ID  , STATUS_OBJETO_ID ) values (139, '2020 10 23 01:08:59', 198, 1);
insert into HISTORICO_STATUS_OBJETO (HISTORICO_STATUS_OBJETO_ID, FECHA_STATUS, OBJETO_ID  , STATUS_OBJETO_ID ) values (140, '2020 07 27 23:19:52', 2, 4);
insert into HISTORICO_STATUS_OBJETO (HISTORICO_STATUS_OBJETO_ID, FECHA_STATUS, OBJETO_ID  , STATUS_OBJETO_ID ) values (141, '2020 02 18 00:13:36', 138, 4);
insert into HISTORICO_STATUS_OBJETO (HISTORICO_STATUS_OBJETO_ID, FECHA_STATUS, OBJETO_ID  , STATUS_OBJETO_ID ) values (142, '2020 07 16 15:35:46', 78, 4);
insert into HISTORICO_STATUS_OBJETO (HISTORICO_STATUS_OBJETO_ID, FECHA_STATUS, OBJETO_ID  , STATUS_OBJETO_ID ) values (143, '2020 12 18 06:46:18', 40, 2);
insert into HISTORICO_STATUS_OBJETO (HISTORICO_STATUS_OBJETO_ID, FECHA_STATUS, OBJETO_ID  , STATUS_OBJETO_ID ) values (144, '2020 04 19 15:15:08', 113, 4);
insert into HISTORICO_STATUS_OBJETO (HISTORICO_STATUS_OBJETO_ID, FECHA_STATUS, OBJETO_ID  , STATUS_OBJETO_ID ) values (145, '2020 05 19 18:31:48', 37, 4);
insert into HISTORICO_STATUS_OBJETO (HISTORICO_STATUS_OBJETO_ID, FECHA_STATUS, OBJETO_ID  , STATUS_OBJETO_ID ) values (146, '2020 10 15 06:31:49', 18, 3);
insert into HISTORICO_STATUS_OBJETO (HISTORICO_STATUS_OBJETO_ID, FECHA_STATUS, OBJETO_ID  , STATUS_OBJETO_ID ) values (147, '2020 06 18 17:41:52', 88, 1);
insert into HISTORICO_STATUS_OBJETO (HISTORICO_STATUS_OBJETO_ID, FECHA_STATUS, OBJETO_ID  , STATUS_OBJETO_ID ) values (148, '2021 01 29 12:26:23', 171, 1);
insert into HISTORICO_STATUS_OBJETO (HISTORICO_STATUS_OBJETO_ID, FECHA_STATUS, OBJETO_ID  , STATUS_OBJETO_ID ) values (149, '2020 12 17 08:52:04', 144, 2);
insert into HISTORICO_STATUS_OBJETO (HISTORICO_STATUS_OBJETO_ID, FECHA_STATUS, OBJETO_ID  , STATUS_OBJETO_ID ) values (150, '2020 03 04 23:28:15', 3, 1);
insert into HISTORICO_STATUS_OBJETO (HISTORICO_STATUS_OBJETO_ID, FECHA_STATUS, OBJETO_ID  , STATUS_OBJETO_ID ) values (151, '2020 03 02 12:40:06', 46, 3);
insert into HISTORICO_STATUS_OBJETO (HISTORICO_STATUS_OBJETO_ID, FECHA_STATUS, OBJETO_ID  , STATUS_OBJETO_ID ) values (152, '2020 09 16 01:52:40', 9, 3);
insert into HISTORICO_STATUS_OBJETO (HISTORICO_STATUS_OBJETO_ID, FECHA_STATUS, OBJETO_ID  , STATUS_OBJETO_ID ) values (153, '2020 12 14 20:22:58', 165, 1);
insert into HISTORICO_STATUS_OBJETO (HISTORICO_STATUS_OBJETO_ID, FECHA_STATUS, OBJETO_ID  , STATUS_OBJETO_ID ) values (154, '2020 05 21 15:13:04', 121, 1);
insert into HISTORICO_STATUS_OBJETO (HISTORICO_STATUS_OBJETO_ID, FECHA_STATUS, OBJETO_ID  , STATUS_OBJETO_ID ) values (155, '2020 11 13 22:08:18', 164, 4);
insert into HISTORICO_STATUS_OBJETO (HISTORICO_STATUS_OBJETO_ID, FECHA_STATUS, OBJETO_ID  , STATUS_OBJETO_ID ) values (156, '2020 03 23 13:44:08', 115, 3);
insert into HISTORICO_STATUS_OBJETO (HISTORICO_STATUS_OBJETO_ID, FECHA_STATUS, OBJETO_ID  , STATUS_OBJETO_ID ) values (157, '2021 01 20 16:34:34', 193, 1);
insert into HISTORICO_STATUS_OBJETO (HISTORICO_STATUS_OBJETO_ID, FECHA_STATUS, OBJETO_ID  , STATUS_OBJETO_ID ) values (158, '2020 12 06 16:09:41', 156, 2);
insert into HISTORICO_STATUS_OBJETO (HISTORICO_STATUS_OBJETO_ID, FECHA_STATUS, OBJETO_ID  , STATUS_OBJETO_ID ) values (159, '2020 11 28 15:54:39', 128, 2);
insert into HISTORICO_STATUS_OBJETO (HISTORICO_STATUS_OBJETO_ID, FECHA_STATUS, OBJETO_ID  , STATUS_OBJETO_ID ) values (160, '2020 02 28 21:02:25', 134, 2);
insert into HISTORICO_STATUS_OBJETO (HISTORICO_STATUS_OBJETO_ID, FECHA_STATUS, OBJETO_ID  , STATUS_OBJETO_ID ) values (161, '2020 05 22 21:58:36', 174, 3);
insert into HISTORICO_STATUS_OBJETO (HISTORICO_STATUS_OBJETO_ID, FECHA_STATUS, OBJETO_ID  , STATUS_OBJETO_ID ) values (162, '2020 11 01 01:33:25', 69, 1);
insert into HISTORICO_STATUS_OBJETO (HISTORICO_STATUS_OBJETO_ID, FECHA_STATUS, OBJETO_ID  , STATUS_OBJETO_ID ) values (163, '2020 04 21 12:20:45', 73, 2);
insert into HISTORICO_STATUS_OBJETO (HISTORICO_STATUS_OBJETO_ID, FECHA_STATUS, OBJETO_ID  , STATUS_OBJETO_ID ) values (164, '2020 07 10 18:54:58', 40, 1);
insert into HISTORICO_STATUS_OBJETO (HISTORICO_STATUS_OBJETO_ID, FECHA_STATUS, OBJETO_ID  , STATUS_OBJETO_ID ) values (165, '2020 05 11 14:04:45', 155, 1);
insert into HISTORICO_STATUS_OBJETO (HISTORICO_STATUS_OBJETO_ID, FECHA_STATUS, OBJETO_ID  , STATUS_OBJETO_ID ) values (166, '2020 11 28 17:18:09', 45, 1);
insert into HISTORICO_STATUS_OBJETO (HISTORICO_STATUS_OBJETO_ID, FECHA_STATUS, OBJETO_ID  , STATUS_OBJETO_ID ) values (167, '2020 05 27 12:24:08', 163, 2);
insert into HISTORICO_STATUS_OBJETO (HISTORICO_STATUS_OBJETO_ID, FECHA_STATUS, OBJETO_ID  , STATUS_OBJETO_ID ) values (168, '2021 02 02 10:41:25', 177, 1);
insert into HISTORICO_STATUS_OBJETO (HISTORICO_STATUS_OBJETO_ID, FECHA_STATUS, OBJETO_ID  , STATUS_OBJETO_ID ) values (169, '2021 01 26 11:59:54', 171, 1);
insert into HISTORICO_STATUS_OBJETO (HISTORICO_STATUS_OBJETO_ID, FECHA_STATUS, OBJETO_ID  , STATUS_OBJETO_ID ) values (170, '2020 07 14 19:13:11', 49, 4);
insert into HISTORICO_STATUS_OBJETO (HISTORICO_STATUS_OBJETO_ID, FECHA_STATUS, OBJETO_ID  , STATUS_OBJETO_ID ) values (171, '2020 10 31 12:41:49', 78, 3);
insert into HISTORICO_STATUS_OBJETO (HISTORICO_STATUS_OBJETO_ID, FECHA_STATUS, OBJETO_ID  , STATUS_OBJETO_ID ) values (172, '2020 10 23 08:36:55', 130, 2);
insert into HISTORICO_STATUS_OBJETO (HISTORICO_STATUS_OBJETO_ID, FECHA_STATUS, OBJETO_ID  , STATUS_OBJETO_ID ) values (173, '2020 08 10 07:17:57', 25, 2);
insert into HISTORICO_STATUS_OBJETO (HISTORICO_STATUS_OBJETO_ID, FECHA_STATUS, OBJETO_ID  , STATUS_OBJETO_ID ) values (174, '2020 09 05 07:25:10', 7, 1);
insert into HISTORICO_STATUS_OBJETO (HISTORICO_STATUS_OBJETO_ID, FECHA_STATUS, OBJETO_ID  , STATUS_OBJETO_ID ) values (175, '2020 02 12 13:15:44', 165, 3);
insert into HISTORICO_STATUS_OBJETO (HISTORICO_STATUS_OBJETO_ID, FECHA_STATUS, OBJETO_ID  , STATUS_OBJETO_ID ) values (176, '2020 10 10 07:27:59', 66, 2);
insert into HISTORICO_STATUS_OBJETO (HISTORICO_STATUS_OBJETO_ID, FECHA_STATUS, OBJETO_ID  , STATUS_OBJETO_ID ) values (177, '2020 09 27 02:40:53', 62, 3);
insert into HISTORICO_STATUS_OBJETO (HISTORICO_STATUS_OBJETO_ID, FECHA_STATUS, OBJETO_ID  , STATUS_OBJETO_ID ) values (178, '2020 03 08 06:37:15', 85, 1);
insert into HISTORICO_STATUS_OBJETO (HISTORICO_STATUS_OBJETO_ID, FECHA_STATUS, OBJETO_ID  , STATUS_OBJETO_ID ) values (179, '2020 07 18 20:19:18', 160, 3);
insert into HISTORICO_STATUS_OBJETO (HISTORICO_STATUS_OBJETO_ID, FECHA_STATUS, OBJETO_ID  , STATUS_OBJETO_ID ) values (180, '2020 03 21 04:23:32', 106, 3);
insert into HISTORICO_STATUS_OBJETO (HISTORICO_STATUS_OBJETO_ID, FECHA_STATUS, OBJETO_ID  , STATUS_OBJETO_ID ) values (181, '2020 05 18 05:34:42', 76, 1);
insert into HISTORICO_STATUS_OBJETO (HISTORICO_STATUS_OBJETO_ID, FECHA_STATUS, OBJETO_ID  , STATUS_OBJETO_ID ) values (182, '2021 01 28 12:13:31', 137, 4);
insert into HISTORICO_STATUS_OBJETO (HISTORICO_STATUS_OBJETO_ID, FECHA_STATUS, OBJETO_ID  , STATUS_OBJETO_ID ) values (183, '2020 06 13 15:40:30', 171, 4);
insert into HISTORICO_STATUS_OBJETO (HISTORICO_STATUS_OBJETO_ID, FECHA_STATUS, OBJETO_ID  , STATUS_OBJETO_ID ) values (184, '2020 09 04 13:38:28', 19, 1);
insert into HISTORICO_STATUS_OBJETO (HISTORICO_STATUS_OBJETO_ID, FECHA_STATUS, OBJETO_ID  , STATUS_OBJETO_ID ) values (185, '2020 02 24 13:20:58', 1, 2);
insert into HISTORICO_STATUS_OBJETO (HISTORICO_STATUS_OBJETO_ID, FECHA_STATUS, OBJETO_ID  , STATUS_OBJETO_ID ) values (186, '2020 07 31 04:32:18', 197, 1);
insert into HISTORICO_STATUS_OBJETO (HISTORICO_STATUS_OBJETO_ID, FECHA_STATUS, OBJETO_ID  , STATUS_OBJETO_ID ) values (187, '2020 02 26 22:55:44', 101, 4);
insert into HISTORICO_STATUS_OBJETO (HISTORICO_STATUS_OBJETO_ID, FECHA_STATUS, OBJETO_ID  , STATUS_OBJETO_ID ) values (188, '2021 01 11 21:13:18', 72, 2);
insert into HISTORICO_STATUS_OBJETO (HISTORICO_STATUS_OBJETO_ID, FECHA_STATUS, OBJETO_ID  , STATUS_OBJETO_ID ) values (189, '2020 08 09 03:47:46', 73, 3);
insert into HISTORICO_STATUS_OBJETO (HISTORICO_STATUS_OBJETO_ID, FECHA_STATUS, OBJETO_ID  , STATUS_OBJETO_ID ) values (190, '2020 04 22 12:54:37', 124, 3);
insert into HISTORICO_STATUS_OBJETO (HISTORICO_STATUS_OBJETO_ID, FECHA_STATUS, OBJETO_ID  , STATUS_OBJETO_ID ) values (191, '2020 02 23 15:41:15', 87, 1);
insert into HISTORICO_STATUS_OBJETO (HISTORICO_STATUS_OBJETO_ID, FECHA_STATUS, OBJETO_ID  , STATUS_OBJETO_ID ) values (192, '2020 02 14 15:15:12', 147, 3);
insert into HISTORICO_STATUS_OBJETO (HISTORICO_STATUS_OBJETO_ID, FECHA_STATUS, OBJETO_ID  , STATUS_OBJETO_ID ) values (193, '2021 01 29 21:52:14', 27, 2);
insert into HISTORICO_STATUS_OBJETO (HISTORICO_STATUS_OBJETO_ID, FECHA_STATUS, OBJETO_ID  , STATUS_OBJETO_ID ) values (194, '2020 06 15 15:47:11', 77, 4);
insert into HISTORICO_STATUS_OBJETO (HISTORICO_STATUS_OBJETO_ID, FECHA_STATUS, OBJETO_ID  , STATUS_OBJETO_ID ) values (195, '2021 01 01 09:09:02', 69, 1);
insert into HISTORICO_STATUS_OBJETO (HISTORICO_STATUS_OBJETO_ID, FECHA_STATUS, OBJETO_ID  , STATUS_OBJETO_ID ) values (196, '2020 06 15 03:31:49', 167, 2);
insert into HISTORICO_STATUS_OBJETO (HISTORICO_STATUS_OBJETO_ID, FECHA_STATUS, OBJETO_ID  , STATUS_OBJETO_ID ) values (197, '2020 02 20 20:38:16', 44, 4);
insert into HISTORICO_STATUS_OBJETO (HISTORICO_STATUS_OBJETO_ID, FECHA_STATUS, OBJETO_ID  , STATUS_OBJETO_ID ) values (198, '2020 04 27 10:18:10', 17, 3);
insert into HISTORICO_STATUS_OBJETO (HISTORICO_STATUS_OBJETO_ID, FECHA_STATUS, OBJETO_ID  , STATUS_OBJETO_ID ) values (199, '2020 11 28 00:42:24', 142, 1);
insert into HISTORICO_STATUS_OBJETO (HISTORICO_STATUS_OBJETO_ID, FECHA_STATUS, OBJETO_ID  , STATUS_OBJETO_ID ) values (200, '2020 10 27 03:36:24', 186, 3);
insert into HISTORICO_STATUS_OBJETO (HISTORICO_STATUS_OBJETO_ID, FECHA_STATUS, OBJETO_ID  , STATUS_OBJETO_ID ) values (201, '2020 06 25 19:30:55', 7, 4);
insert into HISTORICO_STATUS_OBJETO (HISTORICO_STATUS_OBJETO_ID, FECHA_STATUS, OBJETO_ID  , STATUS_OBJETO_ID ) values (202, '2020 05 09 12:16:10', 167, 3);
insert into HISTORICO_STATUS_OBJETO (HISTORICO_STATUS_OBJETO_ID, FECHA_STATUS, OBJETO_ID  , STATUS_OBJETO_ID ) values (203, '2020 03 22 21:54:56', 92, 4);
insert into HISTORICO_STATUS_OBJETO (HISTORICO_STATUS_OBJETO_ID, FECHA_STATUS, OBJETO_ID  , STATUS_OBJETO_ID ) values (204, '2021 01 13 04:01:38', 76, 4);
insert into HISTORICO_STATUS_OBJETO (HISTORICO_STATUS_OBJETO_ID, FECHA_STATUS, OBJETO_ID  , STATUS_OBJETO_ID ) values (205, '2020 11 06 02:02:50', 89, 1);
insert into HISTORICO_STATUS_OBJETO (HISTORICO_STATUS_OBJETO_ID, FECHA_STATUS, OBJETO_ID  , STATUS_OBJETO_ID ) values (206, '2020 04 11 21:19:56', 122, 2);
insert into HISTORICO_STATUS_OBJETO (HISTORICO_STATUS_OBJETO_ID, FECHA_STATUS, OBJETO_ID  , STATUS_OBJETO_ID ) values (207, '2020 04 05 02:32:07', 156, 1);
insert into HISTORICO_STATUS_OBJETO (HISTORICO_STATUS_OBJETO_ID, FECHA_STATUS, OBJETO_ID  , STATUS_OBJETO_ID ) values (208, '2020 10 02 16:11:42', 149, 2);
insert into HISTORICO_STATUS_OBJETO (HISTORICO_STATUS_OBJETO_ID, FECHA_STATUS, OBJETO_ID  , STATUS_OBJETO_ID ) values (209, '2021 01 28 13:16:33', 165, 2);
insert into HISTORICO_STATUS_OBJETO (HISTORICO_STATUS_OBJETO_ID, FECHA_STATUS, OBJETO_ID  , STATUS_OBJETO_ID ) values (210, '2020 02 25 23:01:00', 35, 1);
insert into HISTORICO_STATUS_OBJETO (HISTORICO_STATUS_OBJETO_ID, FECHA_STATUS, OBJETO_ID  , STATUS_OBJETO_ID ) values (211, '2020 03 26 21:31:56', 65, 1);
insert into HISTORICO_STATUS_OBJETO (HISTORICO_STATUS_OBJETO_ID, FECHA_STATUS, OBJETO_ID  , STATUS_OBJETO_ID ) values (212, '2020 06 17 23:45:06', 22, 2);
insert into HISTORICO_STATUS_OBJETO (HISTORICO_STATUS_OBJETO_ID, FECHA_STATUS, OBJETO_ID  , STATUS_OBJETO_ID ) values (213, '2020 06 09 06:38:16', 69, 2);
insert into HISTORICO_STATUS_OBJETO (HISTORICO_STATUS_OBJETO_ID, FECHA_STATUS, OBJETO_ID  , STATUS_OBJETO_ID ) values (214, '2020 02 13 08:34:06', 16, 4);
insert into HISTORICO_STATUS_OBJETO (HISTORICO_STATUS_OBJETO_ID, FECHA_STATUS, OBJETO_ID  , STATUS_OBJETO_ID ) values (215, '2020 08 19 00:00:10', 128, 2);
insert into HISTORICO_STATUS_OBJETO (HISTORICO_STATUS_OBJETO_ID, FECHA_STATUS, OBJETO_ID  , STATUS_OBJETO_ID ) values (216, '2020 05 08 21:40:15', 14, 3);
insert into HISTORICO_STATUS_OBJETO (HISTORICO_STATUS_OBJETO_ID, FECHA_STATUS, OBJETO_ID  , STATUS_OBJETO_ID ) values (217, '2020 04 12 01:42:47', 169, 3);
insert into HISTORICO_STATUS_OBJETO (HISTORICO_STATUS_OBJETO_ID, FECHA_STATUS, OBJETO_ID  , STATUS_OBJETO_ID ) values (218, '2020 07 07 17:15:56', 91, 1);
insert into HISTORICO_STATUS_OBJETO (HISTORICO_STATUS_OBJETO_ID, FECHA_STATUS, OBJETO_ID  , STATUS_OBJETO_ID ) values (219, '2020 12 18 01:03:43', 132, 3);
insert into HISTORICO_STATUS_OBJETO (HISTORICO_STATUS_OBJETO_ID, FECHA_STATUS, OBJETO_ID  , STATUS_OBJETO_ID ) values (220, '2020 05 28 21:14:55', 20, 2);
insert into HISTORICO_STATUS_OBJETO (HISTORICO_STATUS_OBJETO_ID, FECHA_STATUS, OBJETO_ID  , STATUS_OBJETO_ID ) values (221, '2020 07 27 00:33:08', 158, 1);
insert into HISTORICO_STATUS_OBJETO (HISTORICO_STATUS_OBJETO_ID, FECHA_STATUS, OBJETO_ID  , STATUS_OBJETO_ID ) values (222, '2020 11 16 19:20:45', 32, 2);
insert into HISTORICO_STATUS_OBJETO (HISTORICO_STATUS_OBJETO_ID, FECHA_STATUS, OBJETO_ID  , STATUS_OBJETO_ID ) values (223, '2020 10 05 02:17:23', 65, 2);
insert into HISTORICO_STATUS_OBJETO (HISTORICO_STATUS_OBJETO_ID, FECHA_STATUS, OBJETO_ID  , STATUS_OBJETO_ID ) values (224, '2021 02 02 00:15:22', 62, 3);
insert into HISTORICO_STATUS_OBJETO (HISTORICO_STATUS_OBJETO_ID, FECHA_STATUS, OBJETO_ID  , STATUS_OBJETO_ID ) values (225, '2020 05 26 18:17:20', 159, 2);
insert into HISTORICO_STATUS_OBJETO (HISTORICO_STATUS_OBJETO_ID, FECHA_STATUS, OBJETO_ID  , STATUS_OBJETO_ID ) values (226, '2020 04 02 13:31:49', 4, 2);
insert into HISTORICO_STATUS_OBJETO (HISTORICO_STATUS_OBJETO_ID, FECHA_STATUS, OBJETO_ID  , STATUS_OBJETO_ID ) values (227, '2020 03 28 15:22:28', 92, 4);
insert into HISTORICO_STATUS_OBJETO (HISTORICO_STATUS_OBJETO_ID, FECHA_STATUS, OBJETO_ID  , STATUS_OBJETO_ID ) values (228, '2020 09 18 11:20:08', 42, 1);
insert into HISTORICO_STATUS_OBJETO (HISTORICO_STATUS_OBJETO_ID, FECHA_STATUS, OBJETO_ID  , STATUS_OBJETO_ID ) values (229, '2020 09 27 09:43:12', 185, 4);
insert into HISTORICO_STATUS_OBJETO (HISTORICO_STATUS_OBJETO_ID, FECHA_STATUS, OBJETO_ID  , STATUS_OBJETO_ID ) values (230, '2021 01 08 04:19:16', 165, 4);
insert into HISTORICO_STATUS_OBJETO (HISTORICO_STATUS_OBJETO_ID, FECHA_STATUS, OBJETO_ID  , STATUS_OBJETO_ID ) values (231, '2020 10 27 22:20:12', 58, 2);
insert into HISTORICO_STATUS_OBJETO (HISTORICO_STATUS_OBJETO_ID, FECHA_STATUS, OBJETO_ID  , STATUS_OBJETO_ID ) values (232, '2020 08 18 19:17:05', 64, 3);
insert into HISTORICO_STATUS_OBJETO (HISTORICO_STATUS_OBJETO_ID, FECHA_STATUS, OBJETO_ID  , STATUS_OBJETO_ID ) values (233, '2020 05 08 04:06:02', 77, 3);
insert into HISTORICO_STATUS_OBJETO (HISTORICO_STATUS_OBJETO_ID, FECHA_STATUS, OBJETO_ID  , STATUS_OBJETO_ID ) values (234, '2021 02 01 22:04:44', 174, 3);
insert into HISTORICO_STATUS_OBJETO (HISTORICO_STATUS_OBJETO_ID, FECHA_STATUS, OBJETO_ID  , STATUS_OBJETO_ID ) values (235, '2020 08 22 14:39:34', 106, 3);
insert into HISTORICO_STATUS_OBJETO (HISTORICO_STATUS_OBJETO_ID, FECHA_STATUS, OBJETO_ID  , STATUS_OBJETO_ID ) values (236, '2020 12 04 21:11:21', 112, 2);
insert into HISTORICO_STATUS_OBJETO (HISTORICO_STATUS_OBJETO_ID, FECHA_STATUS, OBJETO_ID  , STATUS_OBJETO_ID ) values (237, '2020 12 17 17:39:50', 183, 2);
insert into HISTORICO_STATUS_OBJETO (HISTORICO_STATUS_OBJETO_ID, FECHA_STATUS, OBJETO_ID  , STATUS_OBJETO_ID ) values (238, '2020 07 26 05:44:54', 188, 3);
insert into HISTORICO_STATUS_OBJETO (HISTORICO_STATUS_OBJETO_ID, FECHA_STATUS, OBJETO_ID  , STATUS_OBJETO_ID ) values (239, '2020 07 15 01:06:26', 44, 1);
insert into HISTORICO_STATUS_OBJETO (HISTORICO_STATUS_OBJETO_ID, FECHA_STATUS, OBJETO_ID  , STATUS_OBJETO_ID ) values (240, '2020 10 01 03:15:41', 92, 4);
insert into HISTORICO_STATUS_OBJETO (HISTORICO_STATUS_OBJETO_ID, FECHA_STATUS, OBJETO_ID  , STATUS_OBJETO_ID ) values (241, '2020 11 09 10:01:20', 190, 3);
insert into HISTORICO_STATUS_OBJETO (HISTORICO_STATUS_OBJETO_ID, FECHA_STATUS, OBJETO_ID  , STATUS_OBJETO_ID ) values (242, '2020 05 02 15:00:34', 59, 4);
insert into HISTORICO_STATUS_OBJETO (HISTORICO_STATUS_OBJETO_ID, FECHA_STATUS, OBJETO_ID  , STATUS_OBJETO_ID ) values (243, '2020 11 12 02:44:15', 169, 4);
insert into HISTORICO_STATUS_OBJETO (HISTORICO_STATUS_OBJETO_ID, FECHA_STATUS, OBJETO_ID  , STATUS_OBJETO_ID ) values (244, '2021 01 10 12:16:15', 90, 3);
insert into HISTORICO_STATUS_OBJETO (HISTORICO_STATUS_OBJETO_ID, FECHA_STATUS, OBJETO_ID  , STATUS_OBJETO_ID ) values (245, '2020 03 18 11:23:05', 88, 4);
insert into HISTORICO_STATUS_OBJETO (HISTORICO_STATUS_OBJETO_ID, FECHA_STATUS, OBJETO_ID  , STATUS_OBJETO_ID ) values (246, '2020 12 13 04:12:16', 83, 2);
insert into HISTORICO_STATUS_OBJETO (HISTORICO_STATUS_OBJETO_ID, FECHA_STATUS, OBJETO_ID  , STATUS_OBJETO_ID ) values (247, '2020 04 09 02:04:41', 177, 4);
insert into HISTORICO_STATUS_OBJETO (HISTORICO_STATUS_OBJETO_ID, FECHA_STATUS, OBJETO_ID  , STATUS_OBJETO_ID ) values (248, '2021 01 28 22:19:05', 122, 3);
insert into HISTORICO_STATUS_OBJETO (HISTORICO_STATUS_OBJETO_ID, FECHA_STATUS, OBJETO_ID  , STATUS_OBJETO_ID ) values (249, '2020 07 17 00:43:59', 17, 2);
insert into HISTORICO_STATUS_OBJETO (HISTORICO_STATUS_OBJETO_ID, FECHA_STATUS, OBJETO_ID  , STATUS_OBJETO_ID ) values (250, '2020 02 16 05:12:35', 78, 2);
insert into HISTORICO_STATUS_OBJETO (HISTORICO_STATUS_OBJETO_ID, FECHA_STATUS, OBJETO_ID  , STATUS_OBJETO_ID ) values (251, '2020 11 13 05:03:29', 113, 4);
insert into HISTORICO_STATUS_OBJETO (HISTORICO_STATUS_OBJETO_ID, FECHA_STATUS, OBJETO_ID  , STATUS_OBJETO_ID ) values (252, '2020 02 23 09:48:59', 193, 3);
insert into HISTORICO_STATUS_OBJETO (HISTORICO_STATUS_OBJETO_ID, FECHA_STATUS, OBJETO_ID  , STATUS_OBJETO_ID ) values (253, '2020 12 25 03:44:33', 46, 3);
insert into HISTORICO_STATUS_OBJETO (HISTORICO_STATUS_OBJETO_ID, FECHA_STATUS, OBJETO_ID  , STATUS_OBJETO_ID ) values (254, '2020 05 18 15:32:45', 50, 2);
insert into HISTORICO_STATUS_OBJETO (HISTORICO_STATUS_OBJETO_ID, FECHA_STATUS, OBJETO_ID  , STATUS_OBJETO_ID ) values (255, '2021 01 14 12:45:45', 157, 4);
insert into HISTORICO_STATUS_OBJETO (HISTORICO_STATUS_OBJETO_ID, FECHA_STATUS, OBJETO_ID  , STATUS_OBJETO_ID ) values (256, '2021 01 10 19:56:49', 173, 3);
insert into HISTORICO_STATUS_OBJETO (HISTORICO_STATUS_OBJETO_ID, FECHA_STATUS, OBJETO_ID  , STATUS_OBJETO_ID ) values (257, '2020 08 17 09:47:38', 139, 1);
insert into HISTORICO_STATUS_OBJETO (HISTORICO_STATUS_OBJETO_ID, FECHA_STATUS, OBJETO_ID  , STATUS_OBJETO_ID ) values (258, '2020 06 18 12:50:34', 51, 4);
insert into HISTORICO_STATUS_OBJETO (HISTORICO_STATUS_OBJETO_ID, FECHA_STATUS, OBJETO_ID  , STATUS_OBJETO_ID ) values (259, '2020 12 11 02:39:27', 50, 1);
insert into HISTORICO_STATUS_OBJETO (HISTORICO_STATUS_OBJETO_ID, FECHA_STATUS, OBJETO_ID  , STATUS_OBJETO_ID ) values (260, '2020 02 12 14:10:49', 7, 4);
insert into HISTORICO_STATUS_OBJETO (HISTORICO_STATUS_OBJETO_ID, FECHA_STATUS, OBJETO_ID  , STATUS_OBJETO_ID ) values (261, '2020 06 14 03:47:39', 162, 4);
insert into HISTORICO_STATUS_OBJETO (HISTORICO_STATUS_OBJETO_ID, FECHA_STATUS, OBJETO_ID  , STATUS_OBJETO_ID ) values (262, '2021 01 22 07:22:14', 180, 2);
insert into HISTORICO_STATUS_OBJETO (HISTORICO_STATUS_OBJETO_ID, FECHA_STATUS, OBJETO_ID  , STATUS_OBJETO_ID ) values (263, '2020 07 21 16:23:44', 99, 4);
insert into HISTORICO_STATUS_OBJETO (HISTORICO_STATUS_OBJETO_ID, FECHA_STATUS, OBJETO_ID  , STATUS_OBJETO_ID ) values (264, '2020 12 28 14:21:08', 4, 2);
insert into HISTORICO_STATUS_OBJETO (HISTORICO_STATUS_OBJETO_ID, FECHA_STATUS, OBJETO_ID  , STATUS_OBJETO_ID ) values (265, '2020 05 09 16:02:59', 33, 4);
insert into HISTORICO_STATUS_OBJETO (HISTORICO_STATUS_OBJETO_ID, FECHA_STATUS, OBJETO_ID  , STATUS_OBJETO_ID ) values (266, '2020 05 17 23:17:50', 145, 2);
insert into HISTORICO_STATUS_OBJETO (HISTORICO_STATUS_OBJETO_ID, FECHA_STATUS, OBJETO_ID  , STATUS_OBJETO_ID ) values (267, '2020 03 01 00:34:31', 198, 4);
insert into HISTORICO_STATUS_OBJETO (HISTORICO_STATUS_OBJETO_ID, FECHA_STATUS, OBJETO_ID  , STATUS_OBJETO_ID ) values (268, '2020 06 12 18:13:13', 67, 2);
insert into HISTORICO_STATUS_OBJETO (HISTORICO_STATUS_OBJETO_ID, FECHA_STATUS, OBJETO_ID  , STATUS_OBJETO_ID ) values (269, '2020 04 07 11:21:02', 193, 4);
insert into HISTORICO_STATUS_OBJETO (HISTORICO_STATUS_OBJETO_ID, FECHA_STATUS, OBJETO_ID  , STATUS_OBJETO_ID ) values (270, '2020 02 17 15:19:46', 185, 3);
insert into HISTORICO_STATUS_OBJETO (HISTORICO_STATUS_OBJETO_ID, FECHA_STATUS, OBJETO_ID  , STATUS_OBJETO_ID ) values (271, '2020 08 28 11:56:53', 117, 4);
insert into HISTORICO_STATUS_OBJETO (HISTORICO_STATUS_OBJETO_ID, FECHA_STATUS, OBJETO_ID  , STATUS_OBJETO_ID ) values (272, '2020 02 11 13:40:49', 11, 4);
insert into HISTORICO_STATUS_OBJETO (HISTORICO_STATUS_OBJETO_ID, FECHA_STATUS, OBJETO_ID  , STATUS_OBJETO_ID ) values (273, '2020 07 09 07:19:51', 98, 4);
insert into HISTORICO_STATUS_OBJETO (HISTORICO_STATUS_OBJETO_ID, FECHA_STATUS, OBJETO_ID  , STATUS_OBJETO_ID ) values (274, '2020 10 29 23:51:26', 180, 2);
insert into HISTORICO_STATUS_OBJETO (HISTORICO_STATUS_OBJETO_ID, FECHA_STATUS, OBJETO_ID  , STATUS_OBJETO_ID ) values (275, '2020 12 30 12:49:17', 128, 2);
insert into HISTORICO_STATUS_OBJETO (HISTORICO_STATUS_OBJETO_ID, FECHA_STATUS, OBJETO_ID  , STATUS_OBJETO_ID ) values (276, '2020 06 27 04:27:00', 83, 1);
insert into HISTORICO_STATUS_OBJETO (HISTORICO_STATUS_OBJETO_ID, FECHA_STATUS, OBJETO_ID  , STATUS_OBJETO_ID ) values (277, '2020 09 12 17:37:21', 94, 4);
insert into HISTORICO_STATUS_OBJETO (HISTORICO_STATUS_OBJETO_ID, FECHA_STATUS, OBJETO_ID  , STATUS_OBJETO_ID ) values (278, '2020 04 28 09:28:02', 177, 2);
insert into HISTORICO_STATUS_OBJETO (HISTORICO_STATUS_OBJETO_ID, FECHA_STATUS, OBJETO_ID  , STATUS_OBJETO_ID ) values (279, '2020 11 22 01:48:16', 43, 3);
insert into HISTORICO_STATUS_OBJETO (HISTORICO_STATUS_OBJETO_ID, FECHA_STATUS, OBJETO_ID  , STATUS_OBJETO_ID ) values (280, '2020 03 03 14:19:26', 69, 1);
insert into HISTORICO_STATUS_OBJETO (HISTORICO_STATUS_OBJETO_ID, FECHA_STATUS, OBJETO_ID  , STATUS_OBJETO_ID ) values (281, '2020 11 14 23:32:02', 169, 4);
insert into HISTORICO_STATUS_OBJETO (HISTORICO_STATUS_OBJETO_ID, FECHA_STATUS, OBJETO_ID  , STATUS_OBJETO_ID ) values (282, '2020 06 10 20:31:52', 94, 1);
insert into HISTORICO_STATUS_OBJETO (HISTORICO_STATUS_OBJETO_ID, FECHA_STATUS, OBJETO_ID  , STATUS_OBJETO_ID ) values (283, '2020 11 17 18:25:05', 137, 2);
insert into HISTORICO_STATUS_OBJETO (HISTORICO_STATUS_OBJETO_ID, FECHA_STATUS, OBJETO_ID  , STATUS_OBJETO_ID ) values (284, '2021 01 31 07:47:52', 177, 1);
insert into HISTORICO_STATUS_OBJETO (HISTORICO_STATUS_OBJETO_ID, FECHA_STATUS, OBJETO_ID  , STATUS_OBJETO_ID ) values (285, '2021 01 29 03:29:48', 122, 4);
insert into HISTORICO_STATUS_OBJETO (HISTORICO_STATUS_OBJETO_ID, FECHA_STATUS, OBJETO_ID  , STATUS_OBJETO_ID ) values (286, '2020 09 29 19:14:02', 94, 3);
insert into HISTORICO_STATUS_OBJETO (HISTORICO_STATUS_OBJETO_ID, FECHA_STATUS, OBJETO_ID  , STATUS_OBJETO_ID ) values (287, '2020 04 29 07:38:42', 44, 4);
insert into HISTORICO_STATUS_OBJETO (HISTORICO_STATUS_OBJETO_ID, FECHA_STATUS, OBJETO_ID  , STATUS_OBJETO_ID ) values (288, '2021 01 13 05:26:39', 108, 1);
insert into HISTORICO_STATUS_OBJETO (HISTORICO_STATUS_OBJETO_ID, FECHA_STATUS, OBJETO_ID  , STATUS_OBJETO_ID ) values (289, '2020 08 10 01:01:43', 118, 3);
insert into HISTORICO_STATUS_OBJETO (HISTORICO_STATUS_OBJETO_ID, FECHA_STATUS, OBJETO_ID  , STATUS_OBJETO_ID ) values (290, '2020 03 15 03:38:50', 1, 2);
insert into HISTORICO_STATUS_OBJETO (HISTORICO_STATUS_OBJETO_ID, FECHA_STATUS, OBJETO_ID  , STATUS_OBJETO_ID ) values (291, '2020 05 12 10:20:44', 116, 1);
insert into HISTORICO_STATUS_OBJETO (HISTORICO_STATUS_OBJETO_ID, FECHA_STATUS, OBJETO_ID  , STATUS_OBJETO_ID ) values (292, '2020 12 09 21:23:13', 56, 1);
insert into HISTORICO_STATUS_OBJETO (HISTORICO_STATUS_OBJETO_ID, FECHA_STATUS, OBJETO_ID  , STATUS_OBJETO_ID ) values (293, '2020 10 02 08:23:30', 145, 4);
insert into HISTORICO_STATUS_OBJETO (HISTORICO_STATUS_OBJETO_ID, FECHA_STATUS, OBJETO_ID  , STATUS_OBJETO_ID ) values (294, '2020 02 09 12:41:41', 129, 1);
insert into HISTORICO_STATUS_OBJETO (HISTORICO_STATUS_OBJETO_ID, FECHA_STATUS, OBJETO_ID  , STATUS_OBJETO_ID ) values (295, '2020 07 16 23:30:59', 184, 3);
insert into HISTORICO_STATUS_OBJETO (HISTORICO_STATUS_OBJETO_ID, FECHA_STATUS, OBJETO_ID  , STATUS_OBJETO_ID ) values (296, '2020 04 27 03:55:54', 174, 2);
insert into HISTORICO_STATUS_OBJETO (HISTORICO_STATUS_OBJETO_ID, FECHA_STATUS, OBJETO_ID  , STATUS_OBJETO_ID ) values (297, '2020 10 09 16:38:55', 143, 1);
insert into HISTORICO_STATUS_OBJETO (HISTORICO_STATUS_OBJETO_ID, FECHA_STATUS, OBJETO_ID  , STATUS_OBJETO_ID ) values (298, '2020 10 11 18:01:40', 125, 2);
insert into HISTORICO_STATUS_OBJETO (HISTORICO_STATUS_OBJETO_ID, FECHA_STATUS, OBJETO_ID  , STATUS_OBJETO_ID ) values (299, '2020 11 17 10:40:06', 117, 1);
insert into HISTORICO_STATUS_OBJETO (HISTORICO_STATUS_OBJETO_ID, FECHA_STATUS, OBJETO_ID  , STATUS_OBJETO_ID ) values (300, '2020 07 14 19:29:10', 172, 3);
insert into HISTORICO_STATUS_OBJETO (HISTORICO_STATUS_OBJETO_ID, FECHA_STATUS, OBJETO_ID  , STATUS_OBJETO_ID ) values (301, '2020 03 03 22:05:27', 169, 4);
insert into HISTORICO_STATUS_OBJETO (HISTORICO_STATUS_OBJETO_ID, FECHA_STATUS, OBJETO_ID  , STATUS_OBJETO_ID ) values (302, '2020 03 04 17:48:29', 200, 2);
insert into HISTORICO_STATUS_OBJETO (HISTORICO_STATUS_OBJETO_ID, FECHA_STATUS, OBJETO_ID  , STATUS_OBJETO_ID ) values (303, '2020 10 06 02:31:27', 166, 2);
insert into HISTORICO_STATUS_OBJETO (HISTORICO_STATUS_OBJETO_ID, FECHA_STATUS, OBJETO_ID  , STATUS_OBJETO_ID ) values (304, '2020 02 12 11:39:00', 94, 4);
insert into HISTORICO_STATUS_OBJETO (HISTORICO_STATUS_OBJETO_ID, FECHA_STATUS, OBJETO_ID  , STATUS_OBJETO_ID ) values (305, '2020 07 16 03:03:22', 93, 4);
insert into HISTORICO_STATUS_OBJETO (HISTORICO_STATUS_OBJETO_ID, FECHA_STATUS, OBJETO_ID  , STATUS_OBJETO_ID ) values (306, '2020 09 16 14:56:35', 33, 2);
insert into HISTORICO_STATUS_OBJETO (HISTORICO_STATUS_OBJETO_ID, FECHA_STATUS, OBJETO_ID  , STATUS_OBJETO_ID ) values (307, '2021 01 07 19:13:44', 14, 2);
insert into HISTORICO_STATUS_OBJETO (HISTORICO_STATUS_OBJETO_ID, FECHA_STATUS, OBJETO_ID  , STATUS_OBJETO_ID ) values (308, '2020 11 22 15:03:29', 102, 1);
insert into HISTORICO_STATUS_OBJETO (HISTORICO_STATUS_OBJETO_ID, FECHA_STATUS, OBJETO_ID  , STATUS_OBJETO_ID ) values (309, '2020 12 13 16:28:34', 144, 1);
insert into HISTORICO_STATUS_OBJETO (HISTORICO_STATUS_OBJETO_ID, FECHA_STATUS, OBJETO_ID  , STATUS_OBJETO_ID ) values (310, '2020 04 23 04:59:54', 195, 4);
insert into HISTORICO_STATUS_OBJETO (HISTORICO_STATUS_OBJETO_ID, FECHA_STATUS, OBJETO_ID  , STATUS_OBJETO_ID ) values (311, '2020 08 27 11:52:43', 158, 2);
insert into HISTORICO_STATUS_OBJETO (HISTORICO_STATUS_OBJETO_ID, FECHA_STATUS, OBJETO_ID  , STATUS_OBJETO_ID ) values (312, '2020 06 25 05:23:55', 39, 4);
insert into HISTORICO_STATUS_OBJETO (HISTORICO_STATUS_OBJETO_ID, FECHA_STATUS, OBJETO_ID  , STATUS_OBJETO_ID ) values (313, '2020 09 09 13:48:39', 166, 4);
insert into HISTORICO_STATUS_OBJETO (HISTORICO_STATUS_OBJETO_ID, FECHA_STATUS, OBJETO_ID  , STATUS_OBJETO_ID ) values (314, '2020 08 21 09:35:02', 85, 4);
insert into HISTORICO_STATUS_OBJETO (HISTORICO_STATUS_OBJETO_ID, FECHA_STATUS, OBJETO_ID  , STATUS_OBJETO_ID ) values (315, '2020 05 26 00:59:07', 7, 2);
insert into HISTORICO_STATUS_OBJETO (HISTORICO_STATUS_OBJETO_ID, FECHA_STATUS, OBJETO_ID  , STATUS_OBJETO_ID ) values (316, '2020 06 23 01:14:39', 99, 1);
insert into HISTORICO_STATUS_OBJETO (HISTORICO_STATUS_OBJETO_ID, FECHA_STATUS, OBJETO_ID  , STATUS_OBJETO_ID ) values (317, '2020 08 11 03:42:40', 74, 2);
insert into HISTORICO_STATUS_OBJETO (HISTORICO_STATUS_OBJETO_ID, FECHA_STATUS, OBJETO_ID  , STATUS_OBJETO_ID ) values (318, '2020 03 04 10:03:12', 94, 4);
insert into HISTORICO_STATUS_OBJETO (HISTORICO_STATUS_OBJETO_ID, FECHA_STATUS, OBJETO_ID  , STATUS_OBJETO_ID ) values (319, '2020 10 06 02:25:19', 103, 1);
insert into HISTORICO_STATUS_OBJETO (HISTORICO_STATUS_OBJETO_ID, FECHA_STATUS, OBJETO_ID  , STATUS_OBJETO_ID ) values (320, '2020 05 01 19:02:58', 166, 3);
insert into HISTORICO_STATUS_OBJETO (HISTORICO_STATUS_OBJETO_ID, FECHA_STATUS, OBJETO_ID  , STATUS_OBJETO_ID ) values (321, '2020 11 17 13:57:30', 32, 4);
insert into HISTORICO_STATUS_OBJETO (HISTORICO_STATUS_OBJETO_ID, FECHA_STATUS, OBJETO_ID  , STATUS_OBJETO_ID ) values (322, '2020 06 07 14:46:16', 38, 2);
insert into HISTORICO_STATUS_OBJETO (HISTORICO_STATUS_OBJETO_ID, FECHA_STATUS, OBJETO_ID  , STATUS_OBJETO_ID ) values (323, '2020 06 19 13:26:56', 124, 3);
insert into HISTORICO_STATUS_OBJETO (HISTORICO_STATUS_OBJETO_ID, FECHA_STATUS, OBJETO_ID  , STATUS_OBJETO_ID ) values (324, '2020 11 10 08:32:49', 68, 1);
insert into HISTORICO_STATUS_OBJETO (HISTORICO_STATUS_OBJETO_ID, FECHA_STATUS, OBJETO_ID  , STATUS_OBJETO_ID ) values (325, '2020 02 21 16:49:39', 38, 4);
insert into HISTORICO_STATUS_OBJETO (HISTORICO_STATUS_OBJETO_ID, FECHA_STATUS, OBJETO_ID  , STATUS_OBJETO_ID ) values (326, '2020 05 03 07:26:11', 200, 1);
insert into HISTORICO_STATUS_OBJETO (HISTORICO_STATUS_OBJETO_ID, FECHA_STATUS, OBJETO_ID  , STATUS_OBJETO_ID ) values (327, '2020 05 17 06:45:43', 34, 4);
insert into HISTORICO_STATUS_OBJETO (HISTORICO_STATUS_OBJETO_ID, FECHA_STATUS, OBJETO_ID  , STATUS_OBJETO_ID ) values (328, '2020 04 04 07:03:53', 135, 3);
insert into HISTORICO_STATUS_OBJETO (HISTORICO_STATUS_OBJETO_ID, FECHA_STATUS, OBJETO_ID  , STATUS_OBJETO_ID ) values (329, '2020 07 26 05:05:46', 25, 1);
insert into HISTORICO_STATUS_OBJETO (HISTORICO_STATUS_OBJETO_ID, FECHA_STATUS, OBJETO_ID  , STATUS_OBJETO_ID ) values (330, '2020 09 18 13:58:34', 100, 3);
insert into HISTORICO_STATUS_OBJETO (HISTORICO_STATUS_OBJETO_ID, FECHA_STATUS, OBJETO_ID  , STATUS_OBJETO_ID ) values (331, '2020 08 12 02:07:39', 38, 4);
insert into HISTORICO_STATUS_OBJETO (HISTORICO_STATUS_OBJETO_ID, FECHA_STATUS, OBJETO_ID  , STATUS_OBJETO_ID ) values (332, '2020 08 12 22:42:14', 161, 3);
insert into HISTORICO_STATUS_OBJETO (HISTORICO_STATUS_OBJETO_ID, FECHA_STATUS, OBJETO_ID  , STATUS_OBJETO_ID ) values (333, '2020 08 06 20:00:46', 27, 1);
insert into HISTORICO_STATUS_OBJETO (HISTORICO_STATUS_OBJETO_ID, FECHA_STATUS, OBJETO_ID  , STATUS_OBJETO_ID ) values (334, '2020 08 01 05:53:27', 182, 3);
insert into HISTORICO_STATUS_OBJETO (HISTORICO_STATUS_OBJETO_ID, FECHA_STATUS, OBJETO_ID  , STATUS_OBJETO_ID ) values (335, '2020 07 06 21:15:27', 42, 4);
insert into HISTORICO_STATUS_OBJETO (HISTORICO_STATUS_OBJETO_ID, FECHA_STATUS, OBJETO_ID  , STATUS_OBJETO_ID ) values (336, '2020 07 14 17:44:12', 167, 4);
insert into HISTORICO_STATUS_OBJETO (HISTORICO_STATUS_OBJETO_ID, FECHA_STATUS, OBJETO_ID  , STATUS_OBJETO_ID ) values (337, '2021 02 01 02:49:24', 136, 2);
insert into HISTORICO_STATUS_OBJETO (HISTORICO_STATUS_OBJETO_ID, FECHA_STATUS, OBJETO_ID  , STATUS_OBJETO_ID ) values (338, '2020 04 23 12:21:10', 190, 4);
insert into HISTORICO_STATUS_OBJETO (HISTORICO_STATUS_OBJETO_ID, FECHA_STATUS, OBJETO_ID  , STATUS_OBJETO_ID ) values (339, '2020 03 23 12:37:48', 54, 3);
insert into HISTORICO_STATUS_OBJETO (HISTORICO_STATUS_OBJETO_ID, FECHA_STATUS, OBJETO_ID  , STATUS_OBJETO_ID ) values (340, '2020 04 28 04:07:11', 35, 4);
insert into HISTORICO_STATUS_OBJETO (HISTORICO_STATUS_OBJETO_ID, FECHA_STATUS, OBJETO_ID  , STATUS_OBJETO_ID ) values (341, '2020 09 18 14:02:24', 53, 4);
insert into HISTORICO_STATUS_OBJETO (HISTORICO_STATUS_OBJETO_ID, FECHA_STATUS, OBJETO_ID  , STATUS_OBJETO_ID ) values (342, '2020 05 27 14:07:56', 120, 2);
insert into HISTORICO_STATUS_OBJETO (HISTORICO_STATUS_OBJETO_ID, FECHA_STATUS, OBJETO_ID  , STATUS_OBJETO_ID ) values (343, '2020 08 08 04:54:29', 36, 2);
insert into HISTORICO_STATUS_OBJETO (HISTORICO_STATUS_OBJETO_ID, FECHA_STATUS, OBJETO_ID  , STATUS_OBJETO_ID ) values (344, '2020 06 06 16:30:18', 183, 4);
insert into HISTORICO_STATUS_OBJETO (HISTORICO_STATUS_OBJETO_ID, FECHA_STATUS, OBJETO_ID  , STATUS_OBJETO_ID ) values (345, '2020 11 30 17:25:32', 75, 1);
insert into HISTORICO_STATUS_OBJETO (HISTORICO_STATUS_OBJETO_ID, FECHA_STATUS, OBJETO_ID  , STATUS_OBJETO_ID ) values (346, '2020 03 15 22:51:18', 183, 2);
insert into HISTORICO_STATUS_OBJETO (HISTORICO_STATUS_OBJETO_ID, FECHA_STATUS, OBJETO_ID  , STATUS_OBJETO_ID ) values (347, '2020 07 29 07:59:22', 126, 1);
insert into HISTORICO_STATUS_OBJETO (HISTORICO_STATUS_OBJETO_ID, FECHA_STATUS, OBJETO_ID  , STATUS_OBJETO_ID ) values (348, '2021 02 01 00:32:21', 127, 4);
insert into HISTORICO_STATUS_OBJETO (HISTORICO_STATUS_OBJETO_ID, FECHA_STATUS, OBJETO_ID  , STATUS_OBJETO_ID ) values (349, '2020 06 25 07:52:08', 169, 4);
insert into HISTORICO_STATUS_OBJETO (HISTORICO_STATUS_OBJETO_ID, FECHA_STATUS, OBJETO_ID  , STATUS_OBJETO_ID ) values (350, '2020 10 07 11:23:19', 138, 2);
insert into HISTORICO_STATUS_OBJETO (HISTORICO_STATUS_OBJETO_ID, FECHA_STATUS, OBJETO_ID  , STATUS_OBJETO_ID ) values (351, '2020 05 12 14:36:52', 10, 4);
insert into HISTORICO_STATUS_OBJETO (HISTORICO_STATUS_OBJETO_ID, FECHA_STATUS, OBJETO_ID  , STATUS_OBJETO_ID ) values (352, '2020 10 11 20:41:02', 150, 2);
insert into HISTORICO_STATUS_OBJETO (HISTORICO_STATUS_OBJETO_ID, FECHA_STATUS, OBJETO_ID  , STATUS_OBJETO_ID ) values (353, '2020 07 26 22:30:26', 177, 4);
insert into HISTORICO_STATUS_OBJETO (HISTORICO_STATUS_OBJETO_ID, FECHA_STATUS, OBJETO_ID  , STATUS_OBJETO_ID ) values (354, '2020 02 08 09:45:40', 3, 1);
insert into HISTORICO_STATUS_OBJETO (HISTORICO_STATUS_OBJETO_ID, FECHA_STATUS, OBJETO_ID  , STATUS_OBJETO_ID ) values (355, '2020 09 07 00:50:02', 174, 3);
insert into HISTORICO_STATUS_OBJETO (HISTORICO_STATUS_OBJETO_ID, FECHA_STATUS, OBJETO_ID  , STATUS_OBJETO_ID ) values (356, '2020 10 28 15:55:51', 198, 4);
insert into HISTORICO_STATUS_OBJETO (HISTORICO_STATUS_OBJETO_ID, FECHA_STATUS, OBJETO_ID  , STATUS_OBJETO_ID ) values (357, '2020 03 06 03:08:57', 49, 1);
insert into HISTORICO_STATUS_OBJETO (HISTORICO_STATUS_OBJETO_ID, FECHA_STATUS, OBJETO_ID  , STATUS_OBJETO_ID ) values (358, '2021 01 20 09:26:29', 189, 3);
insert into HISTORICO_STATUS_OBJETO (HISTORICO_STATUS_OBJETO_ID, FECHA_STATUS, OBJETO_ID  , STATUS_OBJETO_ID ) values (359, '2020 07 17 05:09:46', 82, 3);
insert into HISTORICO_STATUS_OBJETO (HISTORICO_STATUS_OBJETO_ID, FECHA_STATUS, OBJETO_ID  , STATUS_OBJETO_ID ) values (360, '2021 01 11 06:51:25', 96, 3);
insert into HISTORICO_STATUS_OBJETO (HISTORICO_STATUS_OBJETO_ID, FECHA_STATUS, OBJETO_ID  , STATUS_OBJETO_ID ) values (361, '2020 07 29 07:25:37', 17, 4);
insert into HISTORICO_STATUS_OBJETO (HISTORICO_STATUS_OBJETO_ID, FECHA_STATUS, OBJETO_ID  , STATUS_OBJETO_ID ) values (362, '2020 06 06 12:36:28', 116, 1);
insert into HISTORICO_STATUS_OBJETO (HISTORICO_STATUS_OBJETO_ID, FECHA_STATUS, OBJETO_ID  , STATUS_OBJETO_ID ) values (363, '2020 10 08 22:53:09', 174, 2);
insert into HISTORICO_STATUS_OBJETO (HISTORICO_STATUS_OBJETO_ID, FECHA_STATUS, OBJETO_ID  , STATUS_OBJETO_ID ) values (364, '2020 09 13 21:47:50', 9, 3);
insert into HISTORICO_STATUS_OBJETO (HISTORICO_STATUS_OBJETO_ID, FECHA_STATUS, OBJETO_ID  , STATUS_OBJETO_ID ) values (365, '2020 05 21 04:56:11', 157, 2);
insert into HISTORICO_STATUS_OBJETO (HISTORICO_STATUS_OBJETO_ID, FECHA_STATUS, OBJETO_ID  , STATUS_OBJETO_ID ) values (366, '2020 05 05 07:07:57', 189, 1);
insert into HISTORICO_STATUS_OBJETO (HISTORICO_STATUS_OBJETO_ID, FECHA_STATUS, OBJETO_ID  , STATUS_OBJETO_ID ) values (367, '2020 03 10 20:47:58', 50, 4);
insert into HISTORICO_STATUS_OBJETO (HISTORICO_STATUS_OBJETO_ID, FECHA_STATUS, OBJETO_ID  , STATUS_OBJETO_ID ) values (368, '2020 05 12 06:27:48', 56, 2);
insert into HISTORICO_STATUS_OBJETO (HISTORICO_STATUS_OBJETO_ID, FECHA_STATUS, OBJETO_ID  , STATUS_OBJETO_ID ) values (369, '2020 08 09 13:45:12', 174, 4);
insert into HISTORICO_STATUS_OBJETO (HISTORICO_STATUS_OBJETO_ID, FECHA_STATUS, OBJETO_ID  , STATUS_OBJETO_ID ) values (370, '2020 08 18 12:12:04', 184, 4);
insert into HISTORICO_STATUS_OBJETO (HISTORICO_STATUS_OBJETO_ID, FECHA_STATUS, OBJETO_ID  , STATUS_OBJETO_ID ) values (371, '2020 11 21 06:29:03', 60, 4);
insert into HISTORICO_STATUS_OBJETO (HISTORICO_STATUS_OBJETO_ID, FECHA_STATUS, OBJETO_ID  , STATUS_OBJETO_ID ) values (372, '2020 05 03 11:35:01', 200, 1);
insert into HISTORICO_STATUS_OBJETO (HISTORICO_STATUS_OBJETO_ID, FECHA_STATUS, OBJETO_ID  , STATUS_OBJETO_ID ) values (373, '2020 08 01 02:24:21', 118, 1);
insert into HISTORICO_STATUS_OBJETO (HISTORICO_STATUS_OBJETO_ID, FECHA_STATUS, OBJETO_ID  , STATUS_OBJETO_ID ) values (374, '2021 01 17 00:36:54', 95, 1);
insert into HISTORICO_STATUS_OBJETO (HISTORICO_STATUS_OBJETO_ID, FECHA_STATUS, OBJETO_ID  , STATUS_OBJETO_ID ) values (375, '2020 11 07 16:55:50', 140, 1);
insert into HISTORICO_STATUS_OBJETO (HISTORICO_STATUS_OBJETO_ID, FECHA_STATUS, OBJETO_ID  , STATUS_OBJETO_ID ) values (376, '2020 02 09 19:30:54', 52, 4);
insert into HISTORICO_STATUS_OBJETO (HISTORICO_STATUS_OBJETO_ID, FECHA_STATUS, OBJETO_ID  , STATUS_OBJETO_ID ) values (377, '2020 10 25 18:30:42', 67, 1);
insert into HISTORICO_STATUS_OBJETO (HISTORICO_STATUS_OBJETO_ID, FECHA_STATUS, OBJETO_ID  , STATUS_OBJETO_ID ) values (378, '2020 03 28 05:38:54', 175, 1);
insert into HISTORICO_STATUS_OBJETO (HISTORICO_STATUS_OBJETO_ID, FECHA_STATUS, OBJETO_ID  , STATUS_OBJETO_ID ) values (379, '2020 05 04 22:10:53', 97, 1);
insert into HISTORICO_STATUS_OBJETO (HISTORICO_STATUS_OBJETO_ID, FECHA_STATUS, OBJETO_ID  , STATUS_OBJETO_ID ) values (380, '2020 04 19 17:35:07', 164, 3);
insert into HISTORICO_STATUS_OBJETO (HISTORICO_STATUS_OBJETO_ID, FECHA_STATUS, OBJETO_ID  , STATUS_OBJETO_ID ) values (381, '2020 07 09 19:49:32', 63, 4);
insert into HISTORICO_STATUS_OBJETO (HISTORICO_STATUS_OBJETO_ID, FECHA_STATUS, OBJETO_ID  , STATUS_OBJETO_ID ) values (382, '2020 03 06 00:07:09', 141, 3);
insert into HISTORICO_STATUS_OBJETO (HISTORICO_STATUS_OBJETO_ID, FECHA_STATUS, OBJETO_ID  , STATUS_OBJETO_ID ) values (383, '2020 07 30 17:02:22', 121, 4);
insert into HISTORICO_STATUS_OBJETO (HISTORICO_STATUS_OBJETO_ID, FECHA_STATUS, OBJETO_ID  , STATUS_OBJETO_ID ) values (384, '2020 05 22 05:11:03', 22, 2);
insert into HISTORICO_STATUS_OBJETO (HISTORICO_STATUS_OBJETO_ID, FECHA_STATUS, OBJETO_ID  , STATUS_OBJETO_ID ) values (385, '2020 08 15 20:45:37', 3, 2);
insert into HISTORICO_STATUS_OBJETO (HISTORICO_STATUS_OBJETO_ID, FECHA_STATUS, OBJETO_ID  , STATUS_OBJETO_ID ) values (386, '2020 08 29 01:22:16', 40, 3);
insert into HISTORICO_STATUS_OBJETO (HISTORICO_STATUS_OBJETO_ID, FECHA_STATUS, OBJETO_ID  , STATUS_OBJETO_ID ) values (387, '2020 05 14 22:36:24', 126, 3);
insert into HISTORICO_STATUS_OBJETO (HISTORICO_STATUS_OBJETO_ID, FECHA_STATUS, OBJETO_ID  , STATUS_OBJETO_ID ) values (388, '2020 12 13 10:01:23', 66, 2);
insert into HISTORICO_STATUS_OBJETO (HISTORICO_STATUS_OBJETO_ID, FECHA_STATUS, OBJETO_ID  , STATUS_OBJETO_ID ) values (389, '2021 01 14 15:55:02', 168, 4);
insert into HISTORICO_STATUS_OBJETO (HISTORICO_STATUS_OBJETO_ID, FECHA_STATUS, OBJETO_ID  , STATUS_OBJETO_ID ) values (390, '2021 01 29 21:09:39', 184, 4);
insert into HISTORICO_STATUS_OBJETO (HISTORICO_STATUS_OBJETO_ID, FECHA_STATUS, OBJETO_ID  , STATUS_OBJETO_ID ) values (391, '2020 10 20 22:17:36', 58, 3);
insert into HISTORICO_STATUS_OBJETO (HISTORICO_STATUS_OBJETO_ID, FECHA_STATUS, OBJETO_ID  , STATUS_OBJETO_ID ) values (392, '2020 03 14 22:50:52', 97, 4);
insert into HISTORICO_STATUS_OBJETO (HISTORICO_STATUS_OBJETO_ID, FECHA_STATUS, OBJETO_ID  , STATUS_OBJETO_ID ) values (393, '2020 10 08 20:02:47', 20, 4);
insert into HISTORICO_STATUS_OBJETO (HISTORICO_STATUS_OBJETO_ID, FECHA_STATUS, OBJETO_ID  , STATUS_OBJETO_ID ) values (394, '2020 12 26 17:49:00', 11, 3);
insert into HISTORICO_STATUS_OBJETO (HISTORICO_STATUS_OBJETO_ID, FECHA_STATUS, OBJETO_ID  , STATUS_OBJETO_ID ) values (395, '2020 11 17 00:33:14', 69, 3);
insert into HISTORICO_STATUS_OBJETO (HISTORICO_STATUS_OBJETO_ID, FECHA_STATUS, OBJETO_ID  , STATUS_OBJETO_ID ) values (396, '2020 05 07 07:53:42', 162, 1);
insert into HISTORICO_STATUS_OBJETO (HISTORICO_STATUS_OBJETO_ID, FECHA_STATUS, OBJETO_ID  , STATUS_OBJETO_ID ) values (397, '2021 01 02 05:44:09', 134, 4);
insert into HISTORICO_STATUS_OBJETO (HISTORICO_STATUS_OBJETO_ID, FECHA_STATUS, OBJETO_ID  , STATUS_OBJETO_ID ) values (398, '2020 06 10 01:57:41', 67, 4);
insert into HISTORICO_STATUS_OBJETO (HISTORICO_STATUS_OBJETO_ID, FECHA_STATUS, OBJETO_ID  , STATUS_OBJETO_ID ) values (399, '2020 06 13 21:37:00', 60, 3);
insert into HISTORICO_STATUS_OBJETO (HISTORICO_STATUS_OBJETO_ID, FECHA_STATUS, OBJETO_ID  , STATUS_OBJETO_ID ) values (400, '2020 05 10 17:34:49', 9, 1);
alter table HISTORICO_STATUS_OBJETO logging;
-- 
-- TABLE: OFERTA 
--
alter table OFERTA nologging;
insert into OFERTA (OFERTA_ID, FECHA_CAPTURA, OFERTA_ECONOMICA , NUM_OFERTA, OFERTA_GANADORA, USUARIO_ID, FACTURA_ID) values (1, '2020-11 16 13:08:29', 6011.9, 5564, 'G', 62, 41);
insert into OFERTA (OFERTA_ID, FECHA_CAPTURA, OFERTA_ECONOMICA , NUM_OFERTA, OFERTA_GANADORA, USUARIO_ID, FACTURA_ID) values (2, '2021 01 16 19:37:53', 4790.49, 5661, 'G', 78, 95);
insert into OFERTA (OFERTA_ID, FECHA_CAPTURA, OFERTA_ECONOMICA , NUM_OFERTA, OFERTA_GANADORA, USUARIO_ID, FACTURA_ID) values (3, '2021 01 11 02:15:19', 7259.49, 0346, 'G', 73, 85);
insert into OFERTA (OFERTA_ID, FECHA_CAPTURA, OFERTA_ECONOMICA , NUM_OFERTA, OFERTA_GANADORA, USUARIO_ID, FACTURA_ID) values (4, '2020 03 05 15:22:22', 1548.04, 6827, 'G', 92, 75);
insert into OFERTA (OFERTA_ID, FECHA_CAPTURA, OFERTA_ECONOMICA , NUM_OFERTA, OFERTA_GANADORA, USUARIO_ID, FACTURA_ID) values (5, '2020 07 15 15:48:57', 5649.88, 7771, 'G', 42, 57);
insert into OFERTA (OFERTA_ID, FECHA_CAPTURA, OFERTA_ECONOMICA , NUM_OFERTA, OFERTA_GANADORA, USUARIO_ID, FACTURA_ID) values (6, '2020 09 20 09:29:38', 6506.3, 7222, 'P', 68, 64);
insert into OFERTA (OFERTA_ID, FECHA_CAPTURA, OFERTA_ECONOMICA , NUM_OFERTA, OFERTA_GANADORA, USUARIO_ID, FACTURA_ID) values (7, '2020 05 18 15:55:26', 9567.25, 4519, 'P', 89, 38);
insert into OFERTA (OFERTA_ID, FECHA_CAPTURA, OFERTA_ECONOMICA , NUM_OFERTA, OFERTA_GANADORA, USUARIO_ID, FACTURA_ID) values (8, '2020 04 18 18:01:34', 6021.88, 8532, 'P', 42, 23);
insert into OFERTA (OFERTA_ID, FECHA_CAPTURA, OFERTA_ECONOMICA , NUM_OFERTA, OFERTA_GANADORA, USUARIO_ID, FACTURA_ID) values (9, '2020 02 15 01:13:46', 5341.6, 9007, 'P', 14, 17);
insert into OFERTA (OFERTA_ID, FECHA_CAPTURA, OFERTA_ECONOMICA , NUM_OFERTA, OFERTA_GANADORA, USUARIO_ID, FACTURA_ID) values (10, '2020 12 31 04:24:02', 4179.59, 2388, 'P', 32, 80);
insert into OFERTA (OFERTA_ID, FECHA_CAPTURA, OFERTA_ECONOMICA , NUM_OFERTA, OFERTA_GANADORA, USUARIO_ID, FACTURA_ID) values (11, '2020 10 22 12:47:01', 2057.48, 9327, 'P', 47, 72);
insert into OFERTA (OFERTA_ID, FECHA_CAPTURA, OFERTA_ECONOMICA , NUM_OFERTA, OFERTA_GANADORA, USUARIO_ID, FACTURA_ID) values (12, '2020 06 18 17:53:16', 6613.28, 445 , 'P', 97, 1);
insert into OFERTA (OFERTA_ID, FECHA_CAPTURA, OFERTA_ECONOMICA , NUM_OFERTA, OFERTA_GANADORA, USUARIO_ID, FACTURA_ID) values (13, '2020 08 03 22:29:12', 4775.96, 2515, 'P', 67, 69);
insert into OFERTA (OFERTA_ID, FECHA_CAPTURA, OFERTA_ECONOMICA , NUM_OFERTA, OFERTA_GANADORA, USUARIO_ID, FACTURA_ID) values (14, '2020 03 02 21:32:29', 3296.33, 9719, 'P', 44, 96);
insert into OFERTA (OFERTA_ID, FECHA_CAPTURA, OFERTA_ECONOMICA , NUM_OFERTA, OFERTA_GANADORA, USUARIO_ID, FACTURA_ID) values (15, '2020 03 23 17:12:56', 2184.96, 6269, 'P', 89, 93);
insert into OFERTA (OFERTA_ID, FECHA_CAPTURA, OFERTA_ECONOMICA , NUM_OFERTA, OFERTA_GANADORA, USUARIO_ID, FACTURA_ID) values (16, '2020 07 10 14:44:52', 6193.25, 5064, 'P', 69, 23);
insert into OFERTA (OFERTA_ID, FECHA_CAPTURA, OFERTA_ECONOMICA , NUM_OFERTA, OFERTA_GANADORA, USUARIO_ID, FACTURA_ID) values (17, '2020 04 27 13:30:35', 6173.15, 5143, 'P', 42, 74);
insert into OFERTA (OFERTA_ID, FECHA_CAPTURA, OFERTA_ECONOMICA , NUM_OFERTA, OFERTA_GANADORA, USUARIO_ID, FACTURA_ID) values (18, '2020 05 12 02:07:14', 5779.8, 3266, 'P', 20, 97);
insert into OFERTA (OFERTA_ID, FECHA_CAPTURA, OFERTA_ECONOMICA , NUM_OFERTA, OFERTA_GANADORA, USUARIO_ID, FACTURA_ID) values (19, '2020 12 09 10:42:48', 2155.17,997, 'P', 32, 2);
insert into OFERTA (OFERTA_ID, FECHA_CAPTURA, OFERTA_ECONOMICA , NUM_OFERTA, OFERTA_GANADORA, USUARIO_ID, FACTURA_ID) values (20, '2020 02 16 18:32:35', 1524.19, 2426, 'P', 51, 76);
insert into OFERTA (OFERTA_ID, FECHA_CAPTURA, OFERTA_ECONOMICA , NUM_OFERTA, OFERTA_GANADORA, USUARIO_ID, FACTURA_ID) values (21, '2020 03 10 13:11:22', 2542.58, 4337, 'P', 36, 52);
insert into OFERTA (OFERTA_ID, FECHA_CAPTURA, OFERTA_ECONOMICA , NUM_OFERTA, OFERTA_GANADORA, USUARIO_ID, FACTURA_ID) values (22, '2020 05 12 06:20:39', 3863.93, 2183, 'P', 64, 59);
insert into OFERTA (OFERTA_ID, FECHA_CAPTURA, OFERTA_ECONOMICA , NUM_OFERTA, OFERTA_GANADORA, USUARIO_ID, FACTURA_ID) values (23, '2020 03 31 17:40:20', 5968.83,230, 'P', 96, 3);
insert into OFERTA (OFERTA_ID, FECHA_CAPTURA, OFERTA_ECONOMICA , NUM_OFERTA, OFERTA_GANADORA, USUARIO_ID, FACTURA_ID) values (24, '2020 04 26 07:48:58', 7784.34, 4321, 'P', 13, 55);
insert into OFERTA (OFERTA_ID, FECHA_CAPTURA, OFERTA_ECONOMICA , NUM_OFERTA, OFERTA_GANADORA, USUARIO_ID, FACTURA_ID) values (25, '2020 03 13 06:26:18', 3853.76, 6997, 'P', 88, 60);
insert into OFERTA (OFERTA_ID, FECHA_CAPTURA, OFERTA_ECONOMICA , NUM_OFERTA, OFERTA_GANADORA, USUARIO_ID, FACTURA_ID) values (26, '2020 06 03 10:43:15', 7772.07, 2913, 'P', 11, 62);
insert into OFERTA (OFERTA_ID, FECHA_CAPTURA, OFERTA_ECONOMICA , NUM_OFERTA, OFERTA_GANADORA, USUARIO_ID, FACTURA_ID) values (27, '2020 11 09 03:36:40', 4397.07, 6625, 'G', 79, 55);
insert into OFERTA (OFERTA_ID, FECHA_CAPTURA, OFERTA_ECONOMICA , NUM_OFERTA, OFERTA_GANADORA, USUARIO_ID, FACTURA_ID) values (28, '2020 08 01 09:54:55', 3593.76, 1640, 'G', 32, 90);
insert into OFERTA (OFERTA_ID, FECHA_CAPTURA, OFERTA_ECONOMICA , NUM_OFERTA, OFERTA_GANADORA, USUARIO_ID, FACTURA_ID) values (29, '2020 12 08 16:37:02', 7081.93,501, 'G', 39, 8);
insert into OFERTA (OFERTA_ID, FECHA_CAPTURA, OFERTA_ECONOMICA , NUM_OFERTA, OFERTA_GANADORA, USUARIO_ID, FACTURA_ID) values (30, '2020 12 01 02:17:52', 7663.8, 5461, 'G', 84, 67);
insert into OFERTA (OFERTA_ID, FECHA_CAPTURA, OFERTA_ECONOMICA , NUM_OFERTA, OFERTA_GANADORA, USUARIO_ID, FACTURA_ID) values (31, '2020 05 13 12:34:19', 2090.25, 5598, 'G', 87, 59);
insert into OFERTA (OFERTA_ID, FECHA_CAPTURA, OFERTA_ECONOMICA , NUM_OFERTA, OFERTA_GANADORA, USUARIO_ID, FACTURA_ID) values (32, '2020 11 01 02:16:18', 1418.72, 6849, 'G', 83, 97);
insert into OFERTA (OFERTA_ID, FECHA_CAPTURA, OFERTA_ECONOMICA , NUM_OFERTA, OFERTA_GANADORA, USUARIO_ID, FACTURA_ID) values (33, '2020 08 10 04:50:27', 3524.94, 3149, 'G', 29, 22);
insert into OFERTA (OFERTA_ID, FECHA_CAPTURA, OFERTA_ECONOMICA , NUM_OFERTA, OFERTA_GANADORA, USUARIO_ID, FACTURA_ID) values (34, '2020 12 02 05:11:39', 5827.76, 2469, 'G', 24, 58);
insert into OFERTA (OFERTA_ID, FECHA_CAPTURA, OFERTA_ECONOMICA , NUM_OFERTA, OFERTA_GANADORA, USUARIO_ID, FACTURA_ID) values (35, '2020 11 16 00:26:02', 3638.85, 6809, 'G', 45, 87);
insert into OFERTA (OFERTA_ID, FECHA_CAPTURA, OFERTA_ECONOMICA , NUM_OFERTA, OFERTA_GANADORA, USUARIO_ID, FACTURA_ID) values (36, '2020 07 26 14:29:39', 2675.01, 7740, 'G', 97, 98);
insert into OFERTA (OFERTA_ID, FECHA_CAPTURA, OFERTA_ECONOMICA , NUM_OFERTA, OFERTA_GANADORA, USUARIO_ID, FACTURA_ID) values (37, '2020 09 05 14:53:51', 4295.39,588, 'G', 18, 9);
insert into OFERTA (OFERTA_ID, FECHA_CAPTURA, OFERTA_ECONOMICA , NUM_OFERTA, OFERTA_GANADORA, USUARIO_ID, FACTURA_ID) values (38, '2020 09 17 23:53:38', 6585.57,2, 'G', 46, 5);
insert into OFERTA (OFERTA_ID, FECHA_CAPTURA, OFERTA_ECONOMICA , NUM_OFERTA, OFERTA_GANADORA, USUARIO_ID, FACTURA_ID) values (39, '2020 06 09 17:24:39', 1176.2, 9585, 'P', 54, 89);
insert into OFERTA (OFERTA_ID, FECHA_CAPTURA, OFERTA_ECONOMICA , NUM_OFERTA, OFERTA_GANADORA, USUARIO_ID, FACTURA_ID) values (40, '2020 06 15 01:10:37', 6062.46, 6606, 'P', 35, 22);
insert into OFERTA (OFERTA_ID, FECHA_CAPTURA, OFERTA_ECONOMICA , NUM_OFERTA, OFERTA_GANADORA, USUARIO_ID, FACTURA_ID) values (41, '2020 07 18 21:09:25', 2502.93, 2211, 'P', 53, 80);
insert into OFERTA (OFERTA_ID, FECHA_CAPTURA, OFERTA_ECONOMICA , NUM_OFERTA, OFERTA_GANADORA, USUARIO_ID, FACTURA_ID) values (42, '2020 12 27 17:33:05', 6054.64, 0915, 'P', 55, 30);
insert into OFERTA (OFERTA_ID, FECHA_CAPTURA, OFERTA_ECONOMICA , NUM_OFERTA, OFERTA_GANADORA, USUARIO_ID, FACTURA_ID) values (43, '2020 05 27 12:21:46', 7634.76, 7615, 'P', 97, 32);
insert into OFERTA (OFERTA_ID, FECHA_CAPTURA, OFERTA_ECONOMICA , NUM_OFERTA, OFERTA_GANADORA, USUARIO_ID, FACTURA_ID) values (44, '2020 05 22 17:57:56', 2453.59, 8928, 'P', 25, 15);
insert into OFERTA (OFERTA_ID, FECHA_CAPTURA, OFERTA_ECONOMICA , NUM_OFERTA, OFERTA_GANADORA, USUARIO_ID, FACTURA_ID) values (45, '2020 12 14 21:04:30', 4402.51, 4166, 'P', 13, 55);
insert into OFERTA (OFERTA_ID, FECHA_CAPTURA, OFERTA_ECONOMICA , NUM_OFERTA, OFERTA_GANADORA, USUARIO_ID, FACTURA_ID) values (46, '2020 07 18 11:46:26', 3637.51,712, 'P', 5, 58);
insert into OFERTA (OFERTA_ID, FECHA_CAPTURA, OFERTA_ECONOMICA , NUM_OFERTA, OFERTA_GANADORA, USUARIO_ID, FACTURA_ID) values (47, '2020 05 19 22:53:39', 1602.7, 6338, 'P', 3, 100);
insert into OFERTA (OFERTA_ID, FECHA_CAPTURA, OFERTA_ECONOMICA , NUM_OFERTA, OFERTA_GANADORA, USUARIO_ID, FACTURA_ID) values (48, '2020 10 17 04:07:49', 5305.02,231, 'P', 23, 8);
insert into OFERTA (OFERTA_ID, FECHA_CAPTURA, OFERTA_ECONOMICA , NUM_OFERTA, OFERTA_GANADORA, USUARIO_ID, FACTURA_ID) values (49, '2020 05 15 19:21:44', 1947.93, 9413, 'P', 65, 46);
insert into OFERTA (OFERTA_ID, FECHA_CAPTURA, OFERTA_ECONOMICA , NUM_OFERTA, OFERTA_GANADORA, USUARIO_ID, FACTURA_ID) values (50, '2020 08 13 02:22:58', 3545.39, 3827, 'P', 67, 22);
insert into OFERTA (OFERTA_ID, FECHA_CAPTURA, OFERTA_ECONOMICA , NUM_OFERTA, OFERTA_GANADORA, USUARIO_ID, FACTURA_ID) values (51, '2020 02 24 22:13:28', 8098.48,711, 'P', 3, 52);
insert into OFERTA (OFERTA_ID, FECHA_CAPTURA, OFERTA_ECONOMICA , NUM_OFERTA, OFERTA_GANADORA, USUARIO_ID, FACTURA_ID) values (52, '2020 03 30 19:06:29', 1844.27, 1902, 'P', 22, 49);
insert into OFERTA (OFERTA_ID, FECHA_CAPTURA, OFERTA_ECONOMICA , NUM_OFERTA, OFERTA_GANADORA, USUARIO_ID, FACTURA_ID) values (53, '2020 12 29 11:42:22', 4336.31,70, 'P', 52, 7);
insert into OFERTA (OFERTA_ID, FECHA_CAPTURA, OFERTA_ECONOMICA , NUM_OFERTA, OFERTA_GANADORA, USUARIO_ID, FACTURA_ID) values (54, '2021 01 10 01:04:09', 9676.8, 950, 'P', 100, 46);
insert into OFERTA (OFERTA_ID, FECHA_CAPTURA, OFERTA_ECONOMICA , NUM_OFERTA, OFERTA_GANADORA, USUARIO_ID, FACTURA_ID) values (55, '2020 05 02 05:39:01', 9564.6, 3833, 'P', 32, 44);
insert into OFERTA (OFERTA_ID, FECHA_CAPTURA, OFERTA_ECONOMICA , NUM_OFERTA, OFERTA_GANADORA, USUARIO_ID, FACTURA_ID) values (56, '2020 07 21 13:09:52', 1764.38, 3801, 'P', 85, 24);
insert into OFERTA (OFERTA_ID, FECHA_CAPTURA, OFERTA_ECONOMICA , NUM_OFERTA, OFERTA_GANADORA, USUARIO_ID, FACTURA_ID) values (57, '2020 04 24 15:18:35', 1230.88, 8732, 'P', 70, 79);
insert into OFERTA (OFERTA_ID, FECHA_CAPTURA, OFERTA_ECONOMICA , NUM_OFERTA, OFERTA_GANADORA, USUARIO_ID, FACTURA_ID) values (58, '2020 06 16 20:16:11', 3942.23, 7946, 'P', 90, 75);
insert into OFERTA (OFERTA_ID, FECHA_CAPTURA, OFERTA_ECONOMICA , NUM_OFERTA, OFERTA_GANADORA, USUARIO_ID, FACTURA_ID) values (59, '2021 01 13 23:38:38', 2489.1,342, 'P', 20, 9);
insert into OFERTA (OFERTA_ID, FECHA_CAPTURA, OFERTA_ECONOMICA , NUM_OFERTA, OFERTA_GANADORA, USUARIO_ID, FACTURA_ID) values (60, '2020 09 01 13:44:16', 4883.49, 4115, 'P', 63, 10);
insert into OFERTA (OFERTA_ID, FECHA_CAPTURA, OFERTA_ECONOMICA , NUM_OFERTA, OFERTA_GANADORA, USUARIO_ID, FACTURA_ID) values (61, '2020 02 07 16:09:33', 9961.82, 0238, 'P', 80, 24);
insert into OFERTA (OFERTA_ID, FECHA_CAPTURA, OFERTA_ECONOMICA , NUM_OFERTA, OFERTA_GANADORA, USUARIO_ID, FACTURA_ID) values (62, '2020 12 13 05:46:31', 9553.75, 4798, 'P', 81, 32);
insert into OFERTA (OFERTA_ID, FECHA_CAPTURA, OFERTA_ECONOMICA , NUM_OFERTA, OFERTA_GANADORA, USUARIO_ID, FACTURA_ID) values (63, '2020 03 04 16:16:38', 8248.66, 8608, 'P', 80, 35);
insert into OFERTA (OFERTA_ID, FECHA_CAPTURA, OFERTA_ECONOMICA , NUM_OFERTA, OFERTA_GANADORA, USUARIO_ID, FACTURA_ID) values (64, '2020 04 05 12:34:36', 6245.07, 9766, 'P', 79, 28);
insert into OFERTA (OFERTA_ID, FECHA_CAPTURA, OFERTA_ECONOMICA , NUM_OFERTA, OFERTA_GANADORA, USUARIO_ID, FACTURA_ID) values (65, '2020 12 27 14:03:59', 5572.51, 2637, 'P', 79, 13);
insert into OFERTA (OFERTA_ID, FECHA_CAPTURA, OFERTA_ECONOMICA , NUM_OFERTA, OFERTA_GANADORA, USUARIO_ID, FACTURA_ID) values (66, '2020 03 10 00:59:06', 9634.36, 0474, 'G', 16, 59);
insert into OFERTA (OFERTA_ID, FECHA_CAPTURA, OFERTA_ECONOMICA , NUM_OFERTA, OFERTA_GANADORA, USUARIO_ID, FACTURA_ID) values (67, '2020 06 06 12:11:20', 4815.03, 0177, 'G', 75, 98);
insert into OFERTA (OFERTA_ID, FECHA_CAPTURA, OFERTA_ECONOMICA , NUM_OFERTA, OFERTA_GANADORA, USUARIO_ID, FACTURA_ID) values (68, '2020 03 12 13:05:13', 2143.06, 1381, 'G', 65, 33);
insert into OFERTA (OFERTA_ID, FECHA_CAPTURA, OFERTA_ECONOMICA , NUM_OFERTA, OFERTA_GANADORA, USUARIO_ID, FACTURA_ID) values (69, '2020 03 01 07:08:21', 3324.36, 4090, 'G', 91, 83);
insert into OFERTA (OFERTA_ID, FECHA_CAPTURA, OFERTA_ECONOMICA , NUM_OFERTA, OFERTA_GANADORA, USUARIO_ID, FACTURA_ID) values (70, '2020 03 26 02:32:05', 4336.14, 3091, 'G', 15, 98);
insert into OFERTA (OFERTA_ID, FECHA_CAPTURA, OFERTA_ECONOMICA , NUM_OFERTA, OFERTA_GANADORA, USUARIO_ID, FACTURA_ID) values (71, '2021 01 11 19:26:25', 8836.76,762, 'P', 14, 3);
insert into OFERTA (OFERTA_ID, FECHA_CAPTURA, OFERTA_ECONOMICA , NUM_OFERTA, OFERTA_GANADORA, USUARIO_ID, FACTURA_ID) values (72, '2020 02 09 16:03:53', 5442.01, 9144, 'P', 70, 50);
insert into OFERTA (OFERTA_ID, FECHA_CAPTURA, OFERTA_ECONOMICA , NUM_OFERTA, OFERTA_GANADORA, USUARIO_ID, FACTURA_ID) values (73, '2020 06 07 06:50:45', 7062.21, 8637, 'G', 57, 71);
insert into OFERTA (OFERTA_ID, FECHA_CAPTURA, OFERTA_ECONOMICA , NUM_OFERTA, OFERTA_GANADORA, USUARIO_ID, FACTURA_ID) values (74, '2020 05 28 13:58:27', 1646.16, 4722, 'G', 75, 37);
insert into OFERTA (OFERTA_ID, FECHA_CAPTURA, OFERTA_ECONOMICA , NUM_OFERTA, OFERTA_GANADORA, USUARIO_ID, FACTURA_ID) values (75, '2020 11 22 23:12:41', 5819.67, 7249, 'G', 55, 82);
insert into OFERTA (OFERTA_ID, FECHA_CAPTURA, OFERTA_ECONOMICA , NUM_OFERTA, OFERTA_GANADORA, USUARIO_ID, FACTURA_ID) values (76, '2020 11 13 11:50:31', 5991.72, 9763, 'P', 79, 24);
insert into OFERTA (OFERTA_ID, FECHA_CAPTURA, OFERTA_ECONOMICA , NUM_OFERTA, OFERTA_GANADORA, USUARIO_ID, FACTURA_ID) values (77, '2020 06 24 09:30:01', 7733.97, 7008, 'G', 10, 99);
insert into OFERTA (OFERTA_ID, FECHA_CAPTURA, OFERTA_ECONOMICA , NUM_OFERTA, OFERTA_GANADORA, USUARIO_ID, FACTURA_ID) values (78, '2021 01 26 15:30:38', 9887.28, 8038, 'G', 53, 67);
insert into OFERTA (OFERTA_ID, FECHA_CAPTURA, OFERTA_ECONOMICA , NUM_OFERTA, OFERTA_GANADORA, USUARIO_ID, FACTURA_ID) values (79, '2020 06 16 21:07:26', 3811.85, 4132, 'G', 54, 71);
insert into OFERTA (OFERTA_ID, FECHA_CAPTURA, OFERTA_ECONOMICA , NUM_OFERTA, OFERTA_GANADORA, USUARIO_ID, FACTURA_ID) values (80, '2021 01 14 15:09:43', 3002.96, 0987, 'G', 23, 11);
insert into OFERTA (OFERTA_ID, FECHA_CAPTURA, OFERTA_ECONOMICA , NUM_OFERTA, OFERTA_GANADORA, USUARIO_ID, FACTURA_ID) values (81, '2020 06 19 01:47:04', 8082.74, 3957, 'P', 50, 75);
insert into OFERTA (OFERTA_ID, FECHA_CAPTURA, OFERTA_ECONOMICA , NUM_OFERTA, OFERTA_GANADORA, USUARIO_ID, FACTURA_ID) values (82, '2020 12 24 20:18:41', 6889.62, 0348, 'G', 66, 11);
insert into OFERTA (OFERTA_ID, FECHA_CAPTURA, OFERTA_ECONOMICA , NUM_OFERTA, OFERTA_GANADORA, USUARIO_ID, FACTURA_ID) values (83, '2020 09 01 22:22:04', 3193.57, 7721, 'P', 39, 44);
insert into OFERTA (OFERTA_ID, FECHA_CAPTURA, OFERTA_ECONOMICA , NUM_OFERTA, OFERTA_GANADORA, USUARIO_ID, FACTURA_ID) values (84, '2020 04 28 13:35:33', 4595.33, 4540, 'G', 10, 54);
insert into OFERTA (OFERTA_ID, FECHA_CAPTURA, OFERTA_ECONOMICA , NUM_OFERTA, OFERTA_GANADORA, USUARIO_ID, FACTURA_ID) values (85, '2020 05 26 14:06:48', 3300.21, 3108, 'P', 77, 92);
insert into OFERTA (OFERTA_ID, FECHA_CAPTURA, OFERTA_ECONOMICA , NUM_OFERTA, OFERTA_GANADORA, USUARIO_ID, FACTURA_ID) values (86, '2020 10 17 21:43:27', 5449.15,314, 'G', 5, 94);
insert into OFERTA (OFERTA_ID, FECHA_CAPTURA, OFERTA_ECONOMICA , NUM_OFERTA, OFERTA_GANADORA, USUARIO_ID, FACTURA_ID) values (87, '2020 08 31 20:14:14', 8704.33,515, 'P', 5, 54);
insert into OFERTA (OFERTA_ID, FECHA_CAPTURA, OFERTA_ECONOMICA , NUM_OFERTA, OFERTA_GANADORA, USUARIO_ID, FACTURA_ID) values (88, '2020 02 22 00:52:16', 3568.31, 9788, 'P', 54, 94);
insert into OFERTA (OFERTA_ID, FECHA_CAPTURA, OFERTA_ECONOMICA , NUM_OFERTA, OFERTA_GANADORA, USUARIO_ID, FACTURA_ID) values (89, '2021 01 08 01:23:45', 6819.01, 7091, 'G', 44, 24);
insert into OFERTA (OFERTA_ID, FECHA_CAPTURA, OFERTA_ECONOMICA , NUM_OFERTA, OFERTA_GANADORA, USUARIO_ID, FACTURA_ID) values (90, '2020 03 25 23:49:46', 3001.38,251, 'P', 83, 7);
insert into OFERTA (OFERTA_ID, FECHA_CAPTURA, OFERTA_ECONOMICA , NUM_OFERTA, OFERTA_GANADORA, USUARIO_ID, FACTURA_ID) values (91, '2020 12 16 14:22:08', 2075.58, 0332, 'G', 49, 79);
insert into OFERTA (OFERTA_ID, FECHA_CAPTURA, OFERTA_ECONOMICA , NUM_OFERTA, OFERTA_GANADORA, USUARIO_ID, FACTURA_ID) values (92, '2020 08 31 08:30:50', 1830.8, 1640, 'P', 19, 64);
insert into OFERTA (OFERTA_ID, FECHA_CAPTURA, OFERTA_ECONOMICA , NUM_OFERTA, OFERTA_GANADORA, USUARIO_ID, FACTURA_ID) values (93, '2020 08 07 23:51:53', 9688.58, 0011, 'G', 88, 17);
insert into OFERTA (OFERTA_ID, FECHA_CAPTURA, OFERTA_ECONOMICA , NUM_OFERTA, OFERTA_GANADORA, USUARIO_ID, FACTURA_ID) values (94, '2020 04 14 13:15:15', 9785.29, 4573, 'G', 63, 59);
insert into OFERTA (OFERTA_ID, FECHA_CAPTURA, OFERTA_ECONOMICA , NUM_OFERTA, OFERTA_GANADORA, USUARIO_ID, FACTURA_ID) values (95, '2021 01 14 16:36:32', 2343.74,266, 'G', 8, 10);
insert into OFERTA (OFERTA_ID, FECHA_CAPTURA, OFERTA_ECONOMICA , NUM_OFERTA, OFERTA_GANADORA, USUARIO_ID, FACTURA_ID) values (96, '2020 07 22 01:16:59', 8446.29, 8137, 'P', 50, 54);
insert into OFERTA (OFERTA_ID, FECHA_CAPTURA, OFERTA_ECONOMICA , NUM_OFERTA, OFERTA_GANADORA, USUARIO_ID, FACTURA_ID) values (97, '2020 05 21 17:24:11', 6599.65, 7713, 'P', 33, 26);
insert into OFERTA (OFERTA_ID, FECHA_CAPTURA, OFERTA_ECONOMICA , NUM_OFERTA, OFERTA_GANADORA, USUARIO_ID, FACTURA_ID) values (98, '2020 10 26 09:36:33', 9236.95, 2630, 'P', 86, 45);
insert into OFERTA (OFERTA_ID, FECHA_CAPTURA, OFERTA_ECONOMICA , NUM_OFERTA, OFERTA_GANADORA, USUARIO_ID, FACTURA_ID) values (99, '2020 03 27 05:50:55', 7409.7, 1995, 'P', 85, 88);
insert into OFERTA (OFERTA_ID, FECHA_CAPTURA, OFERTA_ECONOMICA , NUM_OFERTA, OFERTA_GANADORA, USUARIO_ID, FACTURA_ID) values (100, '2020 02 16 21:43:43', 5957.05,279, 'G', 8, 19);
insert into OFERTA (OFERTA_ID, FECHA_CAPTURA, OFERTA_ECONOMICA , NUM_OFERTA, OFERTA_GANADORA, USUARIO_ID, FACTURA_ID) values (101, '2020 03 22 22:19:56', 8897.82,190, 'G', 80, 4);
insert into OFERTA (OFERTA_ID, FECHA_CAPTURA, OFERTA_ECONOMICA , NUM_OFERTA, OFERTA_GANADORA, USUARIO_ID, FACTURA_ID) values (102, '2020 02 07 12:11:15', 8088.29, 5062, 'G', 32, 30);
insert into OFERTA (OFERTA_ID, FECHA_CAPTURA, OFERTA_ECONOMICA , NUM_OFERTA, OFERTA_GANADORA, USUARIO_ID, FACTURA_ID) values (103, '2020 02 18 11:16:31', 9950.2, 8552, 'G', 27, 92);
insert into OFERTA (OFERTA_ID, FECHA_CAPTURA, OFERTA_ECONOMICA , NUM_OFERTA, OFERTA_GANADORA, USUARIO_ID, FACTURA_ID) values (104, '2020 05 26 18:42:54', 8933.97, 8127, 'G', 35, 18);
insert into OFERTA (OFERTA_ID, FECHA_CAPTURA, OFERTA_ECONOMICA , NUM_OFERTA, OFERTA_GANADORA, USUARIO_ID, FACTURA_ID) values (105, '2020 09 21 15:35:00', 7225.84, 4242, 'G', 11, 92);
insert into OFERTA (OFERTA_ID, FECHA_CAPTURA, OFERTA_ECONOMICA , NUM_OFERTA, OFERTA_GANADORA, USUARIO_ID, FACTURA_ID) values (106, '2020 11 28 06:03:04', 5999.6, 6343, 'G', 18, 97);
insert into OFERTA (OFERTA_ID, FECHA_CAPTURA, OFERTA_ECONOMICA , NUM_OFERTA, OFERTA_GANADORA, USUARIO_ID, FACTURA_ID) values (107, '2020 12 22 17:25:06', 5755.38, 787, 'G', 100, 79);
insert into OFERTA (OFERTA_ID, FECHA_CAPTURA, OFERTA_ECONOMICA , NUM_OFERTA, OFERTA_GANADORA, USUARIO_ID, FACTURA_ID) values (108, '2020 10 15 16:02:58', 2155.56, 3459, 'G', 31, 85);
insert into OFERTA (OFERTA_ID, FECHA_CAPTURA, OFERTA_ECONOMICA , NUM_OFERTA, OFERTA_GANADORA, USUARIO_ID, FACTURA_ID) values (109, '2020 09 19 22:54:14', 2808.54, 6663, 'P', 83, 74);
insert into OFERTA (OFERTA_ID, FECHA_CAPTURA, OFERTA_ECONOMICA , NUM_OFERTA, OFERTA_GANADORA, USUARIO_ID, FACTURA_ID) values (110, '2020 09 11 10:47:46', 3183.7, 3502, 'P', 81, 86);
insert into OFERTA (OFERTA_ID, FECHA_CAPTURA, OFERTA_ECONOMICA , NUM_OFERTA, OFERTA_GANADORA, USUARIO_ID, FACTURA_ID) values (111, '2020 09 16 18:34:08', 4063.91, 3657, 'P', 37, 12);
insert into OFERTA (OFERTA_ID, FECHA_CAPTURA, OFERTA_ECONOMICA , NUM_OFERTA, OFERTA_GANADORA, USUARIO_ID, FACTURA_ID) values (112, '2020 07 27 12:42:59', 9428.38, 6053, 'G', 19, 43);
insert into OFERTA (OFERTA_ID, FECHA_CAPTURA, OFERTA_ECONOMICA , NUM_OFERTA, OFERTA_GANADORA, USUARIO_ID, FACTURA_ID) values (113, '2020 02 17 18:29:45', 6265.98,209, 'G', 24, 5);
insert into OFERTA (OFERTA_ID, FECHA_CAPTURA, OFERTA_ECONOMICA , NUM_OFERTA, OFERTA_GANADORA, USUARIO_ID, FACTURA_ID) values (114, '2020 08 23 09:42:48', 6740.91, 7094, 'G', 91, 18);
insert into OFERTA (OFERTA_ID, FECHA_CAPTURA, OFERTA_ECONOMICA , NUM_OFERTA, OFERTA_GANADORA, USUARIO_ID, FACTURA_ID) values (115, '2020 12 16 13:56:50', 5571.08, 6020, 'G', 38, 44);
insert into OFERTA (OFERTA_ID, FECHA_CAPTURA, OFERTA_ECONOMICA , NUM_OFERTA, OFERTA_GANADORA, USUARIO_ID, FACTURA_ID) values (116, '2021 01 17 17:50:04', 3984.38,289, 'G', 44, 6);
insert into OFERTA (OFERTA_ID, FECHA_CAPTURA, OFERTA_ECONOMICA , NUM_OFERTA, OFERTA_GANADORA, USUARIO_ID, FACTURA_ID) values (117, '2021 01 19 23:24:07', 8047.08, 8654, 'G', 38, 75);
insert into OFERTA (OFERTA_ID, FECHA_CAPTURA, OFERTA_ECONOMICA , NUM_OFERTA, OFERTA_GANADORA, USUARIO_ID, FACTURA_ID) values (118, '2020 07 14 18:07:21', 6679.21, 5197, 'P', 93, 10);
insert into OFERTA (OFERTA_ID, FECHA_CAPTURA, OFERTA_ECONOMICA , NUM_OFERTA, OFERTA_GANADORA, USUARIO_ID, FACTURA_ID) values (119, '2020 08 23 12:07:37', 8140.43, 7345, 'P', 63, 71);
insert into OFERTA (OFERTA_ID, FECHA_CAPTURA, OFERTA_ECONOMICA , NUM_OFERTA, OFERTA_GANADORA, USUARIO_ID, FACTURA_ID) values (120, '2020 08 24 20:59:57', 6845.01,156, 'P', 1, 31);
insert into OFERTA (OFERTA_ID, FECHA_CAPTURA, OFERTA_ECONOMICA , NUM_OFERTA, OFERTA_GANADORA, USUARIO_ID, FACTURA_ID) values (121, '2020 03 12 10:22:31', 4166.65, 5854, 'P', 39, 17);
insert into OFERTA (OFERTA_ID, FECHA_CAPTURA, OFERTA_ECONOMICA , NUM_OFERTA, OFERTA_GANADORA, USUARIO_ID, FACTURA_ID) values (122, '2020 10 15 06:46:44', 5232.84, 4629, 'P', 14, 29);
insert into OFERTA (OFERTA_ID, FECHA_CAPTURA, OFERTA_ECONOMICA , NUM_OFERTA, OFERTA_GANADORA, USUARIO_ID, FACTURA_ID) values (123, '2020 05 14 09:07:54', 2674.32, 5737, 'P', 36, 88);
insert into OFERTA (OFERTA_ID, FECHA_CAPTURA, OFERTA_ECONOMICA , NUM_OFERTA, OFERTA_GANADORA, USUARIO_ID, FACTURA_ID) values (124, '2020 11 30 21:26:38', 7510.29, 6585, 'P', 49, 89);
insert into OFERTA (OFERTA_ID, FECHA_CAPTURA, OFERTA_ECONOMICA , NUM_OFERTA, OFERTA_GANADORA, USUARIO_ID, FACTURA_ID) values (125, '2021 01 13 14:58:34', 5565.21, 4963, 'P', 30, 97);
insert into OFERTA (OFERTA_ID, FECHA_CAPTURA, OFERTA_ECONOMICA , NUM_OFERTA, OFERTA_GANADORA, USUARIO_ID, FACTURA_ID) values (126, '2020 10 29 09:59:38', 2218.28, 9896, 'P', 29, 18);
insert into OFERTA (OFERTA_ID, FECHA_CAPTURA, OFERTA_ECONOMICA , NUM_OFERTA, OFERTA_GANADORA, USUARIO_ID, FACTURA_ID) values (127, '2020 11 13 21:03:19', 9852.25, 6829, 'P', 25, 61);
insert into OFERTA (OFERTA_ID, FECHA_CAPTURA, OFERTA_ECONOMICA , NUM_OFERTA, OFERTA_GANADORA, USUARIO_ID, FACTURA_ID) values (128, '2021 01 07 15:45:31', 9658.11, 3798, 'P', 33, 79);
insert into OFERTA (OFERTA_ID, FECHA_CAPTURA, OFERTA_ECONOMICA , NUM_OFERTA, OFERTA_GANADORA, USUARIO_ID, FACTURA_ID) values (129, '2020 12 09 12:30:06', 4940.61, 0492, 'P', 68, 65);
insert into OFERTA (OFERTA_ID, FECHA_CAPTURA, OFERTA_ECONOMICA , NUM_OFERTA, OFERTA_GANADORA, USUARIO_ID, FACTURA_ID) values (130, '2020 08 25 09:10:17', 6166.02, 0406, 'P', 20, 54);
insert into OFERTA (OFERTA_ID, FECHA_CAPTURA, OFERTA_ECONOMICA , NUM_OFERTA, OFERTA_GANADORA, USUARIO_ID, FACTURA_ID) values (131, '2020 09 29 07:20:30', 7169.72, 6777, 'P', 31, 80);
insert into OFERTA (OFERTA_ID, FECHA_CAPTURA, OFERTA_ECONOMICA , NUM_OFERTA, OFERTA_GANADORA, USUARIO_ID, FACTURA_ID) values (132, '2020 05 03 05:18:06', 2331.5, 1089, 'P', 27, 75);
alter table OFERTA logging;